"area","month","date","q5_target","q5_model","q10_target","q10_model","q5y5y_ngmmr","q5y5y_gaussian_proxy","q5y5y_hrr_proxy"
"US",1,2011-01-01,0.162867622841218,0.161227274552575,0.27159861445829,0.273528288991264,0.472874780776524,0.42107763017297,0.11472504672076
"US",2,2011-02-01,0.216849021066603,0.217076479985514,0.30924893162019,0.310346343362237,0.438976562220129,0.42682983751584,0.10608057682677
"US",3,2011-03-01,0.240742370469539,0.24251351062764,0.303170236374048,0.303644888894783,0.417237797131725,0.412150025216689,0.100573089882865
"US",4,2011-04-01,0.247097894311529,0.253243665048657,0.305496127007492,0.308301492187986,0.43793093072107,0.405014332578516,0.0817118294596024
"US",5,2011-05-01,0.335803526081697,0.338229615093173,0.308018290752856,0.307521275406845,0.307560848127254,0.370303799891006,0.0991326651592308
"US",6,2011-06-01,0.175915624620748,0.176692458172497,0.264426969089354,0.264645347602508,0.377549710689456,0.402990075691192,0.0844974120902253
"US",7,2011-07-01,0.164633167005319,0.16642488239988,0.275668722700238,0.275361890010141,0.413729737454128,0.42875952658027,0.0848180128661661
"US",8,2011-08-01,0.191675529422331,0.192421479357758,0.284608620882727,0.28486197205575,0.4034654046353,0.419678708206119,0.0881344125088851
"US",9,2011-09-01,0.130757341098488,0.133117096442318,0.232954799467836,0.232380491412111,0.373430615750313,0.398365980067711,0.0732070268445011
"US",10,2011-10-01,0.104310869401068,0.106188687450652,0.169516746801658,0.169042374058212,0.324570366574323,0.353790716125276,0.0587565406974161
"US",11,2011-11-01,0.142172622239514,0.147679003986326,0.198523664076317,0.200819743927689,0.379861992322196,0.369469973610769,0.069478288564373
"US",12,2011-12-01,0.174359791819914,0.174911503793414,0.212486243105569,0.21285090283858,0.346685985416412,0.365622016259334,0.0779489395892731
"US",13,2012-01-01,0.150307215812047,0.150104119060272,0.181966739192206,0.182143061498828,0.341477264915347,0.364293982346515,0.074317637082323
"US",14,2012-02-01,0.154359537428287,0.153555565323464,0.225343693170956,0.226190847430558,0.342613666245886,0.386762562968803,0.0855764287383134
"US",15,2012-03-01,0.193076404206016,0.194062639211948,0.241191593690894,0.241259818102894,0.370247880687947,0.39169890632611,0.0910944457648102
"US",16,2012-04-01,0.183928079317336,0.184232988034642,0.235724458335751,0.235806483136231,0.371294240859247,0.396515327096463,0.0924430381010869
"US",17,2012-05-01,0.16995339612982,0.173424579590232,0.224675247737822,0.222874693814584,0.381353414964156,0.38694980665032,0.106913606241969
"US",18,2012-06-01,0.129677111849198,0.132521509397386,0.184123518328625,0.182689568885911,0.319613039043059,0.377237223888669,0.0940300727021587
"US",19,2012-07-01,0.125115912720202,0.125153871025901,0.179568670121117,0.179295356491947,0.324267770589004,0.378203812751814,0.0948955697947096
"US",20,2012-08-01,0.141090653131778,0.144114227699397,0.193879180835666,0.191971218905915,0.343398871217802,0.379213153446952,0.101466512051339
"US",21,2012-09-01,0.147274069326817,0.146531645668542,0.194810629896232,0.194858862085407,0.337523451696427,0.376084233192803,0.107057259849678
"US",22,2012-10-01,0.167861287363097,0.167049533758934,0.226229745019095,0.226189344266239,0.376856277189472,0.399969178116044,0.0989004516816693
"US",23,2012-11-01,0.166894063622765,0.165106654843486,0.246896239800704,0.247582933544063,0.400974490470426,0.418582472709221,0.117539633295225
"US",24,2012-12-01,0.146808447077221,0.14744264790541,0.24634137214554,0.247156006347927,0.413708750219293,0.416551865354023,0.117977412783951
"US",25,2013-01-01,0.152232207316381,0.148669387216769,0.251002868444085,0.253334862346889,0.432138415617006,0.412908936330307,0.118698526768593
"US",26,2013-02-01,0.166143682139264,0.162691994504966,0.263550900010769,0.266518743728112,0.447924369133043,0.410410225720993,0.125583893040668
"US",27,2013-03-01,0.144696657747215,0.141773061140775,0.25170969607984,0.254161956643545,0.441895172726805,0.411528674090711,0.118001874860213
"US",28,2013-04-01,0.158201107263567,0.155050005696068,0.254956318902577,0.257648451962777,0.440351439081808,0.402948863043888,0.122078824303067
"US",29,2013-05-01,0.101467273280308,0.099894879694796,0.208857611372427,0.209606021474909,0.385817784408518,0.398664402145571,0.0921014342642633
"US",30,2013-06-01,0.0986126784590146,0.0967604514165432,0.197194474139734,0.198088029461256,0.371796918510455,0.387709067915875,0.0894067758864124
"US",31,2013-07-01,0.0943409944168132,0.0926470037491758,0.199684004362285,0.200710677576413,0.370012485870615,0.380956380014975,0.0839896701618606
"US",32,2013-08-01,0.10741965807429,0.105141739456597,0.218301317874843,0.219893881457672,0.401784538512333,0.391347939641323,0.0969728270400872
"US",33,2013-09-01,0.0758469281432146,0.0738392853441337,0.16466229737168,0.165463588927541,0.336217220508518,0.36821661415931,0.0812607854240628
"US",34,2013-10-01,0.0878571994651434,0.0892722941391528,0.181373451896251,0.17995537071711,0.449637683386322,0.394464312591006,0.114216870458929
"US",35,2013-11-01,0.0778670336831462,0.0765637076295902,0.159345990600323,0.159474879875068,0.330670539351803,0.378644969873871,0.0832732155715246
"US",36,2013-12-01,0.0751590390594353,0.0742678249667148,0.160018205384704,0.159961833122988,0.328336163542064,0.384004508957403,0.0831901884275938
"US",37,2014-01-01,0.0850460306477383,0.0837064954586605,0.179630191440311,0.179876527578009,0.366752597390935,0.396740422948673,0.0944781100666745
"US",38,2014-02-01,0.0821425996203072,0.0808168924385867,0.166338592089164,0.166570244940622,0.346236317730879,0.38170210907923,0.0880526083914925
"US",39,2014-03-01,0.0789122332594638,0.0774691381415285,0.158484278574812,0.158760604671205,0.338260689641339,0.376033327180979,0.0867097097484974
"US",40,2014-04-01,0.070475573854111,0.0693160731543996,0.146455853424624,0.146434835881365,0.31708343513876,0.371364482364558,0.0810082229508723
"US",41,2014-05-01,0.0710619924082742,0.0706682251000523,0.13546296364286,0.13392640723956,0.223479877952093,0.362500139422805,0.0487063855161375
"US",42,2014-06-01,0.0678099836209926,0.0673983088705588,0.142329894105639,0.140789005281962,0.235496926712213,0.369819972136255,0.0495732127286605
"US",43,2014-07-01,0.0643391884303491,0.0623151970345612,0.148836507327984,0.150052938377624,0.348777899354186,0.373394928749864,0.094364889431712
"US",44,2014-08-01,0.0494387635418478,0.0479969585887429,0.136634559158007,0.135855889436151,0.426519522107007,0.371490313200944,0.0915987465618533
"US",45,2014-09-01,0.0426725974992337,0.0381029415628478,0.11236745259407,0.112859621070124,0.32193209992833,0.356805788865835,0.0806298567123786
"US",46,2014-10-01,0.0351364747133638,0.0324652590348116,0.0825192696222601,0.0835957462275442,0.24082961972051,0.318146724888166,0.057969121975341
"US",47,2014-11-01,0.0331204391228858,0.0311043009227589,0.0806929642081196,0.0811570512425105,0.233295375554668,0.316995733560518,0.0523955610516055
"US",48,2014-12-01,0.0277477282000862,0.0281988297751913,0.0684637325597559,0.069197679617532,0.348001587864867,0.297870018603847,0.0538486157717058
"US",49,2015-01-01,0.0210913863723005,0.0218003040018177,0.0526494676916602,0.0504320166009393,0.311565789866365,0.279284465278012,0.0870758854668775
"US",50,2015-02-01,0.0222319045190432,0.0211278560839289,0.0474178523469195,0.0277261926131153,0.243779081560372,0.239329375795232,0.0836105449053745
"US",51,2015-03-01,0.0304616454851565,0.0308481625906195,0.0621400415047079,0.0562717682560096,0.336483593716158,0.270161882574561,0.110246633090298
"US",52,2015-04-01,0.0349446751130754,0.0346040795508192,0.074465042876802,0.054086157097289,0.297005756915373,0.274780673703245,0.113977784818831
"US",53,2015-05-01,0.0503471629503621,0.0451739613393806,0.0897524518906236,0.0770947049893171,0.310111835272567,0.293464178232855,0.129882387994489
"US",54,2015-06-01,0.0459644863636459,0.0465471419242732,0.0818154090324683,0.0827549097852445,0.25375092425741,0.287835556596111,0.0564716779414123
"US",55,2015-07-01,0.0543711023759427,0.0552433929864765,0.0969253550268883,0.0961329050099126,0.262182830160086,0.312975074771011,0.0701849644996883
"US",56,2015-08-01,0.0373378167553595,0.0387330251419444,0.0626560637688613,0.061221408799956,0.225543408699389,0.278617360000533,0.0452953369382139
"US",57,2015-09-01,0.0339957523535788,0.0327784410111461,0.0565642071465943,0.0446502687436343,0.282240298592025,0.264865782154759,0.076636468270823
"US",58,2015-10-01,0.0333619282868678,0.0338442357449205,0.0496818694137279,0.0479807284288909,0.193427428832497,0.24607406487702,0.0352365899411347
"US",59,2015-11-01,0.0344948765127628,0.0354378820406521,0.050487965246743,0.0487422441192257,0.203960704436531,0.254003291098787,0.0396365859590846
"US",60,2015-12-01,0.0403342403793556,0.0410259607335271,0.0567298040878959,0.0567551236861149,0.191621458150803,0.260630437811118,0.0466341743065993
"US",61,2016-01-01,0.0389855925105286,0.0391217042491078,0.0520835560439827,0.0514543394322689,0.139441699769006,0.252407350750353,0.0320174802043821
"US",62,2016-02-01,0.0257712255839265,0.0222470863169296,0.0340448509562314,0.0328176739888025,0.160142918886397,0.2091024000002,0.0197765815099075
"US",63,2016-03-01,0.0201453801728155,0.0208153521216863,0.0318595133194125,0.0327316651577133,0.143398580775119,0.202676018262271,0.029699561258793
"US",64,2016-04-01,0.0245946385129245,0.0235025618011407,0.0394598130016948,0.0401091437481903,0.122792982394797,0.220735925030941,0.0282798841490217
"US",65,2016-05-01,0.0260215038132761,0.0247185232023995,0.0423111957016016,0.0431544737552483,0.132198837540555,0.226508997358369,0.0310656780618298
"US",66,2016-06-01,0.023417500868273,0.0239512656665483,0.0353962622551658,0.0368962548547649,0.169077710408482,0.208682042477517,0.0377299105278113
"US",67,2016-07-01,0.0222290464910033,0.0227850390454931,0.0292147179493849,0.0287848643304069,0.140215819089222,0.183634160644312,0.0310805697745133
"US",68,2016-08-01,0.0179553023582925,0.0171404665047188,0.0267288802837734,0.0266881466362602,0.0868083570956328,0.189451624511968,0.0155646744805403
"US",69,2016-09-01,0.0184106373897015,0.0177236298213643,0.0275809745501349,0.02752326358235,0.088434583455643,0.192047657558417,0.0161202199101145
"US",70,2016-10-01,0.0260763834508507,0.0250918141662414,0.0391442073425221,0.0400303417608048,0.123165766954403,0.214179122906689,0.0287534687297324
"US",71,2016-11-01,0.0321087350779666,0.0308216882825604,0.049596627690912,0.0508222129983215,0.154041646416229,0.23578531929828,0.0412608198608147
"US",72,2016-12-01,0.044366268259702,0.0435395162319239,0.080855646963989,0.080450946910531,0.26017091229016,0.294300684770619,0.0300197712341999
"US",73,2017-01-01,0.0502720032443048,0.0481068779818208,0.083266401690121,0.0832926028943449,0.240712954036638,0.286133853800117,0.0305117442892095
"US",74,2017-02-01,0.0559266928153304,0.0545675913192676,0.085544243834229,0.0857921431822524,0.185491870120742,0.281431664883262,0.0315014742971096
"US",75,2017-03-01,0.0503169640142763,0.0477650663121953,0.0784733721872194,0.0792991503293172,0.267864323345444,0.275545289352006,0.0288581305008489
"US",76,2017-04-01,0.0440726859421966,0.0438789329823417,0.0711575094394045,0.0699670469856209,0.184002896828149,0.272045370054525,0.0266485654175825
"US",77,2017-05-01,0.0381164772377172,0.036732464616945,0.0653583203084337,0.0663860305700299,0.198675884410682,0.271600793834569,0.0571968187179979
"US",78,2017-06-01,0.0236144135631409,0.0239716170383485,0.0477327243518112,0.0501050656003011,0.182186244170008,0.239633956044645,0.0474554988091224
"US",79,2017-07-01,0.0209934658146151,0.0179175098246098,0.0388008150306793,0.0433755303771824,0.147143602773744,0.226837233159053,0.044599621760482
"US",80,2017-08-01,0.0200828277184268,0.02611591651035,0.0378361852813541,0.0388656031154687,0.227947801818686,0.229534832315264,0.0463925830930386
"US",81,2017-09-01,0.0194018907725633,0.0208038684130631,0.0373202720321676,0.0370291404024919,0.157809793869004,0.228675340504594,0.0166826832977684
"US",82,2017-10-01,0.0218241078804606,0.0218567446552848,0.0402954393171737,0.0404305749162621,0.172314137782252,0.232420089905572,0.016256181827168
"US",83,2017-11-01,0.022359890429965,0.0221618295659182,0.0410653609466296,0.0401387345911995,0.119337331008567,0.235648467466885,0.0164730001501803
"US",84,2017-12-01,0.0205116452412508,0.0220811813232845,0.035400421988535,0.0351726291531874,0.167494655619635,0.22430891468763,0.0161732839621308
"US",85,2018-01-01,0.0230308845762854,0.0229140221162127,0.0402845882162685,0.0402711146151689,0.169066123978669,0.233873228419161,0.0170777984569609
"US",86,2018-02-01,0.0233921070322265,0.0232123287943797,0.0474696428376358,0.0472197783880905,0.184012357848357,0.262129752869543,0.0175712388551892
"US",87,2018-03-01,0.0259559079330306,0.0257619899828436,0.0485344012099068,0.0478906606152206,0.15061463379651,0.263452893198456,0.0174674877530479
"US",88,2018-04-01,0.0256223171654971,0.0250566991603748,0.051227284372465,0.0505958263762246,0.193881083917646,0.27151420515749,0.0177907327325538
"US",89,2018-05-01,0.0224195352006402,0.0223369592905535,0.0494046467474795,0.0487267782191302,0.197430435957454,0.27338188624122,0.0173521553213495
"US",90,2018-06-01,0.0246899654415501,0.0126184674746983,0.0473342919997756,0.0537431589934431,0.0705128595852862,0.264587579093348,0.0169574829849837
"US",91,2018-07-01,0.0247922848778357,0.0251781980771809,0.0476594308047417,0.0476173366400586,0.14379209675915,0.258729143547619,0.0184362003363402
"US",92,2018-08-01,0.0226813442388756,0.0227443052529373,0.0447681801822832,0.0458750147611307,0.324601053303397,0.256862743094943,0.0196087680724875
"US",93,2018-09-01,0.0214884240069075,0.0191710085243596,0.0426067812528358,0.0434261757824148,0.054758667285814,0.256546647858112,0.0191453530486739
"US",94,2018-10-01,0.0256230423717,0.0183567176762162,0.0488962023725076,0.0506053455730371,0.141405186704909,0.259111860097667,0.0174948730022887
"US",95,2018-11-01,0.0175506368756977,0.0181215633525213,0.0349892671983449,0.0341307142249008,0.161563725534567,0.238227587402072,0.0134223977350583
"US",96,2018-12-01,0.0151643901469796,0.0105175338036502,0.0304796865242368,0.0343944203685493,0.181265173785413,0.230695663376367,0.0589237985860167
"US",97,2019-01-01,0.00918991502990152,0.00088380326412775,0.0150617174132976,6.51719821328751e-05,0.0528153246846425,0.167464044495949,0.0216518878583585
"US",98,2019-02-01,0.0127057735140167,0.00806113934881143,0.0226150441117767,0.0284828595913623,0.192911204464992,0.207554333920143,0.0479105733944706
"US",99,2019-03-01,0.0134749869800261,0.00199473856322294,0.0247543872142778,0.0288053213321508,0.0511348676735121,0.219462328640335,0.0525847215138331
"US",100,2019-04-01,0.0129004373961153,0.0083043054577552,0.0224321925250052,0.0274696689630259,0.14628015685151,0.205153340519226,0.0475307704444081
"US",101,2019-05-01,0.0125029527714634,0.00611138677803449,0.0224352280390293,0.0254732491575712,0.232356597427157,0.20301825386977,0.0451685303425983
"US",102,2019-06-01,0.0101462737906293,0.00272552190229798,0.0158390847181802,0.0181244039372889,0.127335752929425,0.166939429536188,0.0258813112062365
"US",103,2019-07-01,0.00968408701940071,3.10276098559294e-10,0.0140460207847358,7.18511100209091e-06,0.0559159323252391,0.149972923371869,0.0216273164014268
"US",104,2019-08-01,0.0091096945182314,0.00852271800238603,0.0132038808136717,0.0141496395354312,0.136852834505408,0.146585555893021,0.0178810043207008
"US",105,2019-09-01,0.00766635399933047,0.00466950943147926,0.0108427560875081,0.0125807835965137,0.0781777348362241,0.141326130883921,0.00925963593806022
"US",106,2019-10-01,0.00586414704383043,0.0100999956978939,0.00837275709416707,0.00490559410228352,0.0627398530953539,0.127994101532894,0.00369776629055084
"US",107,2019-11-01,0.00811483819123082,0.00378715971444908,0.0125375533396757,0.0148802996677863,0.0209144699184955,0.143100238590765,0.0143173458365337
"US",108,2019-12-01,0.0088361147762066,0.00378362425604115,0.013727668099406,0.0156022411703082,0.0226483846722481,0.149872636493769,0.0142876950265772
"US",109,2020-01-01,0.00961494636136473,0.00600444325221614,0.014678926567811,0.0154217783792679,0.142000599768649,0.150785936545659,0.0117886871192805
"US",110,2020-02-01,0.00726879655176971,0.00388101378054184,0.0112339789708825,0.0113838991547048,0.124325042928197,0.132939337508009,0.0165487751938777
"US",111,2020-03-01,0.00552261909062968,9.18960249563955e-75,0.00769823559469962,9.0207410843544e-190,0.0255952052990983,0.136386496352725,0.00277025961543547
"US",112,2020-04-01,0.00429605196059379,2.52651646168835e-10,0.00602984468902434,4.65686742711755e-08,0.0665757396981438,0.0921369144273594,0.00529640178810895
"US",113,2020-05-01,0.00624848011644419,7.28175758768174e-06,0.00935751661543938,0.00569348744664863,0.112397246683941,0.118740096519816,0.00583905314452904
"US",114,2020-06-01,0.00820284821593431,3.23416059393944e-23,0.0112089791009082,4.21498239722113e-16,0.118731657696576,0.141529782471779,0.00470923327272716
"US",115,2020-07-01,0.013676629737568,0.0173476511007132,0.0189018071933904,0.0129254088067642,0.0913865477751052,0.148060780323134,0.0145920029051654
"US",116,2020-08-01,0.0225977284066183,0.0219997119478631,0.0243111221606959,0.0241747263109968,0.0680368940031074,0.154579897206842,0.0212868167856628
"US",117,2020-09-01,0.026238013827139,0.0262872112728252,0.0298624191306505,0.0289202679584249,0.0937005646048881,0.174969227944311,0.0355063857907567
"US",118,2020-10-01,0.0237721238982557,0.0228942809334111,0.036456323413538,0.0365769099882129,0.0918073028004671,0.188428499463063,0.0184016761015099
"US",119,2020-11-01,0.0250751444303519,0.0242692753888577,0.040617456784654,0.039811396694335,0.101847024793426,0.207234977019259,0.0239942189925603
"US",120,2020-12-01,0.0285017953094674,0.0280189516213561,0.0465357146951927,0.0462733205091301,0.114757565758813,0.220030385990103,0.032260060994474
"US",121,2021-01-01,0.0384106959006656,0.0376330081725026,0.0564813871894947,0.0567138646896988,0.125295574162055,0.221705510638243,0.0501376248744146
"US",122,2021-02-01,0.050686542966276,0.0532933042756151,0.0659724020836628,0.0589264240729595,0.261879749490164,0.23481567520011,0.0681539235428553
"US",123,2021-03-01,0.0239769827568126,0.0246414729796407,0.0333715769341908,0.0319318273198112,0.134651704437932,0.199792960959468,0.0154991134842427
"US",124,2021-04-01,0.0819566621928162,0.0836962698064097,0.0786852954444267,0.0779021923637461,0.167764776310817,0.236129563775473,0.0117621266042548
"US",125,2021-05-01,0.123623135866807,0.125084441506672,0.0919267942424395,0.0930841222166142,0.115908042771834,0.243607702466627,0.016553981128709
"US",126,2021-06-01,0.103072114176327,0.0945523612099996,0.0891853778424836,0.0943606081906228,0.379057854688105,0.24655447518605,0.0521006616566498
"US",127,2021-07-01,0.0960973780829446,0.106065652834154,0.0811548614062488,0.0712532548040346,0.196166514299952,0.226414797010997,0.042505029408412
"US",128,2021-08-01,0.100901960820043,0.104412023751969,0.0814076590784741,0.074572551335481,0.106696219236335,0.224448692090666,0.0376055046948882
"US",129,2021-09-01,0.148794993251066,0.146073768467438,0.0941210148158458,0.0927496836288065,0.142239061181818,0.24096409951538,0.0323034179159712
"US",130,2021-10-01,0.110132930472718,0.101097555991755,0.0917348973014379,0.0969441665904683,0.380519112165047,0.24594404643367,0.0548370842453703
"US",131,2021-11-01,0.275572427399252,0.274120953193256,0.144633060653976,0.137788468253465,0.220006817522799,0.27860996955302,0.0792238452479614
"US",132,2021-12-01,0.212781495231367,0.208815374185476,0.129064882172934,0.126072181104117,0.210037730500807,0.275028453038096,0.0775315867152995
"US",133,2022-01-01,0.238521015534269,0.23797107719675,0.151797220251753,0.143634482645532,0.109692128866809,0.289624175574162,0.0699703857271576
"US",134,2022-02-01,0.165458939389522,0.164722654790805,0.108268920527126,0.104167034679913,0.185305617901681,0.248003667842124,0.0454194141331697
"US",135,2022-03-01,0.44072622346298,0.44297462933753,0.231381882497294,0.226837585809499,0.15102574392872,0.31996178979668,0.12621869868349
"US",136,2022-04-01,0.396723757685577,0.401154004702556,0.232032724806616,0.224941106974562,0.185499466193877,0.319491292276084,0.128836569935489
"US",137,2022-05-01,0.401819430906085,0.40438203017479,0.220188283775663,0.216713464921979,0.181817342396654,0.317313118802779,0.144343051281896
"US",138,2022-06-01,0.367885734815652,0.370700320398943,0.205656665189476,0.203206163592499,0.153274128610334,0.316508813978444,0.122899826888436
"US",139,2022-07-01,0.163907581356365,0.16425212048548,0.116578810169207,0.111727872912097,0.189452709591574,0.260343061388965,0.0646482851426558
"US",140,2022-08-01,0.220814212126135,0.220901930615929,0.132828414673257,0.129314009608138,0.256656654933818,0.278507920360284,0.0699250928551044
"US",141,2022-09-01,0.18691456295032,0.187596737033458,0.119149898336239,0.114681456903963,0.146759572473914,0.267910464785481,0.050673739387235
"US",142,2022-10-01,0.116269795037906,0.115353797950351,0.0913006944224619,0.0870066724875437,0.191866853921744,0.242782448590343,0.0577271283603874
"US",143,2022-11-01,0.165142490233967,0.16672794966968,0.144979720734892,0.136207619005236,0.36203731644559,0.309854190387013,0.0635033391983986
"US",144,2022-12-01,0.233179238836345,0.234625195926623,0.142162877886644,0.14228492210381,0.17078729918819,0.288521985173995,0.0497252180880479
"US",145,2023-01-01,0.110551118498557,0.110602101409203,0.104737423367436,0.100904384026829,0.215130311427257,0.288043981980439,0.0501360858739599
"US",146,2023-02-01,0.209784500899092,0.213829407357674,0.129097277208569,0.121739577885862,0.174270675882198,0.28695431943645,0.0616683095021785
"US",147,2023-03-01,0.246431098191035,0.24713342035768,0.161384545730487,0.160943453173739,0.239740809198628,0.303254696327555,0.0622584924492796
"US",148,2023-04-01,0.203266771120817,0.20413401404002,0.137871708113022,0.138288052408373,0.220512947873239,0.291143024287324,0.0514224505092476
"US",149,2023-05-01,0.195574704919687,0.196017002276014,0.143891504944801,0.143228136225034,0.237698732886176,0.305164293061074,0.0544807370783431
"US",150,2023-06-01,0.194497738468151,0.195797791549043,0.142171512300176,0.137324493655662,0.295692294810533,0.302627602149972,0.0772216134315855
"US",151,2023-07-01,0.189336445663372,0.189128938901798,0.132207714181247,0.131520721294352,0.225425549131075,0.302465808414683,0.0623350501603523
"US",152,2023-08-01,0.212218825971251,0.213347448161368,0.154412546222761,0.153258638894069,0.250225971597544,0.316796336361716,0.0643301443308079
"US",153,2023-09-01,0.21438351251976,0.21495362484198,0.151852604148991,0.150910716478699,0.248852376858617,0.318409098269128,0.058271613363993
"US",154,2023-10-01,0.218246933602921,0.218843990175449,0.158072100463214,0.157145095768586,0.256298522589338,0.327443382652734,0.0595621688791147
"US",155,2023-11-01,0.180413993207778,0.180250011154736,0.129708186463732,0.128857075641497,0.223946038578209,0.298127283228634,0.042276069070509
"US",156,2023-12-01,0.188977764357825,0.189708491974544,0.132063868092831,0.129123491360349,0.196934363184228,0.298360874253331,0.0729400240646345
"US",157,2024-01-01,0.181519689265402,0.184260010334306,0.135663422670232,0.135686544908309,0.230978770621491,0.308280437542157,0.0595954190573417
"US",158,2024-02-01,0.179309398664308,0.180059875095849,0.143923761622965,0.143080663671796,0.238981810464915,0.312384270132159,0.0582359379992351
"US",159,2024-03-01,0.196775191742782,0.196987270466457,0.139278065347635,0.138203216216796,0.230999569457041,0.30233997266009,0.0461745005190355
"US",160,2024-04-01,0.21598371180684,0.215756207665778,0.153188795403323,0.152665056903709,0.247974277951698,0.314789163742542,0.0508357278226327
"US",161,2024-05-01,0.211747073959706,0.212383042188646,0.150983549739194,0.14985447617691,0.244110694196808,0.313104750806045,0.0509704846794478
"US",162,2024-06-01,0.196210783506993,0.1973250182428,0.140958910451849,0.138405208420761,0.274863481038722,0.305151081210185,0.0580714900196381
"US",163,2024-07-01,0.183534958525646,0.184774763558286,0.131887631283606,0.128932321801847,0.264420432865491,0.295776812693398,0.0533293880753165
"US",164,2024-08-01,0.164709433114626,0.165604214933286,0.117184637624187,0.11165318636541,0.270691567247787,0.276305278880688,0.0466197536485386
"US",165,2024-09-01,0.176153875884501,0.177179731933053,0.122929366323643,0.11969177869591,0.25351040064835,0.280810291607131,0.0499259554366623
"US",166,2024-10-01,0.19214769678536,0.194233580577739,0.135526519659563,0.132192521930341,0.262019551249335,0.295777288545178,0.053394669095812
"EZ",1,2011-01-01,0.123179025740542,0.123073895188776,0.155624089911431,0.155542854041191,0.290594365653734,0.367338084113891,0.157685674196225
"EZ",2,2011-02-01,0.128901011844846,0.128612736941707,0.179027188902014,0.179286757160277,0.291983125589246,0.374794874885846,0.163047224884006
"EZ",3,2011-03-01,0.149247085176377,0.149993310866155,0.17475066117347,0.174223895372621,0.281986740270765,0.364312181103031,0.177798661399285
"EZ",4,2011-04-01,0.148849950702839,0.149642792891327,0.178597667752321,0.177897186093139,0.284054953297133,0.368404144606299,0.167427007041358
"EZ",5,2011-05-01,0.128351111479299,0.126904287723432,0.158024100058178,0.157985095646319,0.25914495879725,0.36658247465909,0.13717311228057
"EZ",6,2011-06-01,0.129630484419962,0.129644513772605,0.161598281409623,0.161492254119477,0.285727333803165,0.369424574083451,0.124227765163441
"EZ",7,2011-07-01,0.112078959413286,0.111795525072783,0.153457198937639,0.153302781358362,0.274613017909983,0.372996103050749,0.119171602432846
"EZ",8,2011-08-01,0.104864324524001,0.104713750315069,0.138609698434634,0.138423815167717,0.265221003137245,0.361607851911802,0.11449025574369
"EZ",9,2011-09-01,0.0920890223638392,0.0919620189068515,0.118276483986414,0.118049617656656,0.248576238377298,0.345666260095333,0.107294133032501
"EZ",10,2011-10-01,0.074200188033755,0.0738317401943738,0.0926968456740339,0.0926053648099438,0.212791527809292,0.322063853625417,0.0832350688322072
"EZ",11,2011-11-01,0.0968026891287207,0.0965038042254071,0.113912984319272,0.113573452329477,0.245414685926589,0.345635033252189,0.104853212872081
"EZ",12,2011-12-01,0.141988215703617,0.142676771713809,0.161584700834917,0.161739734944409,0.296652765091282,0.371823753572135,0.14168493027418
"EZ",13,2012-01-01,0.13962704123588,0.140095374026628,0.154789188013373,0.154976974787836,0.305654221962103,0.368403104042827,0.137144490293743
"EZ",14,2012-02-01,0.162688636434131,0.163511251523845,0.193429814843441,0.193644606202925,0.344900986244012,0.393577632621393,0.151043714068768
"EZ",15,2012-03-01,0.139603408594105,0.140489462877387,0.155704525983647,0.155860451607876,0.298572658236659,0.370559818289081,0.134520884404917
"EZ",16,2012-04-01,0.128291595487348,0.128471535682201,0.162377327558104,0.162968705566815,0.30048163817683,0.371507073055458,0.131483700551164
"EZ",17,2012-05-01,0.131679354555869,0.131983320550614,0.164614552301414,0.164884347323238,0.316629108615927,0.376637063942347,0.141555998631735
"EZ",18,2012-06-01,0.0867524143124605,0.0848036218402482,0.124292646307582,0.126543560980964,0.277699784670038,0.351958837442837,0.152200555539926
"EZ",19,2012-07-01,0.0947845521888745,0.0966853824797914,0.14734040371092,0.14714806664474,0.287672019733003,0.366965099433902,0.168633603488925
"EZ",20,2012-08-01,0.117188894265503,0.117426510684724,0.140480112345504,0.140362378216472,0.300291978734292,0.362978555949127,0.152737353080292
"EZ",21,2012-09-01,0.12651765285758,0.126896525915634,0.167538037713377,0.16794998240814,0.318457135295213,0.376428668449226,0.170646262812129
"EZ",22,2012-10-01,0.13089721649505,0.131241016088809,0.183012029872382,0.183539536747549,0.322994075541746,0.3800291096498,0.165938200231921
"EZ",23,2012-11-01,0.119609809639254,0.119646636136518,0.156985165515091,0.15736306876642,0.288434420187105,0.362327219201428,0.142152268078638
"EZ",24,2012-12-01,0.110178594549519,0.110459665236026,0.14880240430324,0.149101105630067,0.289415326216027,0.359636190633288,0.147763693392161
"EZ",25,2013-01-01,0.1126816617947,0.113415241483453,0.154743588825564,0.154407996901404,0.28888535847102,0.365606383601899,0.179321136943404
"EZ",26,2013-02-01,0.0994485740567665,0.100126522143895,0.150100419901599,0.149776140595246,0.277193013119848,0.369613952506607,0.167662349816662
"EZ",27,2013-03-01,0.096126801562495,0.0966545281724118,0.143333788885412,0.143027124316131,0.269893865395515,0.366274590309222,0.16283253687385
"EZ",28,2013-04-01,0.0929171141321327,0.0934499808184914,0.141973984817912,0.141663095331286,0.26641675453934,0.366017591666696,0.151566231885637
"EZ",29,2013-05-01,0.080700533685553,0.081262087095286,0.127501572258764,0.127139650248698,0.258368924659222,0.363122368838812,0.150429574930522
"EZ",30,2013-06-01,0.0706495072054573,0.0715523321216645,0.115712627898119,0.115122016716477,0.241555530914026,0.359522401780091,0.124138926328444
"EZ",31,2013-07-01,0.0530202727800833,0.0538535747165411,0.0884303340783827,0.0876744761962015,0.18488031517248,0.342076252152612,0.101908051883029
"EZ",32,2013-08-01,0.0541598608815473,0.0547834597310452,0.0914081779979831,0.0907301768587461,0.189998367385748,0.341801838443001,0.109336326124136
"EZ",33,2013-09-01,0.0487682203080495,0.0463965654458107,0.0969413108811764,0.0950651210325806,0.249788327428123,0.346996990584542,0.116110833075451
"EZ",34,2013-10-01,0.0429356390860453,0.0435038277291712,0.0791074987121413,0.0776735695166783,0.230166882000367,0.335196916275376,0.122617849182258
"EZ",35,2013-11-01,0.037419701726384,0.0374512980762548,0.0734902110023187,0.0726932206388222,0.205647943375369,0.334683532241189,0.114287597586028
"EZ",36,2013-12-01,0.0379822810861788,0.0380453505490625,0.0677545420063309,0.0670405790172629,0.191511323827325,0.326895469320517,0.102077589458253
"EZ",37,2014-01-01,0.0400694969766527,0.0401227563289345,0.0709135660162864,0.070207548545513,0.19996202226245,0.331419799450902,0.104017389429008
"EZ",38,2014-02-01,0.0329323935428543,0.0325533300875814,0.0642950257732804,0.063738200976575,0.185834088324822,0.323832608427548,0.0945765366390115
"EZ",39,2014-03-01,0.0318170148099183,0.0317609911470423,0.0630761854912819,0.062329023120192,0.188537508347469,0.322014163090479,0.0992865350470702
"EZ",40,2014-04-01,0.0339026308505062,0.034165429292499,0.0646445984704569,0.0638004430111824,0.193420992971164,0.321254132087994,0.107018312341319
"EZ",41,2014-05-01,0.0198649594670058,0.0170750665581569,0.0574069243831907,0.0556537642070888,0.216818697407852,0.31143877908774,0.099093912675813
"EZ",42,2014-06-01,0.0145496117764987,0.00724730944196204,0.0526900798101765,0.0502771972257255,0.222509835832508,0.307687693797538,0.0889763773922924
"EZ",43,2014-07-01,0.0107164278431532,0.00536922607724411,0.0528302980540976,0.0502991237410078,0.218116004355864,0.305545621092043,0.0854105831528904
"EZ",44,2014-08-01,0.00973550208088814,0.0257256865288164,0.0452237895607408,0.0320169178270004,0.143720082643581,0.297247976423629,0.0838975779215766
"EZ",45,2014-09-01,0.0091379723082422,1.64987864643741e-08,0.0381170610461545,0.0387007693655071,0.152512733295772,0.284475654550111,0.0634403783623982
"EZ",46,2014-10-01,0.00947604610284947,0.0176305128404052,0.028255573956124,0.021625915766908,0.0833437285204486,0.259323821206143,0.0506010099894236
"EZ",47,2014-11-01,0.00609639487133795,0.0120915516324201,0.019814925579369,0.0156714619431101,0.0607663068082577,0.236018504799116,0.0415534014749402
"EZ",48,2014-12-01,0.00575022845248263,0.00112286611149846,0.0139542609887892,0.0102961766989363,0.159013601198616,0.221446964776732,0.0586851126956639
"EZ",49,2015-01-01,0.00519625377363875,0.00436883349779438,0.0114218369331344,0.0113473404413966,0.0985160957202652,0.218227534161811,0.0546149337537383
"EZ",50,2015-02-01,0.00849819335773572,0.00741461272520945,0.017295498774344,0.0149233546590111,0.153471944431043,0.215730736864813,0.0456410921420574
"EZ",51,2015-03-01,0.00901181328346523,0.00665852767722852,0.0183723330366322,0.0157158765518035,0.145485578763238,0.215752676497356,0.0463356761071182
"EZ",52,2015-04-01,0.0144871021218075,0.0173172376292178,0.0224546748259687,0.0218354649486425,0.0827090746525845,0.222158457093078,0.0377737722666284
"EZ",53,2015-05-01,0.0204304726013009,0.0190407067777729,0.0358272667327466,0.0353506896014015,0.133275813389554,0.263247074632631,0.0610948120764388
"EZ",54,2015-06-01,0.0181778501986011,0.016346640116948,0.0343887656832828,0.0339960891719367,0.12929335388105,0.259234606846465,0.0583483773475998
"EZ",55,2015-07-01,0.0211873841084529,0.0191233743442827,0.036209878301819,0.0331624822391366,0.229110298066626,0.267931030631325,0.0672918024720897
"EZ",56,2015-08-01,0.0179845208702536,0.0173788236538235,0.0274937571412532,0.027652242415533,0.105555969123022,0.254164242369775,0.0509769707647986
"EZ",57,2015-09-01,0.0142827026610219,0.0110325203972017,0.0249780114347498,0.0286390242285153,0.105607355364818,0.247093715205627,0.0465769683322034
"EZ",58,2015-10-01,0.0108566726230843,0.0118448724011333,0.0189641887967309,0.0190407191202473,0.0814489755606016,0.217888626527818,0.0297817727611064
"EZ",59,2015-11-01,0.00991504056505488,0.000814182098254528,0.0263891855959753,0.0230201928402339,0.16440378274882,0.23894795491845,0.0406719458871195
"EZ",60,2015-12-01,0.011480023742109,0.00107511244179163,0.0290123276178601,0.0255986944804407,0.171905945104148,0.247902139090226,0.0459198250423025
"EZ",61,2016-01-01,0.0101567476097728,4.3322053838981e-10,0.0250828313881509,0.0231241433292756,0.10082427353205,0.234130514481178,0.0366258675448855
"EZ",62,2016-02-01,0.00642614802525543,0.00549648004904566,0.0185124081739403,0.0194996621010646,0.139553117715597,0.20346334465411,0.0363382202604074
"EZ",63,2016-03-01,0.00628524929894758,0.00038219052609217,0.0171315564714442,0.0138829665620123,0.156430698043033,0.19724153969465,0.0351494008143612
"EZ",64,2016-04-01,0.00539229476867542,0.000415505762403035,0.0134247736987965,0.0106934926107681,0.137169735907497,0.177548194257499,0.0259924936731143
"EZ",65,2016-05-01,0.00820904773279563,1.18488717749788e-36,0.0139201775300984,1.84469676938359e-25,0.0598472283498882,0.172513996121584,0.0244553432788422
"EZ",66,2016-06-01,0.00824708453985878,0.00371856225225449,0.0135827585203683,0.0115518431331476,0.11723098277823,0.17401972714509,0.0212043776065694
"EZ",67,2016-07-01,0.00616126394817185,0.00835985386922474,0.0111681020685284,0.00535950431672426,0.138867018354291,0.152085350063389,0.0111896141389162
"EZ",68,2016-08-01,0.00582920446815327,7.45297160225467e-12,0.00972877518939008,1.95449106535353e-07,0.0548067672091461,0.147905998233278,0.00934875160363664
"EZ",69,2016-09-01,0.00580913085723267,3.80618997509551e-15,0.00981862565447555,2.92689539061966e-09,0.0585070764724903,0.139735999570301,0.00871291643713782
"EZ",70,2016-10-01,0.00521686618372352,4.48521843601093e-10,0.0105450014488686,8.23704155689715e-10,0.030726777685185,0.131962071797684,0.00798569037424413
"EZ",71,2016-11-01,0.00583623756128149,6.0604105879953e-18,0.0100362840151772,2.17352614580599e-14,0.0161724361443671,0.144013100662248,0.00978413482527701
"EZ",72,2016-12-01,0.00636995091298198,0,0.012861613612578,0,0.0418362734281793,0.172034515498162,0.0185057009767515
"EZ",73,2017-01-01,0.00955897126835181,0.00379361599264478,0.0183255539748319,0.00333433592187157,0.147540679731524,0.197206287155438,0.0259692904965376
"EZ",74,2017-02-01,0.0108182312242396,0.0074177191198074,0.0197760104117546,0.00671667630194461,0.157861031712465,0.209457982968999,0.0279152392174204
"EZ",75,2017-03-01,0.00929239308161645,5.59592784390252e-05,0.016440633146266,9.5633426870613e-06,0.0640633359594277,0.190046640199227,0.0246660547959286
"EZ",76,2017-04-01,0.00899376702116528,1.75202544664001e-06,0.0146200990128677,7.38881947063343e-06,0.0630822200866087,0.173931453283567,0.0256124976463103
"EZ",77,2017-05-01,0.00940610655725183,3.19538970440124e-08,0.0135249495196634,1.07439204695813e-07,0.0474678668717707,0.168250516392204,0.0219750609571
"EZ",78,2017-06-01,0.00962587578229768,0.00476454926622531,0.0134501762073648,0.00413578476216785,0.132323331970198,0.16580157380864,0.0203183959310979
"EZ",79,2017-07-01,0.00925919272458908,0.0125297079553323,0.0130953292461439,0.000598151579066692,0.0902502220080197,0.163851502446332,0.019002157932038
"EZ",80,2017-08-01,0.00884192109439053,0.00441610130693109,0.012327833151676,0.00361432338736217,0.118361276432497,0.161805913647937,0.01496444653247
"EZ",81,2017-09-01,0.00832250348271213,0.00125873406104757,0.0119991601599777,0.000879026750706902,0.105756724675088,0.161309860105367,0.0145282588743336
"EZ",82,2017-10-01,0.00868605713823445,0.00889185380823263,0.0123237633135064,0.000188859253741856,0.0923617467661297,0.165818378335983,0.0148267142347487
"EZ",83,2017-11-01,0.00846381054572376,0.00109793549133263,0.012639726837759,0.000777773440619031,0.107744254763124,0.168624366695504,0.0154751983579212
"EZ",84,2017-12-01,0.00906081935519409,0.000516189607369831,0.0134114146309371,0.000724902273354604,0.10863619896394,0.175903150057068,0.0165817064356023
"EZ",85,2018-01-01,0.00892320249317813,0.00696595764886663,0.0138234964003455,0.00543583347982417,0.116297726174968,0.180256016844258,0.0187442407244805
"EZ",86,2018-02-01,0.00928582779467324,0.00514083496939172,0.0139855471555831,0.00372585794485944,0.120537474594163,0.182587214742179,0.0181849061875376
"EZ",87,2018-03-01,0.00888000534541589,0.00161045229644831,0.0115106472097091,0.00101098367108375,0.105959051820182,0.171815058914944,0.0132108161602373
"EZ",88,2018-04-01,0.00783259953685833,0.00469659959814293,0.0113516796070561,0.00318239163712141,0.106882579300633,0.162783898534646,0.0109408658170926
"EZ",89,2018-05-01,0.00886205898023296,0.00630596087109291,0.0121849822550011,0.00434210297712139,0.105339627507649,0.168303816716606,0.0121453359808785
"EZ",90,2018-06-01,0.0100060595672041,0.00897420597395059,0.0145075086635662,0.0140973076786225,0.0785133118121261,0.17481302531542,0.0277892050087813
"EZ",91,2018-07-01,0.00930717397148129,3.36975467070457e-10,0.0143632697808848,5.44274564077405e-26,0.191526090740976,0.173680741600085,0.0197820598801897
"EZ",92,2018-08-01,0.00817640424138211,2.72388878125682e-05,0.0129484495517396,0.000646221515752168,0.195215598132807,0.174906194323506,0.0173679962025836
"EZ",93,2018-09-01,0.00894411027462361,2.54180755673981e-11,0.0131007374071613,2.51254478875301e-25,0.169817142065715,0.173104219611024,0.0175316754869841
"EZ",94,2018-10-01,0.00882800454234278,8.24659327918033e-07,0.0131009263447965,2.34975986986006e-10,0.165630891059708,0.169539923073794,0.017714543480312
"EZ",95,2018-11-01,0.00786878798911328,0.0064497215902572,0.0125351553695954,0.00495915391654768,0.10902055860111,0.166201722266015,0.0243864560329426
"EZ",96,2018-12-01,0.00684263021475362,9.08700240557759e-05,0.0104235890016978,0.00134029602602237,0.10504391927919,0.159944767835408,0.0215335425267046
"EZ",97,2019-01-01,0.00557630992513225,2.44729082498857e-175,0.00873658340345684,1.20403618034602e-295,0.0361282997918604,0.138670885726947,0.0267286704115239
"EZ",98,2019-02-01,0.00555364164663064,1.27330686438151e-05,0.00872784947731431,1.78693492716798e-07,0.0164278910216699,0.136788475546504,0.0214010758524635
"EZ",99,2019-03-01,0.00619327002699444,1.67240142601103e-05,0.00882577926543837,1.17474509200102e-08,0.00469355542010012,0.137301150252529,0.0212585756011974
"EZ",100,2019-04-01,0.00719320677807489,5.99913939205527e-05,0.00977186297061583,5.9037161229678e-05,0.0905936599121965,0.137196387078569,0.0330228683851604
"EZ",101,2019-05-01,0.00771298689933142,0.011007509989322,0.0102250822946907,0.00061562033193207,0.07950208454948,0.141171161260252,0.034608662099971
"EZ",102,2019-06-01,0.00652580851316664,6.05507933100906e-19,0.00767840264611275,2.47019954734108e-06,8.72412827792783e-05,0.121280481722542,0.0229468942168662
"EZ",103,2019-07-01,0.00643582019282862,8.47935736715462e-05,0.00752539888070747,0.00599108569503364,0.0742211193288181,0.116614711090801,0.0204647395869939
"EZ",104,2019-08-01,0.00617459630005002,3.43674632064264e-08,0.00748961920808622,5.48331893648469e-08,0.0328709211130404,0.118091570089875,0.0164602585163041
"EZ",105,2019-09-01,0.00568197857319419,0.0058225243601967,0.00723824046949317,0.00735027973401995,0.0307761353544202,0.122967865284682,0.0174449831280129
"EZ",106,2019-10-01,0.00472687779510739,0.00307153450965567,0.00528334919625784,0.00530528264712169,0.07466398716612,0.105334172939681,0.00881896178122486
"EZ",107,2019-11-01,0.00572065777022923,0.00658293091846264,0.00663848231419351,0.00598255001352668,0.0204035091020903,0.112125057527851,0.0175130587161551
"EZ",108,2019-12-01,0.00618634522753148,0.00693377828443427,0.00640526445989753,0.000175526505954419,0.0643947559065714,0.111407645559668,0.0210939594489233
"EZ",109,2020-01-01,0.00695287962639613,1.32595258979212e-14,0.00761838623390354,5.65976600658348e-18,0.00187705303187597,0.117437374026712,0.0255607642747038
"EZ",110,2020-02-01,0.00631215886899505,0.00751975632736659,0.00689046934179782,0.00239353145790517,0.153900396329477,0.114674245479515,0.0198495202084058
"EZ",111,2020-03-01,0.00508603190708368,9.08720362267598e-15,0.00501746505408018,3.1388272795614e-12,0.0259795801919927,0.106389398232789,0.0122808573329765
"EZ",112,2020-04-01,0.00206874900596266,2.80262494570332e-11,0.00185222336654289,0.00167290558748569,0.0534671036746619,0.0822315188077845,2.72760448387765e-06
"EZ",113,2020-05-01,0.00169687392041395,0.000196349403308442,0.00133406340960518,2.47129591640187e-06,0.0152673586147561,0.0667886898574017,1.36527987774761e-06
"EZ",114,2020-06-01,0.00210982414883587,0.00250451285588568,0.00177370042270675,0.000110092925065633,0.0187436963215592,0.0720692216868177,3.18262811048244e-06
"EZ",115,2020-07-01,0.00304763886443082,0.00504602272630683,0.00399726826944624,0.00189109461519217,0.0450116086544059,0.102793943628664,0.00583931462448598
"EZ",116,2020-08-01,0.00418147112252687,0.000304739745273004,0.00466105328445843,0.00327577832993397,0.0892185419381693,0.103637293766082,0.00595005984404617
"EZ",117,2020-09-01,0.00409879436613947,0.00442914680427919,0.00464139225832083,0.00292632539989514,0.094937118732395,0.113638304125877,0.00361572643891009
"EZ",118,2020-10-01,0.00378527207891421,2.35435582218391e-13,0.00428956506210376,4.7609415241243e-13,0.0453866218510946,0.108270788651673,0.00304192115638009
"EZ",119,2020-11-01,0.00488056513469548,0.000152876209277611,0.00454441321748134,0.00379675225256137,0.0922352328616627,0.115403514775556,0.00548084429775025
"EZ",120,2020-12-01,0.00659133899631326,2.23995501165348e-183,0.00638447485036808,5.0541889201256e-39,0.147890092523349,0.118742332561908,0.0171343606296453
"EZ",121,2021-01-01,0.00736521109145305,9.06483579955629e-09,0.00668905443201673,0.00914689238551718,0.037218264779556,0.124199131838892,0.00942066181220304
"EZ",122,2021-02-01,0.00879005254161103,0.0100125479982707,0.00813099723805,0.00767594803498064,0.0520565540762233,0.131859005628329,0.013701719529807
"EZ",123,2021-03-01,0.0104379813586001,0.00501869511301194,0.00954797163076426,0.0112374323791366,0.0479364734854294,0.144478278826627,0.0248625732271976
"EZ",124,2021-04-01,0.00890662497201755,0.0100059912956024,0.0097947971503054,0.00428286053329767,0.0775067316220594,0.153995844630635,0.0296030615681631
"EZ",125,2021-05-01,0.0125077360114479,0.00756159303517132,0.0117025610863126,0.0132341931417528,0.0660994362014165,0.164107029487991,0.0331695350153027
"EZ",126,2021-06-01,0.0146529700980416,0.0149237052842223,0.0132448773926801,0.0118117745997071,0.10641994857482,0.164695843076841,0.0315144213677152
"EZ",127,2021-07-01,0.0134589150501125,0.0119897190041702,0.0142537755513464,0.0117533306113875,0.14346192705691,0.173126485759305,0.021875485390492
"EZ",128,2021-08-01,0.0144343353772615,0.0150731625296851,0.0136387264520549,0.0103715764798706,0.107508215069057,0.17268465454488,0.0214673251452782
"EZ",129,2021-09-01,0.0204682470267435,0.0200066668836142,0.0176115071908672,0.0175897028091048,0.13577952387654,0.185860000089256,0.0165514007326714
"EZ",130,2021-10-01,0.0265968582193116,0.0323576679970402,0.0240337310742295,0.0181349492863181,0.156816593124772,0.194223856787362,0.0129105384429821
"EZ",131,2021-11-01,0.0331101001496676,0.0334285810895313,0.0289193820970652,0.0288188363865599,0.145099969297958,0.21525596991807,0.015705144226379
"EZ",132,2021-12-01,0.0336385444619878,0.0329326177611585,0.029586946172568,0.0295654523317582,0.119170483681943,0.209261991106699,0.0125423098703026
"EZ",133,2022-01-01,0.0465521585180874,0.0518581881373786,0.037548221133971,0.0226963557425126,0.0936163198790888,0.242963573268195,0.0651308154406091
"EZ",134,2022-02-01,0.0490134415251398,0.0528120953859812,0.0345379839955164,0.0254135519874365,0.121489490931682,0.227172902819979,0.0647021062327703
"EZ",135,2022-03-01,0.358240859333657,0.362041631053108,0.20128517298965,0.195012044445549,0.173247153400263,0.308782596182111,0.0798538258909426
"EZ",136,2022-04-01,0.288100908864196,0.289391516161035,0.183371784179608,0.177852216145555,0.209462583428369,0.329585819131335,0.0739472314423031
"EZ",137,2022-05-01,0.244154750058923,0.248299927830321,0.163651000550783,0.156689615845808,0.272320681400846,0.307912629941282,0.0694073620511634
"EZ",138,2022-06-01,0.241995099316545,0.237628759116976,0.13956079918597,0.138779497721111,0.12418363273946,0.315694186895361,0.0965365562943594
"EZ",139,2022-07-01,0.140464268955951,0.141323017785289,0.0784493320125071,0.0737676375593432,0.145854948246245,0.252756676171285,0.0909318164392208
"EZ",140,2022-08-01,0.225987938285201,0.224581856212096,0.123466362424341,0.121876765049718,0.17681862093466,0.279998312648332,0.0856489399791615
"EZ",141,2022-09-01,0.181395048883666,0.185307024999693,0.146390593976283,0.137616370592221,0.158880559757363,0.329947674053757,0.0700969471338338
"EZ",142,2022-10-01,0.168165689265029,0.168917455095455,0.143628111739672,0.140653314669264,0.19565864124013,0.337210557879836,0.0748856218109697
"EZ",143,2022-11-01,0.218316575037317,0.220927134650821,0.169745120606588,0.163693747994642,0.188625745236985,0.344795640123623,0.0770611092218968
"EZ",144,2022-12-01,0.207505998497846,0.214188133009883,0.162656310296872,0.156579948919896,0.199122766223917,0.348172602839428,0.0711381439282784
"EZ",145,2023-01-01,0.125462184585556,0.128522998877441,0.1243986906011,0.11854768635096,0.175898157498877,0.344714219142524,0.0637745080027363
"EZ",146,2023-02-01,0.11034776092336,0.129719090975998,0.110807170712696,0.06556066091947,0.288619051516873,0.332871316840193,0.0709429521721854
"EZ",147,2023-03-01,0.231402546357096,0.225711061901054,0.21130763612877,0.216201578860641,0.363320636836004,0.368863051719188,0.0950778684381297
"EZ",148,2023-04-01,0.127996145957803,0.148956461157034,0.129171395125211,0.0842035577793191,0.307413537817853,0.343237225784359,0.0783662879709043
"EZ",149,2023-05-01,0.117147697972109,0.140381520774773,0.12576925769844,0.0761693143239091,0.302942944732101,0.349014701725543,0.0854510901419502
"EZ",150,2023-06-01,0.111681386922472,0.116135991061324,0.150296324446407,0.138533373987702,0.340398419821619,0.362718341990894,0.0826748310539302
"EZ",151,2023-07-01,0.132583710136087,0.13480060768511,0.134419137854539,0.131472406830843,0.270570605519819,0.361431591469582,0.0896163904103871
"EZ",152,2023-08-01,0.192205938885173,0.191585509025002,0.171827007446959,0.171961934812841,0.327125930415045,0.376167343777502,0.105771425702144
"EZ",153,2023-09-01,0.177812103648198,0.180973763162342,0.156915218006948,0.1550283483927,0.251206259830008,0.371150416565697,0.0859886421411055
"EZ",154,2023-10-01,0.14095223262844,0.141041845567914,0.13628233143341,0.135891301528146,0.256848437422502,0.358730852257517,0.13910940269608
"EZ",155,2023-11-01,0.111973431373173,0.112234211057924,0.109884582611969,0.109240541493846,0.229328409919095,0.344689620273883,0.105072435495093
"EZ",156,2023-12-01,0.0901570267535262,0.0901371267991485,0.0831634462794071,0.0825234512390454,0.211798396254939,0.320675562234409,0.0882555743827587
"EZ",157,2024-01-01,0.0699487134638465,0.0693911985639016,0.084821499617846,0.0844943089866372,0.202224274883476,0.328695859439189,0.0893073659999274
"EZ",158,2024-02-01,0.0817769182699584,0.0774350557008509,0.0971426588075461,0.098427281367515,0.179867047554275,0.317159832087734,0.0898494262211215
"EZ",159,2024-03-01,0.0964016333493626,0.0965279828941663,0.100782388617689,0.100321074051386,0.205100807410636,0.3344191118853,0.107621825264295
"EZ",160,2024-04-01,0.105021288329519,0.10529474106733,0.105994672614339,0.105270685672678,0.219871246523677,0.344004191436789,0.108299816628994
"EZ",161,2024-05-01,0.080748536882678,0.079706860738645,0.0989232270894903,0.0991728004648375,0.191102638341471,0.332803472648153,0.0833996554607979
"EZ",162,2024-06-01,0.0800629647196419,0.0793008646080621,0.0897290918463185,0.0898304063475882,0.186829059507817,0.326301028561225,0.076987954342057
"EZ",163,2024-07-01,0.0632415876132911,0.0622452535825802,0.0791356686148849,0.079560727878772,0.182263267908426,0.316891646313157,0.0606601776773749
"EZ",164,2024-08-01,0.0549711980782032,0.0542258947062154,0.0662608382287543,0.0664282788411585,0.135303138796982,0.297966744881176,0.0449871450828772
"EZ",165,2024-09-01,0.0468249502626765,0.0465659178522869,0.0570607348077677,0.0566693621691962,0.166619196063886,0.2847769191685,0.0772054358505255
"EZ",166,2024-10-01,0.0463302920696653,0.0484422209475943,0.0598010714277691,0.0592136812518446,0.173452427301397,0.294739066327081,0.0820241750459757
