"area","month","date","threshold","q_common_tail","q_forward_tail","wedge"
"EZ",1,2011-01-01,4,0.324792153844745,0.352263259373591,0.0274711055288465
"US",1,2011-01-01,4,0.413022992398178,0.457084978313622,0.0440619859154445
"EZ",2,2011-02-01,4,0.335032412722977,0.371711302332854,0.0366788896098774
"US",2,2011-02-01,4,0.436252324519541,0.48007950168945,0.0438271771699097
"EZ",3,2011-03-01,4,0.330018107921581,0.358524190945556,0.028506083023975
"US",3,2011-03-01,4,0.420089284558817,0.458857376119385,0.0387680915605676
"EZ",4,2011-04-01,4,0.333795252567998,0.361698666341529,0.0279034137735314
"US",4,2011-04-01,4,0.548706190344815,0.560753934629102,0.012047744284287
"EZ",5,2011-05-01,4,0.324480918488972,0.352846462552831,0.0283655440638596
"US",5,2011-05-01,4,0.518773389464039,0.529304576102977,0.0105311866389381
"EZ",6,2011-06-01,4,0.323518043412299,0.35599757118718,0.0324795277748809
"US",6,2011-06-01,4,0.434341998019324,0.492227634870175,0.057885636850851
"EZ",7,2011-07-01,4,0.322772545158012,0.357785083688839,0.0350125385308269
"US",7,2011-07-01,4,0.455580702351503,0.519353730716171,0.0637730283646672
"EZ",8,2011-08-01,4,0.308356506103399,0.342746844110731,0.0343903380073321
"US",8,2011-08-01,4,0.411242297820076,0.462650006332631,0.0514077085125551
"EZ",9,2011-09-01,4,0.369148426775247,0.410863972100147,0.0417155453249008
"US",9,2011-09-01,4,0.429526012333399,0.489511902643296,0.0599858903098969
"EZ",10,2011-10-01,4,0.345308782263908,0.38593227838092,0.0406234961170122
"US",10,2011-10-01,4,0.500177694720413,0.512019639838037,0.0118419451176243
"EZ",11,2011-11-01,4,0.287890721126361,0.31812213363408,0.0302314125077185
"US",11,2011-11-01,4,0.403926739240484,0.449180926876467,0.0452541876359837
"EZ",12,2011-12-01,4,0.327968899687198,0.360403478684433,0.0324345789972348
"US",12,2011-12-01,4,0.366042199329174,0.396994963010933,0.0309527636817582
"EZ",13,2012-01-01,4,0.327297831302382,0.358356699088043,0.0310588677856605
"US",13,2012-01-01,4,0.359217930213574,0.386861369455074,0.0276434392414997
"EZ",14,2012-02-01,4,0.366200033803917,0.400654274402219,0.0344542405983021
"US",14,2012-02-01,4,0.377935796602363,0.414772429377978,0.0368366327756153
"EZ",15,2012-03-01,4,0.370866798063529,0.38998842594335,0.0191216278798207
"US",15,2012-03-01,4,0.395224760507217,0.426214544615049,0.0309897841078315
"EZ",16,2012-04-01,4,0.327869106941848,0.366473506744356,0.0386043998025072
"US",16,2012-04-01,4,0.396827845041213,0.427684678075105,0.0308568330338923
"EZ",17,2012-05-01,4,0.375471840531308,0.409988429386145,0.0345165888548367
"US",17,2012-05-01,4,0.403381803319263,0.430616290161043,0.0272344868417805
"EZ",18,2012-06-01,4,0.421674758528419,0.484872964573905,0.0631982060454858
"US",18,2012-06-01,4,0.344127504190057,0.372736990051678,0.0286094858616215
"EZ",19,2012-07-01,4,0.413346756988041,0.471598530336772,0.0582517733487308
"US",19,2012-07-01,4,0.347290260219367,0.374733171510162,0.0274429112907942
"EZ",20,2012-08-01,4,0.358641554005123,0.390828939335682,0.0321873853305594
"US",20,2012-08-01,4,0.403054881401104,0.429260495568893,0.0262056141677895
"EZ",21,2012-09-01,4,0.377603828501035,0.416312180316193,0.0387083518151588
"US",21,2012-09-01,4,0.434277026312299,0.452452879903631,0.0181758535913325
"EZ",22,2012-10-01,4,0.378366946827648,0.421727105534733,0.0433601587070856
"US",22,2012-10-01,4,0.394891802938466,0.425855253510171,0.0309634505717047
"EZ",23,2012-11-01,4,0.359169977893185,0.39690651945261,0.0377365415594249
"US",23,2012-11-01,4,0.47026532101874,0.491259129404548,0.0209938083858073
"EZ",24,2012-12-01,4,0.360037001552891,0.397908374824867,0.0378713732719766
"US",24,2012-12-01,4,0.475215646664957,0.495371606865805,0.0201559602008475
"EZ",25,2013-01-01,4,0.327275872923367,0.363854994362863,0.0365791214394963
"US",25,2013-01-01,4,0.405524915625253,0.445407403678666,0.0398824880534127
"EZ",26,2013-02-01,4,0.34825218846126,0.385659208621078,0.0374070201598174
"US",26,2013-02-01,4,0.497551347384557,0.50988372135523,0.0123323739706726
"EZ",27,2013-03-01,4,0.348991323488394,0.384965323709297,0.0359740002209023
"US",27,2013-03-01,4,0.412695457776855,0.456992496163675,0.04429703838682
"EZ",28,2013-04-01,4,0.35011928340299,0.386471069926925,0.0363517865239349
"US",28,2013-04-01,4,0.407116649491178,0.449849348783489,0.0427326992923111
"EZ",29,2013-05-01,4,0.359087547647397,0.394100370758794,0.0350128231113967
"US",29,2013-05-01,4,0.382798232439602,0.418140191441077,0.0353419590014744
"EZ",30,2013-06-01,4,0.367393781473287,0.401047181358674,0.0336533998853872
"US",30,2013-06-01,4,0.370883940018532,0.404118170533041,0.0332342305145095
"EZ",31,2013-07-01,4,0.346971436429003,0.376354369540575,0.0293829331115714
"US",31,2013-07-01,4,0.3667010332276,0.40311503043498,0.0364139972073801
"EZ",32,2013-08-01,4,0.348367413148734,0.379258111555923,0.0308906984071892
"US",32,2013-08-01,4,0.386175552997199,0.426011657658086,0.0398361046608876
"EZ",33,2013-09-01,4,0.343336429586257,0.356254363089987,0.0129179335037301
"US",33,2013-09-01,4,0.439428063474351,0.449088651933059,0.00966058845870794
"EZ",34,2013-10-01,4,0.326434275936655,0.382200051294382,0.055765775357727
"US",34,2013-10-01,4,0.419815878164587,0.43683502964779,0.0170191514832033
"EZ",35,2013-11-01,4,0.303032621306633,0.323154485688641,0.0201218643820086
"US",35,2013-11-01,4,0.45393531780896,0.463058330925914,0.0091230131169534
"EZ",36,2013-12-01,4,0.326089978108997,0.351670998967433,0.0255810208584354
"US",36,2013-12-01,4,0.428619687523533,0.441555562967878,0.0129358754443452
"EZ",37,2014-01-01,4,0.320567105440646,0.340125397139541,0.0195582916988952
"US",37,2014-01-01,4,0.37575647132788,0.402672000305091,0.0269155289772109
"EZ",38,2014-02-01,4,0.309345075595793,0.329102581214335,0.019757505618542
"US",38,2014-02-01,4,0.358463850781544,0.382780574791903,0.0243167240103592
"EZ",39,2014-03-01,4,0.290921533247679,0.309086407862496,0.0181648746148161
"US",39,2014-03-01,4,0.351828588653912,0.374006303830641,0.0221777151767286
"EZ",40,2014-04-01,4,0.316688397637484,0.346901558187558,0.0302131605500737
"US",40,2014-04-01,4,0.435646416799861,0.445192774111902,0.00954635731204105
"EZ",41,2014-05-01,4,0.278537249078451,0.285541646056404,0.00700439697795308
"US",41,2014-05-01,4,0.374555582703438,0.40763586668917,0.0330802839857325
"EZ",42,2014-06-01,4,0.320464721111734,0.342558088130315,0.0220933670185814
"US",42,2014-06-01,4,0.384196551318236,0.421035120569875,0.0368385692516385
"EZ",43,2014-07-01,4,0.29719559165533,0.319405597133081,0.0222100054777507
"US",43,2014-07-01,4,0.431173659621381,0.438007914904039,0.00683425528265796
"EZ",44,2014-08-01,4,0.302606702702353,0.308281324808858,0.00567462210650595
"US",44,2014-08-01,4,0.416440229439667,0.424335449035737,0.00789521959606998
"EZ",45,2014-09-01,4,0.290510191369444,0.294469138863177,0.0039589474937329
"US",45,2014-09-01,4,0.370760005607511,0.381553153688235,0.0107931480807245
"EZ",46,2014-10-01,4,0.266697017169853,0.267430559004699,0.000733541834845167
"US",46,2014-10-01,4,0.366060614586159,0.37146576717981,0.00540515259365094
"EZ",47,2014-11-01,4,0.243473448802609,0.242602148310199,-0.000871300492409544
"US",47,2014-11-01,4,0.349876664262695,0.358533567486054,0.00865690322335901
"EZ",48,2014-12-01,4,0.227963345209977,0.241765183613911,0.0138018384039345
"US",48,2014-12-01,4,0.333818927110419,0.344277761284566,0.0104588341741471
"EZ",49,2015-01-01,4,0.207413634466938,0.219813607462757,0.0123999729958189
"US",49,2015-01-01,4,0.37143917195834,0.377385491439762,0.00594631948142232
"EZ",50,2015-02-01,4,0.209619464997846,0.234378375557642,0.0247589105597959
"US",50,2015-02-01,4,0.267609225400949,0.292012069534732,0.0244028441337828
"EZ",51,2015-03-01,4,0.215810611107444,0.240522501895831,0.0247118907883872
"US",51,2015-03-01,4,0.395110694525374,0.401602757086329,0.00649206256095427
"EZ",52,2015-04-01,4,0.226054571109813,0.228735102625216,0.00268053151540338
"US",52,2015-04-01,4,0.52902064040395,0.533298117479525,0.00427747707557482
"EZ",53,2015-05-01,4,0.2748429998573,0.299036206441497,0.0241932065841975
"US",53,2015-05-01,4,0.343672724831475,0.367392216198286,0.0237194913668113
"EZ",54,2015-06-01,4,0.26076229849808,0.264540021807125,0.0037777233090447
"US",54,2015-06-01,4,0.331301781214226,0.343169791639795,0.0118680104255687
"EZ",55,2015-07-01,4,0.275185962316234,0.29582948659206,0.020643524275826
"US",55,2015-07-01,4,0.363138230302141,0.373869998614983,0.0107317683128413
"EZ",56,2015-08-01,4,0.253926525674032,0.255746033514464,0.00181950784043177
"US",56,2015-08-01,4,0.304554106599608,0.316714311742458,0.0121602051428494
"EZ",57,2015-09-01,4,0.218493402003414,0.238458963618774,0.0199655616153594
"US",57,2015-09-01,4,0.339455393603364,0.354647729595106,0.015192335991742
"EZ",58,2015-10-01,4,0.21351720022421,0.215265414077337,0.00174821385312625
"US",58,2015-10-01,4,0.26756141980159,0.282535542491239,0.0149741226896489
"EZ",59,2015-11-01,4,0.246731139516983,0.247778872621504,0.00104773310452091
"US",59,2015-11-01,4,0.326123875306341,0.345830370736522,0.0197064954301805
"EZ",60,2015-12-01,4,0.250707341787861,0.267966014437504,0.0172586726496431
"US",60,2015-12-01,4,0.2988874547865,0.309361548219264,0.0104740934327635
"EZ",61,2016-01-01,4,0.230553720220153,0.233232206522779,0.00267848630262646
"US",61,2016-01-01,4,0.289058842740736,0.297252060220126,0.00819321747938999
"EZ",62,2016-02-01,4,0.209614212004445,0.22638990617934,0.0167756941748953
"US",62,2016-02-01,4,0.196676571997581,0.211359355576242,0.0146827835786615
"EZ",63,2016-03-01,4,0.190372137070616,0.213440520656079,0.0230683835854622
"US",63,2016-03-01,4,0.222378546834961,0.239027600100148,0.0166490532651869
"EZ",64,2016-04-01,4,0.181645129245882,0.199174812774853,0.017529683528971
"US",64,2016-04-01,4,0.308890763503835,0.310239810795481,0.00134904729164612
"EZ",65,2016-05-01,4,0.180929768270393,0.202985286920355,0.0220555186499627
"US",65,2016-05-01,4,0.262213659517759,0.268896184057889,0.00668252454012989
"EZ",66,2016-06-01,4,0.179663947402577,0.20490426927814,0.0252403218755631
"US",66,2016-06-01,4,0.270089266443453,0.277617751381171,0.00752848493771816
"EZ",67,2016-07-01,4,0.158443483833279,0.156767109232115,-0.00167637460116437
"US",67,2016-07-01,4,0.27864822297022,0.295347155423415,0.0166989324531947
"EZ",68,2016-08-01,4,0.178518950672151,0.179082784929914,0.000563834257763496
"US",68,2016-08-01,4,0.168641341590842,0.184704879518376,0.0160635379275343
"EZ",69,2016-09-01,4,0.112743476422849,0.128882894441289,0.0161394180184398
"US",69,2016-09-01,4,0.222296073787354,0.229275311232732,0.00697923744537771
"EZ",70,2016-10-01,4,0.122685951354015,0.133922666536953,0.0112367151829374
"US",70,2016-10-01,4,0.251258378623876,0.259211891690553,0.00795351306667701
"EZ",71,2016-11-01,4,0.152653645798265,0.151562801341995,-0.00109084445627089
"US",71,2016-11-01,4,0.32802068440988,0.327938282677622,-8.24017322577524e-05
"EZ",72,2016-12-01,4,0.14939351540817,0.13363320132845,-0.0157603140797203
"US",72,2016-12-01,4,0.315616086592336,0.348300597095131,0.0326845105027943
"EZ",73,2017-01-01,4,0.174871515352892,0.190290441011553,0.0154189256586609
"US",73,2017-01-01,4,0.306823609526814,0.335604041545178,0.028780432018364
"EZ",74,2017-02-01,4,0.182436157798506,0.166189766733469,-0.0162463910650369
"US",74,2017-02-01,4,0.300995036555773,0.326090721617215,0.0250956850614418
"EZ",75,2017-03-01,4,0.165431634372528,0.14933048491055,-0.0161011494619787
"US",75,2017-03-01,4,0.295613958717289,0.322589393994533,0.0269754352772444
"EZ",76,2017-04-01,4,0.150958063641661,0.136643035245974,-0.0143150283956863
"US",76,2017-04-01,4,0.293100962409296,0.322383993410377,0.0292830310010808
"EZ",77,2017-05-01,4,0.208349979055415,0.20359148059179,-0.00475849846362528
"US",77,2017-05-01,4,0.263428263057342,0.263406017553706,-2.22455036353042e-05
"EZ",78,2017-06-01,4,0.193160496077027,0.187952250190974,-0.00520824588605301
"US",78,2017-06-01,4,0.259562693306601,0.25539663056449,-0.00416606274211153
"EZ",79,2017-07-01,4,0.170314154307559,0.170865141909342,0.000550987601783154
"US",79,2017-07-01,4,0.243474669786849,0.230847147049752,-0.0126275227370974
"EZ",80,2017-08-01,4,0.141878547481934,0.129280870227086,-0.0125976772548485
"US",80,2017-08-01,4,0.192587904366401,0.19474325571201,0.00215535134560937
"EZ",81,2017-09-01,4,0.168667314040181,0.185794098527911,0.0171267844877301
"US",81,2017-09-01,4,0.274745909317725,0.309441738735913,0.034695829418188
"EZ",82,2017-10-01,4,0.172159087193015,0.181220922870161,0.00906183567714619
"US",82,2017-10-01,4,0.292591273920102,0.327132482120905,0.0345412082008032
"EZ",83,2017-11-01,4,0.147443312092315,0.133956586622581,-0.0134867254697346
"US",83,2017-11-01,4,0.269950699361936,0.302974251201158,0.0330235518392217
"EZ",84,2017-12-01,4,0.153874934414081,0.14322624067695,-0.0106486937371313
"US",84,2017-12-01,4,0.280931068830019,0.312554935658449,0.0316238668284304
"EZ",85,2018-01-01,4,0.156331734008496,0.155141575852742,-0.00119015815575342
"US",85,2018-01-01,4,0.276387295810171,0.308494383154018,0.0321070873438474
"EZ",86,2018-02-01,4,0.159299909785105,0.157289011057715,-0.00201089872739062
"US",86,2018-02-01,4,0.288684355668702,0.303363205587726,0.0146788499190238
"EZ",87,2018-03-01,4,0.195690615796494,0.190721046985448,-0.00496956881104553
"US",87,2018-03-01,4,0.290936418595908,0.301915225473473,0.0109788068775654
"EZ",88,2018-04-01,4,0.142009620547976,0.1364226312511,-0.00558698929687557
"US",88,2018-04-01,4,0.318708475027821,0.36792054698661,0.0492120719587887
"EZ",89,2018-05-01,4,0.14598246491079,0.144116628974217,-0.00186583593657366
"US",89,2018-05-01,4,0.328398137403773,0.372539547180761,0.0441414097769871
"EZ",90,2018-06-01,4,0.209432479923574,0.215148100862943,0.00571562093936878
"US",90,2018-06-01,4,0.306252923923283,0.325976631856121,0.0197237079328381
"EZ",91,2018-07-01,4,0.232803339158025,0.246638786622441,0.0138354474644161
"US",91,2018-07-01,4,0.230322828925509,0.216882074196012,-0.0134407547294967
"EZ",92,2018-08-01,4,0.262801282567727,0.304634630703122,0.0418333481353947
"US",92,2018-08-01,4,0.295770907024113,0.309533332282421,0.0137624252583081
"EZ",93,2018-09-01,4,0.243650828014072,0.25777725084986,0.0141264228357877
"US",93,2018-09-01,4,0.300399419357394,0.333182231866518,0.0327828125091238
"EZ",94,2018-10-01,4,0.251516254752545,0.278062070576173,0.0265458158236281
"US",94,2018-10-01,4,0.243089211645976,0.277810580159713,0.0347213685137366
"EZ",95,2018-11-01,4,0.144850652860552,0.139917637507113,-0.00493301535343937
"US",95,2018-11-01,4,0.293827160400557,0.334214031932686,0.0403868715321286
"EZ",96,2018-12-01,4,0.138859619453938,0.125447574896132,-0.0134120445578061
"US",96,2018-12-01,4,0.255576435333952,0.243389008275209,-0.0121874270587431
"EZ",97,2019-01-01,4,0.151197490180638,0.157688395278609,0.00649090509797084
"US",97,2019-01-01,4,0.187487799990639,0.177005814318499,-0.0104819856721403
"EZ",98,2019-02-01,4,0.149824378587723,0.140684601733892,-0.00913977685383061
"US",98,2019-02-01,4,0.197175511846894,0.196967946033932,-0.000207565812961707
"EZ",99,2019-03-01,4,0.118804834160927,0.107654268281106,-0.0111505658798211
"US",99,2019-03-01,4,0.218184654501277,0.209754225407472,-0.0084304290938053
"EZ",100,2019-04-01,4,0.17646340744812,0.168667774861671,-0.00779563258644913
"US",100,2019-04-01,4,0.229925090608071,0.222412348586079,-0.007512742021992
"EZ",101,2019-05-01,4,0.17310450760891,0.168058760570718,-0.00504574703819175
"US",101,2019-05-01,4,0.224809659495122,0.212735426086735,-0.0120742334083867
"EZ",102,2019-06-01,4,0.159755258878482,0.154618975649673,-0.00513628322880896
"US",102,2019-06-01,4,0.198768423221375,0.188080343598853,-0.010688079622522
"EZ",103,2019-07-01,4,0.128978510683674,0.129150328446281,0.00017181776260648
"US",103,2019-07-01,4,0.170448236803965,0.160613530508227,-0.00983470629573772
"EZ",104,2019-08-01,4,0.12754550186695,0.130207086268927,0.00266158440197756
"US",104,2019-08-01,4,0.174180929112059,0.171461116831082,-0.00271981228097641
"EZ",105,2019-09-01,4,0.1138866287975,0.189958799561155,0.0760721707636549
"US",105,2019-09-01,4,0.194622439663453,0.199515124209024,0.00489268454557104
"EZ",106,2019-10-01,4,0.109990385228545,0.120544063525724,0.0105536782971796
"US",106,2019-10-01,4,0.111252325228019,0.111085468773637,-0.000166856454382336
"EZ",107,2019-11-01,4,0.122789533289723,0.125064444859942,0.00227491157021876
"US",107,2019-11-01,4,0.193751256417692,0.218629456002886,0.0248781995851942
"EZ",108,2019-12-01,4,0.0944865349236759,0.0866099272773295,-0.00787660764634639
"US",108,2019-12-01,4,0.185540558629951,0.230866881262083,0.0453263226321325
"EZ",109,2020-01-01,4,0.14531622401968,0.150578032794846,0.00526180877516592
"US",109,2020-01-01,4,0.19530028853126,0.211658074832539,0.0163577863012789
"EZ",110,2020-02-01,4,0.149092577195612,0.144298137374107,-0.00479443982150457
"US",110,2020-02-01,4,0.195319675182152,0.219395901375462,0.0240762261933094
"EZ",111,2020-03-01,4,0.111019638597828,0.121832397106215,0.0108127585083865
"US",111,2020-03-01,4,0.136643193669389,0.133657026379534,-0.00298616728985479
"EZ",112,2020-04-01,4,0.0821557811737662,0.0845576458850046,0.00240186471123838
"US",112,2020-04-01,4,0.0899147998254025,0.0837856596374559,-0.00612914018794656
"EZ",113,2020-05-01,4,0.0488373429787976,0.0841840296702828,0.0353466866914852
"US",113,2020-05-01,4,0.130164148592476,0.129052090938523,-0.0011120576539524
"EZ",114,2020-06-01,4,0.100326131836492,0.094649860031118,-0.00567627180537391
"US",114,2020-06-01,4,0.207224432650757,0.213628167997337,0.00640373534658013
"EZ",115,2020-07-01,4,0.127528289497848,0.125599041291326,-0.00192924820652227
"US",115,2020-07-01,4,0.194869869255327,0.206437666364913,0.0115677971095859
"EZ",116,2020-08-01,4,0.123307463707184,0.135460734744342,0.0121532710371576
"US",116,2020-08-01,4,0.2098002518835,0.214562560238294,0.00476230835479393
"EZ",117,2020-09-01,4,0.129133396045074,0.143154720114576,0.0140213240695021
"US",117,2020-09-01,4,0.294053820096613,0.292021990587685,-0.00203182950892829
"EZ",118,2020-10-01,4,0.122418930127501,0.135123699641384,0.0127047695138823
"US",118,2020-10-01,4,0.184593609637496,0.184609341698941,1.57320614441736e-05
"EZ",119,2020-11-01,4,0.129713115025727,0.142654481606673,0.0129413665809461
"US",119,2020-11-01,4,0.193304906530831,0.19484928787414,0.00154438134330901
"EZ",120,2020-12-01,4,0.181577123245518,0.198047516018907,0.0164703927733893
"US",120,2020-12-01,4,0.211059940632325,0.22083032527213,0.00977038463980543
"EZ",121,2021-01-01,4,0.133459668463356,0.130421376628612,-0.00303829183474412
"US",121,2021-01-01,4,0.249497159807838,0.257403970951126,0.00790681114328777
"EZ",122,2021-02-01,4,0.149379930344977,0.156154397562987,0.00677446721801002
"US",122,2021-02-01,4,0.250667361584775,0.259130505108097,0.00846314352332173
"EZ",123,2021-03-01,4,0.125428652579036,0.115732577392514,-0.00969607518652238
"US",123,2021-03-01,4,0.224017874993495,0.250832220300236,0.0268143453067404
"EZ",124,2021-04-01,4,0.169067613909252,0.165389653970599,-0.00367795993865311
"US",124,2021-04-01,4,0.312063342628122,0.322905701157718,0.0108423585295965
"EZ",125,2021-05-01,4,0.142065022403261,0.132239798868796,-0.0098252235344648
"US",125,2021-05-01,4,0.250536625156548,0.256294428363832,0.00575780320728444
"EZ",126,2021-06-01,4,0.143313429184889,0.145544732714742,0.00223130352985222
"US",126,2021-06-01,4,0.372108491544406,0.380958366634819,0.00884987509041246
"EZ",127,2021-07-01,4,0.2090116211194,0.207553605540084,-0.00145801557931679
"US",127,2021-07-01,4,0.357326079808191,0.362790555613174,0.00546447580498298
"EZ",128,2021-08-01,4,0.219704836487551,0.234504558969049,0.0147997224814983
"US",128,2021-08-01,4,0.366385297531863,0.378654880268916,0.0122695827370531
"EZ",129,2021-09-01,4,0.265391726660305,0.290902425192692,0.0255106985323867
"US",129,2021-09-01,4,0.377341329511519,0.388307090520458,0.0109657610089399
"EZ",130,2021-10-01,4,0.115726324799444,0.136225136341503,0.0204988115420596
"US",130,2021-10-01,4,0.385939390864709,0.393863572442617,0.00792418157790841
"EZ",131,2021-11-01,4,0.125276188057957,0.123752628911306,-0.00152355914665118
"US",131,2021-11-01,4,0.273502633805292,0.267826548508667,-0.00567608529662539
"EZ",132,2021-12-01,4,0.116544357211588,0.114853944244492,-0.00169041296709595
"US",132,2021-12-01,4,0.355433478690644,0.376340338778265,0.0209068600876209
"EZ",133,2022-01-01,4,0.328065307281141,0.329863539378221,0.00179823209708044
"US",133,2022-01-01,4,0.357138335915167,0.376297024467909,0.0191586885527418
"EZ",134,2022-02-01,4,0.327566744966861,0.329375614843136,0.00180886987627536
"US",134,2022-02-01,4,0.379866684867883,0.390824276139961,0.0109575912720783
"EZ",135,2022-03-01,4,0.327127619279466,0.333594735902572,0.00646711662310575
"US",135,2022-03-01,4,0.297535913194815,0.304055309501099,0.0065193963062848
"EZ",136,2022-04-01,4,0.407975241603608,0.413358564111351,0.00538332250774334
"US",136,2022-04-01,4,0.324631091804862,0.33483478591425,0.0102036941093875
"EZ",137,2022-05-01,4,0.39432894730271,0.404460623904369,0.0101316766016593
"US",137,2022-05-01,4,0.322853611462445,0.330058353411271,0.00720474194882582
"EZ",138,2022-06-01,4,0.363376064370948,0.386412265780779,0.0230362014098308
"US",138,2022-06-01,4,0.319029548409048,0.327551810497101,0.00852226208805277
"EZ",139,2022-07-01,4,0.363726412897468,0.367327173837237,0.00360076093976926
"US",139,2022-07-01,4,0.390403034315788,0.397753385645267,0.0073503513294794
"EZ",140,2022-08-01,4,0.377401341768075,0.386469679167105,0.00906833739903005
"US",140,2022-08-01,4,0.40238703317283,0.409969502332877,0.00758246916004676
"EZ",141,2022-09-01,4,0.365992704684197,0.374070745609266,0.00807804092506897
"US",141,2022-09-01,4,0.370037574929653,0.381247110291881,0.0112095353622284
"EZ",142,2022-10-01,4,0.364589416754272,0.373018860369821,0.00842944361554908
"US",142,2022-10-01,4,0.375408645372937,0.377345634585609,0.00193698921267181
"EZ",143,2022-11-01,4,0.417942669915789,0.404487277432476,-0.0134553924833125
"US",143,2022-11-01,4,0.383186229088988,0.39011564656167,0.00692941747268243
"EZ",144,2022-12-01,4,0.419740551161219,0.401789832981786,-0.0179507181794327
"US",144,2022-12-01,4,0.376302227307723,0.374919542899696,-0.00138268440802677
"EZ",145,2023-01-01,4,0.392958760982921,0.384333077268355,-0.00862568371456574
"US",145,2023-01-01,4,0.413172069823858,0.402899723271497,-0.0102723465523606
"EZ",146,2023-02-01,4,0.355843245217325,0.358302776248135,0.00245953103080964
"US",146,2023-02-01,4,0.364338940123981,0.362290665400486,-0.00204827472349546
"EZ",147,2023-03-01,4,0.426602350460929,0.43585664123985,0.00925429077892137
"US",147,2023-03-01,4,0.295150619033289,0.317220987320828,0.0220703682875385
"EZ",148,2023-04-01,4,0.372127780746237,0.374520339717211,0.00239255897097372
"US",148,2023-04-01,4,0.260342244607784,0.285675841209532,0.0253335966017478
"EZ",149,2023-05-01,4,0.379510473760265,0.386406640674324,0.00689616691405863
"US",149,2023-05-01,4,0.439044778932347,0.444760184673533,0.0057154057411865
"EZ",150,2023-06-01,4,0.384056879159861,0.390830897696171,0.00677401853630977
"US",150,2023-06-01,4,0.360972287828542,0.367867507529468,0.00689521970092648
"EZ",151,2023-07-01,4,0.374299119175506,0.381385711240724,0.00708659206521798
"US",151,2023-07-01,4,0.345624434179465,0.351726810306062,0.00610237612659669
"EZ",152,2023-08-01,4,0.413895543845588,0.419385848906831,0.00549030506124352
"US",152,2023-08-01,4,0.322368927114785,0.338575519335771,0.0162065922209861
"EZ",153,2023-09-01,4,0.382787515973511,0.388514910692313,0.00572739471880279
"US",153,2023-09-01,4,0.32742151427231,0.340757241131366,0.0133357268590557
"EZ",154,2023-10-01,4,0.326082120216352,0.346421631857632,0.02033951164128
"US",154,2023-10-01,4,0.333656063837989,0.347645550178781,0.0139894863407921
"EZ",155,2023-11-01,4,0.318351297388155,0.335592665226496,0.0172413678383416
"US",155,2023-11-01,4,0.309175466041233,0.325432285477325,0.0162568194360919
"EZ",156,2023-12-01,4,0.299858954411536,0.315930593684254,0.0160716392727179
"US",156,2023-12-01,4,0.312781939518966,0.327387793000598,0.0146058534816322
"EZ",157,2024-01-01,4,0.31688543479321,0.339312384357264,0.0224269495640539
"US",157,2024-01-01,4,0.443403329007378,0.44881457654991,0.00541124754253155
"EZ",158,2024-02-01,4,0.28501889633324,0.312734149949616,0.0277152536163753
"US",158,2024-02-01,4,0.315962153554962,0.337527215707682,0.0215650621527202
"EZ",159,2024-03-01,4,0.313779305813754,0.332922057044824,0.0191427512310703
"US",159,2024-03-01,4,0.313683401542033,0.328398064850633,0.0147146633085992
"EZ",160,2024-04-01,4,0.321256553070369,0.340006421889701,0.0187498688193321
"US",160,2024-04-01,4,0.324515781569335,0.338071545489948,0.0135557639206132
"EZ",161,2024-05-01,4,0.318747447589693,0.343221030888432,0.0244735832987389
"US",161,2024-05-01,4,0.444613142048605,0.450378183125147,0.00576504107654173
"EZ",162,2024-06-01,4,0.311959043964925,0.3343557060791,0.0223966621141748
"US",162,2024-06-01,4,0.363257828836835,0.369054174562574,0.00579634572573877
"EZ",163,2024-07-01,4,0.280388656246305,0.315921909024423,0.0355332527781182
"US",163,2024-07-01,4,0.352726919797225,0.35909313930181,0.00636621950458518
"EZ",164,2024-08-01,4,0.290486190422695,0.316104634018607,0.0256184435959114
"US",164,2024-08-01,4,0.334814825496172,0.341776126849815,0.00696130135364297
"EZ",165,2024-09-01,4,0.355594390920229,0.357676702271239,0.00208231135101043
"US",165,2024-09-01,4,0.342635924561808,0.348878453997807,0.0062425294359994
"EZ",166,2024-10-01,4,0.266914873384611,0.29337792767979,0.0264630542951789
"US",166,2024-10-01,4,0.355526726063347,0.361539295236544,0.00601256917319741
"EZ",1,2011-01-01,5,0.214490416445799,0.235880983829022,0.0213905673832237
"US",1,2011-01-01,5,0.291940583932214,0.329376423101813,0.0374358391695986
"EZ",2,2011-02-01,5,0.258847432876862,0.290028810294967,0.0311813774181051
"US",2,2011-02-01,5,0.35310874428224,0.391905769494924,0.0387970252126833
"EZ",3,2011-03-01,5,0.251569232309234,0.275583767656756,0.0240145353475217
"US",3,2011-03-01,5,0.343699421482242,0.37819062457254,0.0344912030902979
"EZ",4,2011-04-01,5,0.251564082845966,0.27498579904441,0.0234217161984437
"US",4,2011-04-01,5,0.50649430439406,0.517118895793039,0.010624591398979
"EZ",5,2011-05-01,5,0.24048068654141,0.263893561399499,0.0234128748580894
"US",5,2011-05-01,5,0.479730231341466,0.489184084212082,0.00945385287061628
"EZ",6,2011-06-01,5,0.248751733632335,0.276212036425919,0.0274603027935835
"US",6,2011-06-01,5,0.337130625518962,0.386432894430211,0.049302268911249
"EZ",7,2011-07-01,5,0.246544384551962,0.275948440306292,0.0294040557543302
"US",7,2011-07-01,5,0.367727392285339,0.4231365203482,0.055409128062861
"EZ",8,2011-08-01,5,0.23752569331064,0.266519787575924,0.0289940942652838
"US",8,2011-08-01,5,0.308286837970383,0.352209573958127,0.0439227359877437
"EZ",9,2011-09-01,5,0.15785738341936,0.209422888038285,0.0515655046189248
"US",9,2011-09-01,5,0.352108069360866,0.403267453356255,0.0511593839953893
"EZ",10,2011-10-01,5,0.131405144094933,0.186521965597476,0.0551168215025431
"US",10,2011-10-01,5,0.475767108651836,0.486573621688494,0.0108065130366578
"EZ",11,2011-11-01,5,0.220231624484194,0.24551406630041,0.0252824418162154
"US",11,2011-11-01,5,0.296009804624031,0.330933146053683,0.034923341429652
"EZ",12,2011-12-01,5,0.254603692282566,0.282111390697337,0.0275076984147708
"US",12,2011-12-01,5,0.283401582521118,0.30967217821955,0.0262705956984327
"EZ",13,2012-01-01,5,0.250719029453487,0.27678949082968,0.0260704613761939
"US",13,2012-01-01,5,0.261918521478337,0.284482344890024,0.0225638234116873
"EZ",14,2012-02-01,5,0.280899944742301,0.309928193586311,0.0290282488440105
"US",14,2012-02-01,5,0.275396852339899,0.305781301823809,0.0303844494839103
"EZ",15,2012-03-01,5,0.228476282567192,0.242925642039973,0.0144493594727807
"US",15,2012-03-01,5,0.303580173956172,0.329952266258442,0.0263720923022701
"EZ",16,2012-04-01,5,0.260059429279952,0.293411820038044,0.0333523907580922
"US",16,2012-04-01,5,0.298592322524762,0.324527360447666,0.0259350379229044
"EZ",17,2012-05-01,5,0.221859204094495,0.252692447892215,0.0308332437977205
"US",17,2012-05-01,5,0.344640037868702,0.37210434392312,0.0274643060544188
"EZ",18,2012-06-01,5,0.38932780273401,0.454252777332407,0.0649249745983962
"US",18,2012-06-01,5,0.217299249874757,0.239070845174555,0.0217715952997981
"EZ",19,2012-07-01,5,0.348568379224138,0.412544842291184,0.0639764630670466
"US",19,2012-07-01,5,0.208204903198247,0.228831537275691,0.020626634077444
"EZ",20,2012-08-01,5,0.210044818004,0.238721123728067,0.0286763057240676
"US",20,2012-08-01,5,0.34693708766311,0.375316822459694,0.0283797347965834
"EZ",21,2012-09-01,5,0.23173919246095,0.267510704809726,0.0357715123487756
"US",21,2012-09-01,5,0.396968618827642,0.421281141044032,0.0243125222163902
"EZ",22,2012-10-01,5,0.241554845037436,0.283222282062824,0.041667437025388
"US",22,2012-10-01,5,0.286472827378463,0.311882082489691,0.025409255111228
"EZ",23,2012-11-01,5,0.217859055104351,0.253111768941233,0.035252713836882
"US",23,2012-11-01,5,0.426548059834123,0.454423893027921,0.0278758331937973
"EZ",24,2012-12-01,5,0.216918258398234,0.252555140206799,0.0356368818085644
"US",24,2012-12-01,5,0.426085308533035,0.454352942130733,0.0282676335976981
"EZ",25,2013-01-01,5,0.218859711263962,0.24867927738544,0.0298195661214783
"US",25,2013-01-01,5,0.252739879844063,0.285810135281548,0.0330702554374854
"EZ",26,2013-02-01,5,0.218902967584424,0.250318403938672,0.0314154363542474
"US",26,2013-02-01,5,0.447955545172734,0.469728785856301,0.0217732406835669
"EZ",27,2013-03-01,5,0.215421686824747,0.245651587145363,0.0302299003206163
"US",27,2013-03-01,5,0.243457102206798,0.282111434061587,0.0386543318547881
"EZ",28,2013-04-01,5,0.215495348550153,0.246276529290019,0.0307811807398659
"US",28,2013-04-01,5,0.237544177779254,0.273516683831061,0.0359725060518068
"EZ",29,2013-05-01,5,0.215112106604723,0.245038455668962,0.0299263490642389
"US",29,2013-05-01,5,0.222437776672994,0.253746138742977,0.031308362069983
"EZ",30,2013-06-01,5,0.186919077837024,0.21573754931088,0.0288184714738558
"US",30,2013-06-01,5,0.209894772079548,0.239052492373504,0.0291577202939559
"EZ",31,2013-07-01,5,0.155837902703577,0.181743296130784,0.0259053934272073
"US",31,2013-07-01,5,0.218825718932668,0.251452429468272,0.0326267105356042
"EZ",32,2013-08-01,5,0.15910636176516,0.186577869716559,0.0274715079513996
"US",32,2013-08-01,5,0.229410195717407,0.265287981101432,0.0358777853840257
"EZ",33,2013-09-01,5,0.27810645529426,0.300348299797501,0.0222418445032413
"US",33,2013-09-01,5,0.364446609080658,0.386377563429242,0.0219309543485843
"EZ",34,2013-10-01,5,0.16964037622063,0.23097627935427,0.0613359031336401
"US",34,2013-10-01,5,0.264816090349395,0.275612487262156,0.0107963969127616
"EZ",35,2013-11-01,5,0.239939113386425,0.259170086040349,0.0192309726539235
"US",35,2013-11-01,5,0.369024567297261,0.392203407127009,0.0231788398297478
"EZ",36,2013-12-01,5,0.111285116903114,0.15011367482937,0.0388285579262553
"US",36,2013-12-01,5,0.35330030209208,0.378144961515106,0.0248446594230266
"EZ",37,2014-01-01,5,0.247865437083401,0.263905110853176,0.0160396737697749
"US",37,2014-01-01,5,0.185290419303811,0.208892409643146,0.0236019903393346
"EZ",38,2014-02-01,5,0.234745810581998,0.250439563545755,0.0156937529637571
"US",38,2014-02-01,5,0.173857224547597,0.194601505795438,0.0207442812478405
"EZ",39,2014-03-01,5,0.22494075598947,0.242094633840918,0.0171538778514484
"US",39,2014-03-01,5,0.164497949923361,0.183393399010195,0.0188954490868336
"EZ",40,2014-04-01,5,0.158431191400836,0.186923896915413,0.0284927055145776
"US",40,2014-04-01,5,0.350989181583338,0.373922764370365,0.0229335827870265
"EZ",41,2014-05-01,5,0.154239732442736,0.165785681369559,0.0115459489268229
"US",41,2014-05-01,5,0.178931128382027,0.202391774269257,0.0234606458872295
"EZ",42,2014-06-01,5,0.242145562952971,0.261847765633635,0.019702202680664
"US",42,2014-06-01,5,0.184959433337878,0.212261693965834,0.0273022606279564
"EZ",43,2014-07-01,5,0.251437619465242,0.276826877280171,0.0253892578149287
"US",43,2014-07-01,5,0.33454298677051,0.356502304417281,0.0219593176467709
"EZ",44,2014-08-01,5,0.106592746993639,0.119061966877406,0.0124692198837673
"US",44,2014-08-01,5,0.26633240488778,0.283243316184481,0.0169109112967007
"EZ",45,2014-09-01,5,0.0958379995540712,0.106821379492955,0.0109833799388836
"US",45,2014-09-01,5,0.230210794049464,0.247102112293744,0.0168913182442794
"EZ",46,2014-10-01,5,0.0759099802905974,0.0838706676492456,0.00796068735864818
"US",46,2014-10-01,5,0.266557566481642,0.285845615245991,0.0192880487643491
"EZ",47,2014-11-01,5,0.0618912573697907,0.0683067613861086,0.00641550401631792
"US",47,2014-11-01,5,0.259816521336493,0.280430609072597,0.0206140877361039
"EZ",48,2014-12-01,5,0.0905911764218069,0.1049753747921,0.0143841983702936
"US",48,2014-12-01,5,0.246792967214154,0.258373200989795,0.0115802337756406
"EZ",49,2015-01-01,5,0.114522476407633,0.124211604758433,0.00968912835079926
"US",49,2015-01-01,5,0.280261743385645,0.286506713407365,0.00624497002171969
"EZ",50,2015-02-01,5,0.202859834993444,0.227654186570864,0.0247943515774197
"US",50,2015-02-01,5,0.229686854378401,0.256046513032766,0.026359658654365
"EZ",51,2015-03-01,5,0.205155929440837,0.229941029912551,0.0247851004717142
"US",51,2015-03-01,5,0.288477315701969,0.29516280419173,0.00668548848976117
"EZ",52,2015-04-01,5,0.0607417765677753,0.0683539577807777,0.00761218121300238
"US",52,2015-04-01,5,0.504068639238099,0.508340699964458,0.00427206072635951
"EZ",53,2015-05-01,5,0.0771294539068696,0.1077271347199,0.0305976808130306
"US",53,2015-05-01,5,0.305352057832805,0.3322728004049,0.0269207425720946
"EZ",54,2015-06-01,5,0.0876403072479527,0.097096201620599,0.00945589437264628
"US",54,2015-06-01,5,0.269045526766987,0.281477826211791,0.012432299444804
"EZ",55,2015-07-01,5,0.0741933161603058,0.108700374668983,0.034507058508677
"US",55,2015-07-01,5,0.294273223791728,0.305622279889584,0.0113490560978553
"EZ",56,2015-08-01,5,0.086879018900448,0.092114021797086,0.00523500289663801
"US",56,2015-08-01,5,0.238635028587413,0.250603311131926,0.0119682825445128
"EZ",57,2015-09-01,5,0.185949768446723,0.207772728996485,0.0218229605497622
"US",57,2015-09-01,5,0.321227022880199,0.33716716078289,0.0159401379026913
"EZ",58,2015-10-01,5,0.0734672553333074,0.0764158888679281,0.00294863353462067
"US",58,2015-10-01,5,0.223313891583307,0.238259304070886,0.0149454124875791
"EZ",59,2015-11-01,5,0.0727692610823627,0.080505332988137,0.00773607190577432
"US",59,2015-11-01,5,0.288913007990688,0.305901276029483,0.0169882680387954
"EZ",60,2015-12-01,5,0.173891944822801,0.188273055674675,0.0143811108518743
"US",60,2015-12-01,5,0.237179960309526,0.247585018499517,0.0104050581899912
"EZ",61,2016-01-01,5,0.0847642482344647,0.0892243547774369,0.00446010654297222
"US",61,2016-01-01,5,0.22011582126346,0.235789969423029,0.0156741481595689
"EZ",62,2016-02-01,5,0.0934385262639045,0.108598450946349,0.0151599246824449
"US",62,2016-02-01,5,0.0604743304038252,0.0739824240281702,0.013508093624345
"EZ",63,2016-03-01,5,0.18387270810447,0.206964087772111,0.0230913796676411
"US",63,2016-03-01,5,0.197413779381515,0.215007801410413,0.0175940220288984
"EZ",64,2016-04-01,5,0.080174283362338,0.0957668572949836,0.0155925739326456
"US",64,2016-04-01,5,0.21699325958887,0.229580908498483,0.0125876489096124
"EZ",65,2016-05-01,5,0.0775778343770638,0.0939802720818398,0.016402437704776
"US",65,2016-05-01,5,0.187058063829737,0.200980888078536,0.0139228242487994
"EZ",66,2016-06-01,5,0.079455825136711,0.0977952087245641,0.0183393835878532
"US",66,2016-06-01,5,0.21389956366373,0.221975931654784,0.00807636799105438
"EZ",67,2016-07-01,5,0.0388645463890494,0.0418108839269208,0.00294633753787134
"US",67,2016-07-01,5,0.245106997719664,0.259829353591448,0.0147223558717831
"EZ",68,2016-08-01,5,0.0766892764693783,0.0773592248381907,0.000669948368812401
"US",68,2016-08-01,5,0.0524187121690049,0.0710375885087214,0.0186188763397165
"EZ",69,2016-09-01,5,0.112743476322004,0.128882894340898,0.0161394180188934
"US",69,2016-09-01,5,0.160493042177001,0.17293209039041,0.0124390482134087
"EZ",70,2016-10-01,5,0.122685947466237,0.133922662117344,0.0112367146511069
"US",70,2016-10-01,5,0.196907529973879,0.210352075269061,0.0134445452951814
"EZ",71,2016-11-01,5,0.032488499300602,0.0359535276724693,0.00346502837186734
"US",71,2016-11-01,5,0.233946556444224,0.246223099914268,0.0122765434700435
"EZ",72,2016-12-01,5,0.0191654951313498,0.0195732938491878,0.000407798717838009
"US",72,2016-12-01,5,0.144255794036906,0.165975917164514,0.0217201231276077
"EZ",73,2017-01-01,5,0.174871515063326,0.190290440677171,0.0154189256138452
"US",73,2017-01-01,5,0.131968628308775,0.151456747726955,0.0194881194181799
"EZ",74,2017-02-01,5,0.0300806473547374,0.0313972481329593,0.00131660077822193
"US",74,2017-02-01,5,0.121517329588946,0.138769699980327,0.0172523703913809
"EZ",75,2017-03-01,5,0.0244797348282957,0.0251600893510669,0.000680354522771232
"US",75,2017-03-01,5,0.125947748186544,0.144070485354055,0.0181227371675112
"EZ",76,2017-04-01,5,0.0217771750933264,0.0221977203907754,0.000420545297448987
"US",76,2017-04-01,5,0.131546103742221,0.150729755737946,0.0191836519957251
"EZ",77,2017-05-01,5,0.043022354806176,0.0420280097946164,-0.000994345011559535
"US",77,2017-05-01,5,0.059156532005831,0.059197618835276,4.10868294450084e-05
"EZ",78,2017-06-01,5,0.0249179384671441,0.0244625282223984,-0.000455410244745717
"US",78,2017-06-01,5,0.0540773145982185,0.0537683946098419,-0.00030891998837663
"EZ",79,2017-07-01,5,0.0232288833451781,0.0255589502387088,0.00233006689353067
"US",79,2017-07-01,5,0.00490090868061451,0.00515589370842977,0.00025498502781526
"EZ",80,2017-08-01,5,0.020331172184178,0.0213707823073155,0.00103961012313753
"US",80,2017-08-01,5,0.0741903010685427,0.0752892047739525,0.00109890370540983
"EZ",81,2017-09-01,5,0.0471671542322923,0.0588554879999232,0.0116883337676309
"US",81,2017-09-01,5,0.209739490330185,0.233336576688137,0.0235970863579525
"EZ",82,2017-10-01,5,0.0262084968170953,0.0331750579752703,0.00696656115817501
"US",82,2017-10-01,5,0.136609241594427,0.1525600806571,0.0159508390626731
"EZ",83,2017-11-01,5,0.0204685564677021,0.0215187383628782,0.00105018189517608
"US",83,2017-11-01,5,0.189149052447518,0.209615735162425,0.0204666827149067
"EZ",84,2017-12-01,5,0.0219124898940498,0.0238189313272433,0.00190644143319351
"US",84,2017-12-01,5,0.109002791774769,0.125176818591739,0.0161740268169706
"EZ",85,2018-01-01,5,0.024781798553085,0.0289716516116811,0.00418985305859605
"US",85,2018-01-01,5,0.187805879346282,0.206909102355636,0.0191032230093536
"EZ",86,2018-02-01,5,0.0239556077574782,0.0279185571279193,0.0039629493704411
"US",86,2018-02-01,5,0.0722292289386818,0.0858801170907104,0.0136508881520286
"EZ",87,2018-03-01,5,0.0333510346592027,0.0327632048875058,-0.000587829771696909
"US",87,2018-03-01,5,0.060648889587253,0.0715519039827057,0.0109030143954527
"EZ",88,2018-04-01,5,0.0203772425886432,0.0230072006361282,0.00262995804748507
"US",88,2018-04-01,5,0.136977666580762,0.162087379691691,0.0251097131109293
"EZ",89,2018-05-01,5,0.0226007276382422,0.0262720829022534,0.00367135526401128
"US",89,2018-05-01,5,0.12465676805595,0.143468921041772,0.018812152985822
"EZ",90,2018-06-01,5,0.154922253507262,0.165129296821251,0.0102070433139888
"US",90,2018-06-01,5,0.0712135236431571,0.0839127752080103,0.0126992515648531
"EZ",91,2018-07-01,5,0.0976826608928178,0.104478915259215,0.00679625436639724
"US",91,2018-07-01,5,9.94036396322426e-07,1.07388967240512e-06,7.98532760826917e-08
"EZ",92,2018-08-01,5,0.243568674607061,0.282136061170037,0.0385673865629756
"US",92,2018-08-01,5,0.066768167172424,0.0782489729003473,0.0114808057279233
"EZ",93,2018-09-01,5,0.125892142818894,0.13298476839024,0.00709262557134572
"US",93,2018-09-01,5,0.200812152442513,0.219880094787025,0.0190679423445114
"EZ",94,2018-10-01,5,0.235040370604782,0.259557387783616,0.0245170171788331
"US",94,2018-10-01,5,0.129985031649316,0.151182061351842,0.0211970297025259
"EZ",95,2018-11-01,5,0.0224991662944597,0.0254651967173471,0.00296603042288742
"US",95,2018-11-01,5,0.121797635491792,0.141721889226817,0.0199242537350253
"EZ",96,2018-12-01,5,0.0178073803357668,0.0186179680659947,0.000810587730227886
"US",96,2018-12-01,5,0.00288528173667067,0.00301992930861288,0.000134647571942211
"EZ",97,2019-01-01,5,0.0411846923461778,0.0475808463652366,0.00639615401905881
"US",97,2019-01-01,5,0.00177209457559512,0.00184582663652051,7.37320609253935e-05
"EZ",98,2019-02-01,5,0.00315803431056816,0.00320736978643199,4.93354758638359e-05
"US",98,2019-02-01,5,0.0613113821032993,0.0613106297014844,-7.52401814906042e-07
"EZ",99,2019-03-01,5,0.0153018195502111,0.0157390915676948,0.000437272017483679
"US",99,2019-03-01,5,0.00400409436709792,0.0038312493139734,-0.000172845053124517
"EZ",100,2019-04-01,5,0.00760501123013549,0.00763804910908454,3.30378789490413e-05
"US",100,2019-04-01,5,0.0130635901536221,0.0129429692900283,-0.000120620863593825
"EZ",101,2019-05-01,5,0.022622263359481,0.0221710225912101,-0.000451240768270886
"US",101,2019-05-01,5,0.0023932394495819,0.00250043518783691,0.00010719573825501
"EZ",102,2019-06-01,5,0.028619486908674,0.0276702613172951,-0.00094922559137897
"US",102,2019-06-01,5,0.00250606569102588,0.00259569285439271,8.96271633668332e-05
"EZ",103,2019-07-01,5,0.0220678658420516,0.0285466485247491,0.00647878268269754
"US",103,2019-07-01,5,0.00182797063974443,0.00190146378231971,7.34931425752839e-05
"EZ",104,2019-08-01,5,0.0212428154368197,0.0304736568421479,0.0092308414053282
"US",104,2019-08-01,5,0.0448071226815359,0.044142490496123,-0.000664632185412903
"EZ",105,2019-09-01,5,0.0811849090588308,0.139607498776251,0.0584225897174201
"US",105,2019-09-01,5,0.136886670154137,0.1461241980144,0.00923752786026334
"EZ",106,2019-10-01,5,0.109978262832408,0.120531936678774,0.0105536738463664
"US",106,2019-10-01,5,0.0268489451343818,0.0276641036464289,0.000815158512047126
"EZ",107,2019-11-01,5,0.0184543875730937,0.0275968657312652,0.00914247815817152
"US",107,2019-11-01,5,0.13689864544781,0.152340213066789,0.015441567618979
"EZ",108,2019-12-01,5,0.0116515007474474,0.0112729993100415,-0.000378501437405836
"US",108,2019-12-01,5,0.185539259856339,0.230865641968767,0.0453263821124283
"EZ",109,2020-01-01,5,0.0953766510959947,0.0992238670469713,0.0038472159509766
"US",109,2020-01-01,5,0.0568018924258717,0.0627878626070966,0.00598597018122488
"EZ",110,2020-02-01,5,0.00625639541536284,0.00615278590536898,-0.00010360950999386
"US",110,2020-02-01,5,0.140184115961976,0.155319789910647,0.0151356739486718
"EZ",111,2020-03-01,5,0.11100948566563,0.121822247548825,0.0108127618831946
"US",111,2020-03-01,5,0.00828523435337151,0.00978050584933484,0.00149527149596332
"EZ",112,2020-04-01,5,0.0280203681055672,0.029341102424502,0.00132073431893475
"US",112,2020-04-01,5,0.000944695920214794,0.000870433556864671,-7.42623633501236e-05
"EZ",113,2020-05-01,5,0.0399080915602699,0.0755050290689853,0.0355969375087154
"US",113,2020-05-01,5,0.025053440492797,0.027783869826024,0.00273042933322697
"EZ",114,2020-06-01,5,0.00781922608420433,0.00740769388074319,-0.000411532203461135
"US",114,2020-06-01,5,0.126520626607631,0.138160232145273,0.0116396055376422
"EZ",115,2020-07-01,5,0.0539353543262513,0.0532800048763731,-0.000655349449878197
"US",115,2020-07-01,5,0.168216218367,0.180364743965499,0.0121485255984986
"EZ",116,2020-08-01,5,0.114797358831912,0.126900099527724,0.0121027406958121
"US",116,2020-08-01,5,0.0986086198970306,0.101450623316458,0.00284200341942734
"EZ",117,2020-09-01,5,0.125631199421224,0.139605485435367,0.0139742860141428
"US",117,2020-09-01,5,0.200937043744646,0.210035185831661,0.0090981420870153
"EZ",118,2020-10-01,5,0.121186738952866,0.133870474132252,0.0126837351793857
"US",118,2020-10-01,5,0.036025652280718,0.0363331846304114,0.000307532349693354
"EZ",119,2020-11-01,5,0.128501071344939,0.141429485915415,0.0129284145704761
"US",119,2020-11-01,5,0.0462048793494305,0.0468066855129737,0.000601806163543238
"EZ",120,2020-12-01,5,0.181577123245518,0.198047516018907,0.0164703927733893
"US",120,2020-12-01,5,0.0389852551375876,0.0475335624612428,0.00854830732365521
"EZ",121,2021-01-01,5,0.0239201130146463,0.0256669715048699,0.00174685849022355
"US",121,2021-01-01,5,0.105768419106749,0.109593038639717,0.0038246195329688
"EZ",122,2021-02-01,5,0.128554389433219,0.134935764537631,0.00638137510441195
"US",122,2021-02-01,5,0.118954967923046,0.123415136399003,0.00446016847595642
"EZ",123,2021-03-01,5,0.0188529946350651,0.019729726799023,0.000876732163957974
"US",123,2021-03-01,5,0.125549958852088,0.141259213879288,0.0157092550272003
"EZ",124,2021-04-01,5,0.0413218518981867,0.0407344328568048,-0.000587419041381837
"US",124,2021-04-01,5,0.128725439695906,0.136753572407078,0.00802813271117204
"EZ",125,2021-05-01,5,0.0230694470514168,0.0244534467580146,0.00138399970659786
"US",125,2021-05-01,5,0.159273296833924,0.16684348762089,0.00757019078696643
"EZ",126,2021-06-01,5,0.0619442027093155,0.0650288957951328,0.00308469308581734
"US",126,2021-06-01,5,0.351283842183123,0.360275014179961,0.00899117199683785
"EZ",127,2021-07-01,5,0.043979550610801,0.0444552301115505,0.000475679500749597
"US",127,2021-07-01,5,0.308526739384442,0.315128532539974,0.00660179315553216
"EZ",128,2021-08-01,5,0.0870950682258212,0.0943331730277722,0.00723810480195103
"US",128,2021-08-01,5,0.352761464997671,0.364972512929744,0.0122110479320732
"EZ",129,2021-09-01,5,0.173571933047381,0.187985920193809,0.0144139871464282
"US",129,2021-09-01,5,0.349276238748843,0.360113517364246,0.010837278615403
"EZ",130,2021-10-01,5,0.0836959764786627,0.0972209125449522,0.0135249360662895
"US",130,2021-10-01,5,0.376824427148709,0.384898476903766,0.00807404975505767
"EZ",131,2021-11-01,5,0.0380234534884404,0.0375610274119078,-0.000462426076532625
"US",131,2021-11-01,5,0.0267398808240218,0.0264426177650012,-0.000297263059020643
"EZ",132,2021-12-01,5,0.0354083655960583,0.0348947864243056,-0.000513579171752671
"US",132,2021-12-01,5,0.268747570474677,0.291224673589072,0.0224771031143949
"EZ",133,2022-01-01,5,0.302125939803994,0.30426967855047,0.00214373874647629
"US",133,2022-01-01,5,0.261648923171949,0.282353706224371,0.0207047830524222
"EZ",134,2022-02-01,5,0.299172312502409,0.30139114853712,0.00221883603471043
"US",134,2022-02-01,5,0.350484492926372,0.361269037746695,0.0107845448203235
"EZ",135,2022-03-01,5,0.205036387840041,0.211270422492479,0.00623403465243814
"US",135,2022-03-01,5,0.130429191125509,0.135481491828922,0.00505230070341266
"EZ",136,2022-04-01,5,0.332524346122171,0.337576952183188,0.00505260606101687
"US",136,2022-04-01,5,0.190093256894436,0.198181005176497,0.00808774828206093
"EZ",137,2022-05-01,5,0.342362021930118,0.352570805224273,0.0102087832941559
"US",137,2022-05-01,5,0.14052243563313,0.145645245992253,0.00512281035912264
"EZ",138,2022-06-01,5,0.275906476218471,0.300189344050836,0.0242828678323652
"US",138,2022-06-01,5,0.183446843146406,0.190509519708386,0.00706267656198036
"EZ",139,2022-07-01,5,0.329643721056462,0.333459655933242,0.00381593487677954
"US",139,2022-07-01,5,0.337043116461994,0.344784870987262,0.00774175452526803
"EZ",140,2022-08-01,5,0.325567519109994,0.334454651028757,0.0088871319187631
"US",140,2022-08-01,5,0.345328226636446,0.353192188696203,0.00786396205975761
"EZ",141,2022-09-01,5,0.365984683535618,0.374062724095665,0.00807804056004735
"US",141,2022-09-01,5,0.345635043947884,0.355972884944245,0.0103378409963609
"EZ",142,2022-10-01,5,0.364583052948945,0.373012550025287,0.0084294970763421
"US",142,2022-10-01,5,0.352176060772292,0.354480169946124,0.00230410917383149
"EZ",143,2022-11-01,5,0.227776435912629,0.229255513977812,0.00147907806518282
"US",143,2022-11-01,5,0.362956261289247,0.369880210674334,0.00692394938508754
"EZ",144,2022-12-01,5,0.218166261637184,0.217374778402298,-0.000791483234885937
"US",144,2022-12-01,5,0.239451668618835,0.248796402213525,0.00934473359469015
"EZ",145,2023-01-01,5,0.267146432266162,0.272833708851371,0.00568727658520887
"US",145,2023-01-01,5,0.25652573861221,0.257264142744116,0.000738404131905246
"EZ",146,2023-02-01,5,0.352176539965234,0.354600589480611,0.00242404951537687
"US",146,2023-02-01,5,0.236388792043836,0.244372104714067,0.00798331267023069
"EZ",147,2023-03-01,5,0.390434693831248,0.400162738672192,0.00972804484094336
"US",147,2023-03-01,5,0.198730407790817,0.215397094840362,0.0166666870495446
"EZ",148,2023-04-01,5,0.366972404375255,0.369315804705818,0.00234340033056372
"US",148,2023-04-01,5,0.160136253644968,0.17894355489281,0.0188073012478418
"EZ",149,2023-05-01,5,0.358645268238541,0.36525504515825,0.00660977691970813
"US",149,2023-05-01,5,0.385425996721727,0.391084923886806,0.0056589271650796
"EZ",150,2023-06-01,5,0.384055484584596,0.390829511765502,0.00677402718090571
"US",150,2023-06-01,5,0.263978384279836,0.269220587148252,0.00524220286841628
"EZ",151,2023-07-01,5,0.348074521597244,0.35481192480207,0.00673740320482538
"US",151,2023-07-01,5,0.247641869454869,0.252164237845723,0.00452236839085434
"EZ",152,2023-08-01,5,0.394173175150876,0.399844076284329,0.00567090113345279
"US",152,2023-08-01,5,0.177441991500298,0.188383330165472,0.0109413386651735
"EZ",153,2023-09-01,5,0.378479446695381,0.3841901700865,0.00571072339111867
"US",153,2023-09-01,5,0.207830454741291,0.218124707702982,0.0102942529616917
"EZ",154,2023-10-01,5,0.228318500852206,0.244685746428108,0.0163672455759023
"US",154,2023-10-01,5,0.212241625624016,0.223038881754322,0.0107972561303061
"EZ",155,2023-11-01,5,0.163202718022029,0.174261982062963,0.0110592640409344
"US",155,2023-11-01,5,0.202567264276729,0.215343876339583,0.0127766120628541
"EZ",156,2023-12-01,5,0.14187540500778,0.151981979029626,0.010106574021846
"US",156,2023-12-01,5,0.204326128107411,0.215810166936582,0.0114840388291709
"EZ",157,2024-01-01,5,0.14820036486932,0.162867207614902,0.0146668427455815
"US",157,2024-01-01,5,0.389775221214404,0.395243064338774,0.00546784312436999
"EZ",158,2024-02-01,5,0.211109612875891,0.233501124688672,0.0223915118127814
"US",158,2024-02-01,5,0.211931391576622,0.228822813516582,0.0168914219399601
"EZ",159,2024-03-01,5,0.15542597020849,0.167681969331185,0.0122559991226949
"US",159,2024-03-01,5,0.202758673767331,0.214167666242576,0.0114089924752448
"EZ",160,2024-04-01,5,0.162166358520529,0.174037697825217,0.0118713393046874
"US",160,2024-04-01,5,0.207571135961259,0.217993195057048,0.0104220590957892
"EZ",161,2024-05-01,5,0.159876694584044,0.175923209862134,0.0160465152780901
"US",161,2024-05-01,5,0.389192282866917,0.395029195252259,0.00583691238534159
"EZ",162,2024-06-01,5,0.152976920214973,0.167271218569897,0.0142942983549241
"US",162,2024-06-01,5,0.260826137231961,0.265181358425711,0.00435522119375
"EZ",163,2024-07-01,5,0.226514717514766,0.257031964853107,0.0305172473383414
"US",163,2024-07-01,5,0.251341675662717,0.25619459343977,0.0048529177770528
"EZ",164,2024-08-01,5,0.144486634865768,0.160989081175964,0.0165024463101957
"US",164,2024-08-01,5,0.236836184126,0.242151879973155,0.00531569584715555
"EZ",165,2024-09-01,5,0.264771659708723,0.28029212298051,0.0155204632717868
"US",165,2024-09-01,5,0.245879522896347,0.250607383871227,0.00472786097488037
"EZ",166,2024-10-01,5,0.0943508661038669,0.118787335410529,0.0244364693066618
"US",166,2024-10-01,5,0.258460788215358,0.262995477805262,0.00453468958990412
