"month","objective_ngmmr_24","objective_hrr_24","rmse24_hrr_pp","rmse24_ngmmr_pp","rmse5_hrr_pp","rmse5_ngmmr_pp","rmse10_hrr_pp","rmse10_ngmmr_pp","rmse_fwd_hrr_pp","rmse_fwd_ngmmr_pp","qtail0_5y_target","qtail0_5y_hrr","qtail0_5y_ngmmr","qtail4_5y_target","qtail4_5y_hrr","qtail4_5y_ngmmr","qtail0_10y_target","qtail0_10y_hrr","qtail0_10y_ngmmr","qtail4_10y_target","qtail4_10y_hrr","qtail4_10y_ngmmr","qtail0_5y5y_target","qtail0_5y5y_hrr","qtail0_5y5y_ngmmr","qtail4_5y5y_target","qtail4_5y5y_hrr","qtail4_5y5y_ngmmr","qtail4_5y5y_moment_proxy","qtail4_5y5y_lower_bound","qtail4_5y5y_upper_bound","qtail4_5y5y_bound_violation_hrr","qtail4_5y5y_bound_violation_ngmmr","fwd_proxy_weight","fwd_bounds_weight","tail_bin_weight","tail_moment_weight","tail_weight_side","valid_A","label","date"
1,0.000845307426330492,0.0734966509285988,7.36875875164828,2.65955500823527,3.65326513938082,2.9100872180113,8.52842310342382,2.98011370087625,8.76444349689991,1.96723492214449,0.0703088650292496,0.0502860685234634,0.0724843790019218,0.162867622841218,0.0804338028097559,0.166526441685936,0.070864577031878,0.0112357044378858,0.110632492508804,0.27159861445829,0.0411141069868273,0.270213364897786,0.183018872274135,0.088383665923552,0.149403249005834,0.42107763017297,0.22715352346524,0.418297981146622,0.42107763017297,NA,NA,NA,NA,0.2,0,1.5,2,"high",TRUE,"2011-01",2011-01-01
2,0.000510137453153577,0.0957484134325487,7.88020759366634,2.14585940432379,4.03016303380825,1.99101966320492,10.117829006752,2.28142278845026,8.22680601867356,2.15524674003832,0.066779062123754,0.038000188077326,0.0859259138178969,0.216849021066603,0.114885917252711,0.218897755049828,0.0744568235964275,0.00894782904774021,0.0880936796935836,0.30924893162019,0.0440550897510727,0.308871029392837,0.18996087322411,0.130948705031671,0.161327155750852,0.42682983751584,0.227853351302053,0.427792843898021,0.42682983751584,NA,NA,NA,NA,0.2,0,1.5,2,"high",TRUE,"2011-02",2011-02-01
3,0.000556661012930444,0.10083600158008,7.83143050222267,2.19028026170565,4.712458366273,2.26305762374125,9.64860135386955,2.44085721340884,8.2880117756722,1.82010140646852,0.0523842063714981,0.0335213060823049,0.0781213546813476,0.240742370469539,0.10542164304482,0.24202876248921,0.0644828006495234,0.00875333910943,0.0857023668092524,0.303170236374048,0.0430698317984424,0.303013430400119,0.193232924920838,0.123737702260993,0.160987276771564,0.412150025216689,0.214707896786193,0.411938467042959,0.412150025216689,NA,NA,NA,NA,0.2,0,1.5,2,"high",TRUE,"2011-03",2011-03-01
4,0.000946882641920556,0.0956332285927941,7.92827339443415,2.95728620700834,4.10456952900627,3.01925707153248,9.48066292657483,1.62904115607333,9.04666217479684,3.80354266155983,0.0449811099759628,0.032371298894578,0.0821614827877623,0.247097894311529,0.138727515120356,0.248381812986538,0.0632591894460192,0.0100442307535841,0.0667756870476443,0.305496127007492,0.0472262582149086,0.302899281164493,0.202707373118516,0.14374371355172,0.151705032603839,0.405014332578516,0.18158527974662,0.410390005708975,0.405014332578516,NA,NA,NA,NA,0.2,0,1.5,2,"high",TRUE,"2011-04",2011-04-01
5,0.00105834903613755,0.104716395337237,7.66329825665824,3.07315321784099,6.02662865447213,3.81435657025289,9.00670296767253,2.62686580567399,7.66403739713722,2.62356095696834,0.0198278009604669,0.0221551062342541,0.0857086455204724,0.335803526081697,0.158635143961642,0.336827516526806,0.0514134861642626,0.00602388188694633,0.0804892855307344,0.308018290752856,0.0607291798412875,0.308581489920878,0.216307858997055,0.119158391460075,0.155730454394531,0.370303799891006,0.208032652545595,0.363959539281561,0.370303799891006,NA,NA,NA,NA,0.2,0,1.5,2,"high",TRUE,"2011-05",2011-05-01
6,0.00092881880576028,0.0650660935262937,6.83119708630949,2.9206155094787,2.58754984296711,2.30532622973839,8.24084341973995,1.55082312222313,8.08633702225546,4.22734000060096,0.0376440348787708,0.0397977400458207,0.0469766635700413,0.175915624620748,0.131466515925,0.176817722592437,0.0555756566936222,0.0113182299894271,0.0361152064121467,0.264426969089354,0.0430841731608029,0.266979098076814,0.18598737225815,0.150572063470104,0.13805149646865,0.402990075691192,0.192600524055429,0.394189492311036,0.402990075691192,NA,NA,NA,NA,0.2,0,1.5,2,"high",TRUE,"2011-06",2011-06-01
7,0.00132156523055148,0.0719279890544832,7.1585763603369,3.37831696658834,2.77345392982059,2.67797155443156,8.52601324440268,2.35054176954734,8.56450220244912,4.6413896974381,0.035309387942026,0.0395384177929074,0.0627370126337029,0.164633167005319,0.131891203638763,0.173362663871056,0.0450572282424869,0.0112168016206431,0.021128760228597,0.275668722700238,0.0433361718799444,0.267827614054622,0.156795539279682,0.150061797295017,0.0862939021329535,0.42875952658027,0.193058364768094,0.42296990224392,0.42875952658027,NA,NA,NA,NA,0.2,0,1.5,2,"high",TRUE,"2011-07",2011-07-01
8,0.000763623242423872,0.0749854038342846,7.08165775540029,2.68152105265659,3.0152706939187,1.87165826586862,8.55970639718242,1.35313051496557,8.25161794621471,4.02959037779228,0.0317772568008606,0.0353692249228987,0.037053389251375,0.191675529422331,0.138016095743296,0.192316339133935,0.0435111599819328,0.00986862406851147,0.026722948566689,0.284608620882727,0.0470102587549683,0.286704973497001,0.162333885145378,0.142838076405696,0.119828987451617,0.419678708206119,0.196682269031176,0.413104946893793,0.419678708206119,NA,NA,NA,NA,0.2,0,1.5,2,"high",TRUE,"2011-08",2011-08-01
9,0.000984923202648684,0.0534525420594094,6.75445326187438,2.98468939884355,2.7315282070662,2.02725393731056,7.68760331008646,1.76420335933429,8.38495233148558,4.41621335572453,0.0502374218596775,0.0439920697779086,0.0627084949104844,0.130757341098488,0.122838239624536,0.132510720424675,0.0587610288340469,0.0140932337006956,0.0360163263160335,0.232954799467836,0.0377915404175104,0.235538033254491,0.181148081017292,0.162806211018363,0.132697823433054,0.398365980067711,0.171537627311733,0.384003606410735,0.398365980067711,NA,NA,NA,NA,0.2,0,1.5,2,"high",TRUE,"2011-09",2011-09-01
10,0.00115260303407842,0.0330825208892615,5.9272092512219,3.18380110530191,3.06654414486652,1.95352443232194,6.50158190604017,1.72738723811181,7.32947257651923,4.85897561799756,0.0656513531646834,0.0684875018107733,0.0901736895587471,0.104310869401068,0.0941887027468808,0.105600435676207,0.0679630007037636,0.0240777099579896,0.0374992975993042,0.169516746801658,0.0238069205990534,0.173842196571328,0.20346301643231,0.198963398756253,0.145827768898152,0.353790716125276,0.154152857786331,0.33250401645653,0.353790716125276,NA,NA,NA,NA,0.2,0,1.5,2,"high",TRUE,"2011-10",2011-10-01
11,0.00141883275589319,0.0405737654976345,5.94662329794742,3.30946351288718,2.71037041932843,2.11354099250103,6.72792132053153,2.74333986785546,7.31272540424156,4.56778688993337,0.0522974457103894,0.0538260692617816,0.0615600461465109,0.142172622239514,0.111190719340341,0.148071473157235,0.0548330049859947,0.0172927930140185,0.0160246226886141,0.198523664076317,0.0318437041151856,0.184671876129827,0.186790939568647,0.176293258145009,0.112694298015703,0.369469973610769,0.170152948058328,0.367180269648656,0.369469973610769,NA,NA,NA,NA,0.2,0,1.5,2,"high",TRUE,"2011-11",2011-11-01
12,0.000505358197364123,0.0540030966036958,6.38581619533868,2.07469508151131,3.74275349230167,1.65923697108437,7.24206674750486,2.17748130130844,7.4753067470504,2.3277858363648,0.064505363002554,0.0481331590148949,0.0840430142029417,0.174359791819914,0.0794829404336837,0.175669889286814,0.0658686878743646,0.0151038206690108,0.0638592415261504,0.212486243105569,0.0295051944982142,0.21252566655903,0.203814796518479,0.151523124434745,0.165642250311879,0.365622016259334,0.178946825713007,0.361084537989591,0.365622016259334,NA,NA,NA,NA,0.2,0,1.5,2,"high",TRUE,"2011-12",2011-12-01
13,0.000504762076654218,0.0404584835352774,5.77545785841614,2.06392054431194,3.24009914359359,1.39825489297471,6.49702697815337,2.02559802238095,6.88172495874788,2.59251614183931,0.0738322209686296,0.0532711228344452,0.0670557547764038,0.150307215812047,0.075917763330482,0.15279199548269,0.0527629225176777,0.0169421629016549,0.0336866128873246,0.181966739192206,0.0268685097217527,0.182259402565996,0.172045913296365,0.15999674305996,0.146448308141522,0.364293982346515,0.174612188757541,0.355128829278997,0.364293982346515,NA,NA,NA,NA,0.2,0,1.5,2,"high",TRUE,"2012-01",2012-01-01
14,0.000724935700090103,0.05305009418065,6.25761557450862,2.50953800155794,3.77762726687886,2.00399384494805,7.06704270843731,2.276751945178,7.29792419970604,3.11347911400233,0.0405442953349261,0.0433853065983351,0.0648902483244024,0.154359537428287,0.088385411028732,0.156560833535182,0.0428300895148118,0.0126829478055826,0.0461292044634802,0.225343693170956,0.0335969852066802,0.225630199387711,0.171011759060657,0.142852224328835,0.130403618037908,0.386762562968803,0.192364293963949,0.379969823153502,0.386762562968803,NA,NA,NA,NA,0.2,0,1.5,2,"high",TRUE,"2012-02",2012-02-01
15,0.000610558300310236,0.0632205362281012,6.3265442227215,2.27234763627768,3.79464108803752,1.98007406627804,7.38278031791798,2.35982823358652,7.15337257498116,2.44973646344077,0.0362795388075128,0.0384543206351748,0.0591256282542343,0.193076404206016,0.0943239123516937,0.194446037453543,0.0378270422126133,0.0108823232105355,0.0419668095841151,0.241191593690894,0.0373345169588161,0.24100162114924,0.160585037262,0.133867724084752,0.123462579217052,0.39169890632611,0.200044459335107,0.387779555898194,0.39169890632611,NA,NA,NA,NA,0.2,0,1.5,2,"high",TRUE,"2012-03",2012-03-01
16,0.000646771215892991,0.058659341938246,6.18765126509956,2.33546738099114,3.64034395443024,1.92523827201714,7.16319169913853,2.39222850019211,7.09208468014169,2.63323452465781,0.0340102475229032,0.036773817022852,0.0526795722704048,0.183928079317336,0.0956224511049673,0.185705953591558,0.0329802647597065,0.0103871190201131,0.032414897836149,0.235724458335751,0.0384610482624296,0.235522367574161,0.147262180319303,0.130857233433387,0.11225538648683,0.396515327096463,0.201477799569272,0.391298070850841,0.396515327096463,NA,NA,NA,NA,0.2,0,1.5,2,"high",TRUE,"2012-04",2012-04-01
17,0.000753166864079156,0.054344667893172,5.9899047611344,2.51002774954339,4.50477746011705,2.19766616523372,6.50480447009054,2.85971625733678,6.71054215269476,2.42755108373525,0.0317897315273884,0.0565627439508604,0.0501151307107516,0.16995339612982,0.0750001060137365,0.171691087691522,0.0328567801718124,0.013082532920498,0.0661527220458085,0.224675247737822,0.0360946237810261,0.224497303830437,0.152168251190669,0.100976662272835,0.10954703747042,0.38694980665032,0.21803685563348,0.377089174747408,0.38694980665032,NA,NA,NA,NA,0.2,0,1.5,2,"high",TRUE,"2012-05",2012-05-01
18,0.000824596008199342,0.0378324673323676,5.50976756713514,2.42317978584997,3.58808991834701,1.75758598815184,5.96349385068262,2.79323920410919,6.529545754667,2.59308832601891,0.0498349457836152,0.068182900297589,0.0489474233251053,0.129677111849198,0.0653750586283814,0.129114600122141,0.0388631048353004,0.0169541397967273,0.0734168923120406,0.184123518328625,0.0285502172194432,0.187501273217456,0.151201726485588,0.121974603380447,0.113378456079231,0.377237223888669,0.20183403825606,0.354219890877015,0.377237223888669,NA,NA,NA,NA,0.2,0,1.5,2,"high",TRUE,"2012-06",2012-06-01
19,0.00080076973314802,0.0353116999318581,5.45267727482985,2.31094446320855,3.52963653820687,1.72074387527587,6.01611405688,2.6001863206134,6.3673468535257,2.50987341312231,0.0494201968074814,0.0670371513073746,0.0468292094068225,0.125115912720202,0.0675467038610093,0.126410518958431,0.0375295189338974,0.0164594503776491,0.0695890356906871,0.179568670121117,0.0289637343632976,0.180864145110301,0.14433248534018,0.122947708595497,0.108824444996024,0.378203812751814,0.204137152175435,0.350682938487369,0.378203812751814,NA,NA,NA,NA,0.2,0,1.5,2,"high",TRUE,"2012-07",2012-07-01
20,0.00068981365490581,0.0393713716942521,5.48152529976581,2.28375577638549,3.80510645674376,1.63675054864954,6.06651045623261,2.66629136168988,6.23377691076488,2.42044610652574,0.0421783663552499,0.0608278048235942,0.0462031256953221,0.141090653131778,0.0737586974100776,0.14159244685398,0.0348772519954902,0.0142646028212073,0.0677512546569067,0.193879180835666,0.0326288583811567,0.195394565299696,0.144824890771892,0.114147394274726,0.10661953252043,0.379213153446952,0.213367287672515,0.361248801703748,0.379213153446952,NA,NA,NA,NA,0.2,0,1.5,2,"high",TRUE,"2012-08",2012-08-01
21,0.000636876775824545,0.0378643369054435,5.42002025100801,2.27148709601381,4.29098168175188,1.70790445855354,5.96899327733522,2.67759580115761,5.83853183822847,2.32217655834948,0.0330910748652106,0.055458373539352,0.0414604273575509,0.147274069326817,0.0798449191582231,0.147921656229907,0.0294369467332276,0.012452641761709,0.0610272987540015,0.194810629896232,0.0358148598532281,0.195018933128943,0.136463651327219,0.107758552730399,0.0989963004310868,0.376084233192803,0.221511019361406,0.363894915674535,0.376084233192803,NA,NA,NA,NA,0.2,0,1.5,2,"high",TRUE,"2012-09",2012-09-01
22,0.000656256098528994,0.0490486966545711,5.8797100253316,2.37783062925264,3.39242335025826,1.7758807537423,6.95876119738145,2.12688934598973,6.6166514458898,3.04710104240722,0.0310155628141835,0.0353793515922902,0.0441976593031816,0.167861287363097,0.103808011859407,0.170538307842889,0.0268479421235998,0.00927209549327926,0.0218333927838625,0.226229745019095,0.0416535672986253,0.226088797716405,0.125840627929764,0.127241137874846,0.0973276521300751,0.399969178116044,0.21296718820975,0.392381019513817,0.399969178116044,NA,NA,NA,NA,0.2,0,1.5,2,"high",TRUE,"2012-10",2012-10-01
23,0.00071010640093441,0.0593213761166893,6.25537647877788,2.39620911229822,4.23147665185971,2.10437849807494,7.18072072467829,2.80295098435806,6.92250387451568,2.22272608427335,0.031946638382107,0.047575929291956,0.0396286039081268,0.166894063622765,0.0878874370015937,0.168684281866321,0.0283557646883505,0.0101107677330455,0.0600368672722159,0.246896239800704,0.0423990691943503,0.246587876608329,0.124786557296901,0.0920617010497384,0.0928239129705383,0.418582472709221,0.233789120074563,0.410135594418578,0.418582472709221,NA,NA,NA,NA,0.2,0,1.5,2,"high",TRUE,"2012-11",2012-11-01
24,0.000882394434038015,0.0563147396987686,6.46173522386802,2.73099514329641,5.05937058254219,2.36390921851025,7.11540898205369,3.23194878916671,7.00255600739805,2.51822231921089,0.026579871360116,0.0453275524432687,0.0430627442023537,0.146808447077221,0.087645656909952,0.149227113903023,0.028322159442387,0.00958436473957212,0.0659071166863013,0.24634137214554,0.0426584445397256,0.244359448406537,0.128996987548064,0.0879356174426701,0.10104411436129,0.416551865354023,0.233964529474917,0.415349730218348,0.416551865354023,NA,NA,NA,NA,0.2,0,1.5,2,"high",TRUE,"2012-12",2012-12-01
25,0.0016481031493013,0.0585210331439283,6.53369124631812,3.86023425606502,5.16779071945425,4.41813720096211,7.19421667119406,2.50753001067531,7.04304972824117,4.34701995096997,0.0251660309835791,0.0454434466488073,0.0687952688669458,0.152232207316381,0.0874559100109681,0.151777244688293,0.0305224072245495,0.00964666556143758,0.0643700145081927,0.251002868444085,0.0432321955381441,0.257658838750848,0.13678852266133,0.0864882092499396,0.081469005159718,0.412908936330307,0.234308039860585,0.398624883705621,0.412908936330307,NA,NA,NA,NA,0.2,0,1.5,2,"high",TRUE,"2013-01",2013-01-01
26,0.00124409561973837,0.0629365082671606,6.77753746758776,3.22577021227895,6.0072871419316,3.07497246916251,7.29081754839202,3.66911964657423,6.96860983583597,2.88077866562049,0.0171561103346907,0.0373951869279628,0.0452714951060165,0.166143682139264,0.0916596321780685,0.169761471250644,0.0262021284246426,0.00771567993212929,0.0680098474382002,0.263550900010769,0.0478131325584361,0.258126715223617,0.133331637877072,0.0704847770455876,0.118681920402044,0.410410225720993,0.241558392835669,0.425999207305529,0.410410225720993,NA,NA,NA,NA,0.2,0,1.5,2,"high",TRUE,"2013-02",2013-02-01
27,0.00200684899058273,0.0590697985033634,6.8670527413054,4.34152379541665,5.88829432821356,5.05391666518823,7.24740448766981,2.67248687052177,7.36697754523803,4.88489783585373,0.0187836641821751,0.0361203752516531,0.0667403642432177,0.144696657747215,0.0841468604317419,0.143633145450793,0.0277751371492243,0.00765089998782829,0.0669686849211492,0.25170969607984,0.0425867852339352,0.257920980050119,0.132958333054279,0.0696316808457935,0.081067801726016,0.411528674090711,0.231943047787662,0.403464366403412,0.411528674090711,NA,NA,NA,NA,0.2,0,1.5,2,"high",TRUE,"2013-03",2013-03-01
28,0.00124696500847573,0.0595246654063053,6.81704502213382,3.27554376858696,6.07847776777443,3.62949286175816,7.25588946897701,3.33633277699102,7.05836273806176,2.8077083373115,0.0181738576072639,0.0356914025098451,0.0529038054536323,0.158201107263567,0.0881656320287982,0.162766925282213,0.0292250767868146,0.00743557832564865,0.0793135013976006,0.254956318902577,0.0452947042650945,0.248385417789791,0.139387080297917,0.0685125116370345,0.12469964121097,0.402948863043888,0.23718302931155,0.411963979139235,0.402948863043888,NA,NA,NA,NA,0.2,0,1.5,2,"high",TRUE,"2013-04",2013-04-01
29,0.000763688310889306,0.0485968060291241,7.06414382641041,2.52626181119297,5.51374007834421,2.07630577037068,7.03112014798311,3.01391313955837,8.35873218937679,2.39818225979569,0.023671369403303,0.0348560574580033,0.0407803528529259,0.101467273280308,0.0579084599024684,0.100574539208041,0.0312557105998132,0.00829084109218298,0.0661735499678951,0.208857611372427,0.027222819380535,0.206836418824022,0.135389628279216,0.0680898432057443,0.0994442563688626,0.398664402145571,0.194457246491565,0.398717793130998,0.398664402145571,NA,NA,NA,NA,0.2,0,1.5,2,"high",TRUE,"2013-05",2013-05-01
30,0.000787329326270672,0.04429735448245,7.05113431005456,2.57895400780895,5.87185015219466,2.08888607227963,6.75796273043315,3.07596000894524,8.30703320683949,2.47548708814797,0.0238448786670934,0.0330358356600077,0.0424329135156237,0.0986126784590146,0.0557047469755912,0.0977639470061351,0.0325129563732494,0.00790231204441643,0.0682147152085993,0.197194474139734,0.025806436813469,0.194935719666775,0.141057922710585,0.065867907565462,0.104797765438246,0.387709067915875,0.190548108733925,0.388348417022468,0.387709067915875,NA,NA,NA,NA,0.2,0,1.5,2,"high",TRUE,"2013-06",2013-06-01
31,0.000955415638807153,0.0467478495639501,7.21503715825525,2.87812809426982,6.02667733779435,2.38769918154105,6.72976652010853,3.47353300407116,8.63479510098268,2.66163954531268,0.0256495995670655,0.037369999123157,0.0479384664026999,0.0943409944168132,0.0496967835014118,0.0933978536400542,0.0358018062133811,0.00930473111924326,0.0787821484669254,0.199684004362285,0.02304714248208,0.197271359098877,0.156933034265072,0.0714557023077848,0.114893875899338,0.380956380014975,0.181021330959031,0.382414285645291,0.380956380014975,NA,NA,NA,NA,0.2,0,1.5,2,"high",TRUE,"2013-07",2013-07-01
32,0.00106480322767513,0.0500944558924306,7.05479141110509,3.04051397927336,6.22610380350863,2.59437557596935,6.79821581330828,3.63643532230531,8.02060713077428,2.78921660900945,0.0200029508462606,0.0359527140100991,0.0485422216515817,0.10741965807429,0.0624011409359452,0.108473694093994,0.029270393467483,0.00840187043770676,0.0741999684354158,0.218301317874843,0.0298840446133759,0.214872272208296,0.144713604216827,0.0692693927352393,0.111213308016838,0.391347939641323,0.201741485149029,0.397479871113918,0.391347939641323,NA,NA,NA,NA,0.2,0,1.5,2,"high",TRUE,"2013-08",2013-08-01
33,0.000741971016280607,0.033658682818089,7.17541779743909,2.57345922570395,7.17209528113776,2.18418057756588,6.25445434905811,2.87782875585489,7.99391717352929,2.61065777451604,0.0179143068831189,0.0277078248057843,0.033430847715526,0.0758469281432146,0.0495041728244646,0.0746265760765532,0.0243927706806544,0.00673181112690125,0.0567468216628936,0.16466229737168,0.0218448863910315,0.162924734358888,0.126455182625857,0.0592807000289441,0.0895917051455453,0.36821661415931,0.178669738504173,0.366627647559496,0.36821661415931,NA,NA,NA,NA,0.2,0,1.5,2,"high",TRUE,"2013-09",2013-09-01
34,0.001304340051191,0.0317941535371021,6.82066377143954,3.31085045863437,7.2891622518771,3.60719721316878,6.11402511737045,3.32019609524723,7.00365428751712,2.9748308242202,0.0187161800034974,0.0593722742944361,0.0512127192324365,0.0878571994651434,0.0753072287592283,0.0935619119806415,0.0204310853104484,0.00955779786134513,0.0486046613481434,0.181373451896251,0.0348130824474313,0.174266718766253,0.103988703273052,0.0500900536748524,0.0551288440711521,0.394464312591006,0.23229472330673,0.414844385390117,0.394464312591006,NA,NA,NA,NA,0.2,0,1.5,2,"high",TRUE,"2013-10",2013-10-01
35,0.000517200706988708,0.0319810285002274,6.83463327835534,2.08306387296811,6.13061024644318,1.76179633211682,6.4566612575123,2.27965320472195,7.80152418189884,2.17180115271527,0.0187812146647959,0.0279288107227023,0.0233767160176669,0.0778670336831462,0.0512902163925294,0.0754812560414407,0.0199379889544166,0.00672890236504061,0.0421372246743195,0.159345990600323,0.0227987643072397,0.158849895360819,0.103729429725301,0.0595301489641944,0.0686781543760963,0.378644969873871,0.181920322724135,0.372559051553459,0.378644969873871,NA,NA,NA,NA,0.2,0,1.5,2,"high",TRUE,"2013-11",2013-11-01
36,0.000508376212944423,0.0325491377797969,6.81758679422315,2.04270749488032,5.87172228683974,1.78925878220513,6.5363466405761,2.19787890542456,7.88907593262713,2.1179808913945,0.0199955931089781,0.0303826832578652,0.0216096239459723,0.0751590390594353,0.0505932399192568,0.0724378981301062,0.0209760863929133,0.0073920043449958,0.0408418952918582,0.160018205384704,0.0227212491742819,0.160048209814102,0.103327118992506,0.0627751888028514,0.0659501471083574,0.384004508957403,0.181184831609549,0.375956256760712,0.384004508957403,NA,NA,NA,NA,0.2,0,1.5,2,"high",TRUE,"2013-12",2013-12-01
37,0.000475283042816072,0.0360790225298261,6.80098355846551,1.98364330102202,5.8555159322823,1.66826435077243,6.78985305040335,2.2769192202999,7.64008905761386,1.95884025822409,0.0182729324633657,0.0283128402734072,0.0234533052957664,0.0850460306477383,0.0616666704750591,0.0832454851864414,0.019935376603343,0.00649779780191021,0.0409933835170968,0.179630191440311,0.0284613543858752,0.178115191264358,0.0977037775577322,0.0597204877694103,0.067002340213877,0.396740422948673,0.199423302169767,0.395306095195196,0.396740422948673,NA,NA,NA,NA,0.2,0,1.5,2,"high",TRUE,"2014-01",2014-01-01
38,0.000475143939455488,0.0328137664677891,6.75009278615367,2.00412060616157,5.92182578223108,1.66142035145316,6.57214993601818,2.26471716364364,7.64395725318052,2.03966585415343,0.0193599947375133,0.0280244830584698,0.0257929501750779,0.0821425996203072,0.0556662316688832,0.0804691421250836,0.0214613189971085,0.00661258583163022,0.0451524921805292,0.166338592089164,0.0251441026363773,0.165206424454817,0.105258298372564,0.0594978081796941,0.0731949179766861,0.38170210907923,0.189543928134975,0.379040868416323,0.38170210907923,NA,NA,NA,NA,0.2,0,1.5,2,"high",TRUE,"2014-02",2014-02-01
39,0.000464352502801527,0.0305206883448001,6.88635590232234,1.9983090355421,6.31028306208725,1.69355037140508,6.64292541288384,2.17226442961775,7.63659364347391,2.09591779226162,0.0181650665637219,0.0250716330292818,0.0252306112612586,0.0789122332594638,0.0552204853308348,0.0773825910945644,0.0216134497277177,0.00588104490152901,0.0437781718657837,0.158484278574812,0.0245142683581854,0.157368279526627,0.103999468232396,0.0555605010464825,0.0722905468175204,0.376033327180979,0.188208447966075,0.373692544758542,0.376033327180979,NA,NA,NA,NA,0.2,0,1.5,2,"high",TRUE,"2014-03",2014-03-01
40,0.000451417603856702,0.0283279785812227,6.882824377134,1.96394688476839,6.25688199355544,1.77657082571379,6.5849715895444,2.0130841931999,7.72071182618707,2.08867188205465,0.0183651039065066,0.0261376071124544,0.0209080132026626,0.070475573854111,0.0497119145380638,0.0681935731964168,0.020213759277949,0.00631771732912083,0.0391807866368118,0.146455853424624,0.0217599231735198,0.14632018253814,0.0998973031542785,0.0571703664295974,0.0642033057295823,0.371364482364558,0.178694025021568,0.365097866455176,0.371364482364558,NA,NA,NA,NA,0.2,0,1.5,2,"high",TRUE,"2014-04",2014-04-01
41,0.00101962194750442,0.0340542148345776,7.5358342689826,3.04287291252166,3.66893463593904,2.71517709508916,8.23912579942122,2.43221011370241,9.4351533685063,3.80649366088807,0.0152213074887821,0.00868140176280489,0.000418547292688514,0.0710619924082742,0.0399435890258829,0.0672564460235387,0.016517225211159,0.00302058148896585,1.27783584304559e-05,0.13546296364286,0.014979027307228,0.141022061695298,0.0867424564665293,0.0650036420895292,0.0160886708725936,0.362500139422805,0.110462709722221,0.352964412592837,0.362500139422805,NA,NA,NA,NA,0.2,0,1.5,2,"high",TRUE,"2014-05",2014-05-01
42,0.00107162138198831,0.0364187217504955,7.79292504043905,3.21730975344472,3.97855549994642,2.42021683372347,8.42784861395617,2.92673008367186,9.76378543044598,4.0779955424109,0.0138247358330788,0.0058642190093789,1.68255981941615e-14,0.0678099836209926,0.0404270048629679,0.0679240578558749,0.0158407720726801,0.00215658373232663,1.37783925239865e-20,0.142329894105639,0.0152902550397586,0.143608123723939,0.0844626332091129,0.0559604037808028,0.00982001396717565,0.369819972136255,0.112402158117659,0.374390272722533,0.369819972136255,NA,NA,NA,NA,0.2,0,1.5,2,"high",TRUE,"2014-06",2014-06-01
43,0.000618932243260247,0.0270652708248853,8.15766514038138,2.3861106830032,9.39271832349579,2.01395868990509,7.46196766094478,2.14721419685445,7.46581427241942,2.90069201446973,0.00829530224646389,0.013699184398888,0.0173163147630281,0.0643391884303491,0.0657944299856642,0.0665465050930485,0.0120454851808283,0.00296836090105272,0.026971215889909,0.148836507327984,0.0285243552664368,0.146703258180465,0.0715154736053781,0.0380651782866012,0.0538209255010045,0.373394928749864,0.203827356873037,0.376213166524667,0.373394928749864,NA,NA,NA,NA,0.2,0,1.5,2,"high",TRUE,"2014-07",2014-07-01
44,0.000740770230867549,0.0256208622634967,8.62135759274908,2.63230943620569,10.2357663538661,2.5140896696524,7.65741640761075,2.10401926899031,7.71858026684142,3.16853514300806,0.00734126369642686,0.0116909395055359,0.0110806881216042,0.0494387635418478,0.0640072709630461,0.0538422605099064,0.0090030120246617,0.00254432097999881,0.0185937745015827,0.136634559158007,0.0271944278204403,0.135749385298992,0.0586834415305706,0.0345182116441399,0.0372535761555521,0.371490313200944,0.200689163887964,0.370967139100598,0.371490313200944,NA,NA,NA,NA,0.2,0,1.5,2,"high",TRUE,"2014-08",2014-08-01
45,0.000920359801383409,0.0222876092016449,8.87313375983065,2.95201839306747,10.7137505167561,3.6169610694191,7.66946860869413,2.12150626623622,7.91153014811312,2.92575487073902,0.00830748716852202,0.0123705344184912,0.00317077859515229,0.0426725974992337,0.0539588855701757,0.0444507409540512,0.00937326043675952,0.00283301405572125,0.00658057577976553,0.11236745259407,0.0220211310966049,0.116856146718543,0.057122770873335,0.0358556389915741,0.0144479933061551,0.356805788865835,0.183430625668532,0.353320798648158,0.356805788865835,NA,NA,NA,NA,0.2,0,1.5,2,"high",TRUE,"2014-09",2014-09-01
46,0.000992731787511132,0.0192373793332001,9.08085649994124,3.02628581288891,10.8241039027623,3.89131123491785,7.794688201539,1.79101101982985,8.33471504375349,3.02079358178081,0.0108257937970238,0.012867409398536,0.00471674481228653,0.0351364747133638,0.0347589589265567,0.0366380510983745,0.0114838465775715,0.00326862093094261,0.0101363387639186,0.0825192696222601,0.0128839757610177,0.0846385556882406,0.0689370295787684,0.0371674602707526,0.0199505259435945,0.318146724888166,0.143813488104665,0.301646817413869,0.318146724888166,NA,NA,NA,NA,0.2,0,1.5,2,"high",TRUE,"2014-10",2014-10-01
47,0.00103997642308629,0.0200505915451778,9.08839427685019,3.08847416454037,10.4719135843369,3.87411648334929,8.04407279409521,1.80749112633899,8.56905189387531,3.21562051504014,0.0115970448187848,0.0143940300338408,0.00466271340855195,0.0331204391228858,0.0297166242851112,0.0337060121203532,0.0131689324383114,0.00377480418242779,0.0109667794647094,0.0806929642081196,0.010864986989926,0.0828848635235376,0.0754188954488773,0.0400709355862091,0.0211981552894256,0.316995733560518,0.132042470089893,0.299079350582351,0.316995733560518,NA,NA,NA,NA,0.2,0,1.5,2,"high",TRUE,"2014-11",2014-11-01
48,0.00113678006931968,0.0168111437379253,9.27893466430602,3.35041068872187,10.9072921359944,3.0771730651639,7.71139367818405,2.94963633679651,8.93651337566929,3.93781751189473,0.0148592720918163,0.0434234754720831,0.0346414850346766,0.0277477282000862,0.0321980140175877,0.0270684948612489,0.0175667048831913,0.0074093839828334,0.0307777724848143,0.0684637325597559,0.0108587722002848,0.0663064121384065,0.0919340724579683,0.0315369656198025,0.0363965986990822,0.297870018603847,0.142624796186491,0.295217629907805,0.297870018603847,NA,NA,NA,NA,0.2,0,1.5,2,"high",TRUE,"2014-12",2014-12-01
49,0.00199985146950666,0.0115478712474338,8.77615803455431,3.72705891436315,11.8990134268581,3.7823224240908,6.64020545240118,3.02266148564947,6.73676484373392,4.26971416804365,0.0189747149204577,0.12587910955738,9.81642989012533e-06,0.0210913863723005,0.00626198083141832,0.030516243227055,0.0198220079458195,0.0168236594850308,4.49411330740703e-11,0.0526494676916602,0.00358354970012746,0.031269972803907,0.0948048702150467,0.0381092860648546,0.0702886822776123,0.279284465278012,0.202243161130856,0.295507268753722,0.279284465278012,NA,NA,NA,NA,0.2,0,1.5,2,"high",TRUE,"2015-01",2015-01-01
50,0.00231528461010061,0.0112668730489346,9.31205605821444,4.29956772796568,13.6577181945431,3.10945614166631,5.64829787093977,3.27610897275097,6.4580669688049,5.92091550723418,0.0170082513196642,0.127205996574411,1.54550927734759e-13,0.0222319045190432,0.00592501351393219,0.034360633247118,0.0218336581891794,0.0173377174680583,9.9949911993438e-27,0.0474178523469195,0.00335157327405537,0.0299740004568924,0.119305679176148,0.0389372563221912,0.102987463253932,0.239329375795232,0.196784728858762,0.236121538563713,0.239329375795232,NA,NA,NA,NA,0.2,0,1.5,2,"high",TRUE,"2015-02",2015-02-01
51,0.00233825407638161,0.0128013711292901,9.3784624263884,4.2326739121907,14.0666969214333,2.98158067182109,5.51387188867136,3.05603482739142,5.96589699587544,5.95964874569071,0.0171792121957574,0.122067559447326,2.03866560527983e-18,0.0304616454851565,0.00861412210192775,0.0450006855666614,0.0205584216877408,0.0150763727093935,1.3859640398411e-37,0.0621400415047079,0.00531611523922016,0.0445708602457773,0.109258832659109,0.0373594417772158,0.0909830691548092,0.270161882574561,0.234386234119399,0.264411530006899,0.270161882574561,NA,NA,NA,NA,0.2,0,1.5,2,"high",TRUE,"2015-03",2015-03-01
52,0.00275559306705375,0.0132205435719452,8.66518178623183,4.59294253647413,13.1944104137414,3.36245783206996,4.55096105340817,3.79823158164384,5.5183705465877,6.12802395636758,0.0250813425213879,0.131822500544631,1.48480371323259e-19,0.0349446751130754,0.00928693769510467,0.0515925023365333,0.0276706610507551,0.0175911354053343,3.95269588480181e-40,0.074465042876802,0.00571329844623601,0.0563218983450797,0.139393151255538,0.0550582315122742,0.105131642106241,0.274780673703245,0.238364771114741,0.267272319863649,0.274780673703245,NA,NA,NA,NA,0.2,0,1.5,2,"high",TRUE,"2015-04",2015-04-01
53,0.00338264905421699,0.0155361707787849,8.25422145402903,5.02147314585639,12.4899946905944,6.49167777334972,4.73428377070177,3.16582123007018,5.09736257724063,4.8457479597999,0.0255165259112389,0.131823293802789,0.00940675848437485,0.0503471629503621,0.0110541365334883,0.0648011657011766,0.025516920779901,0.0171684844174304,6.53530441915983e-05,0.0897524518906236,0.00718402352645569,0.065230995289533,0.13139882414103,0.0558834869835609,0.0787920831884931,0.293464178232855,0.25693611141359,0.300089383581679,0.293464178232855,NA,NA,NA,NA,0.2,0,1.5,2,"high",TRUE,"2015-05",2015-05-01
54,0.00188761299706585,0.015501419192844,7.86915321056213,4.31364310496861,9.19080090315187,3.2055220782721,5.82655423579016,3.27086114766115,8.20677532590721,5.90327418214337,0.0279137697481043,0.0582096350761541,8.55831195837979e-16,0.0459644863636459,0.0323347396924851,0.0483999405338172,0.0291721051202148,0.0107699607930543,1.59938217345667e-30,0.0818154090324683,0.0112178227671616,0.0816211746827087,0.138382012625435,0.0495076137620385,0.10805920844782,0.287835556596111,0.145025775318596,0.282353393906704,0.287835556596111,NA,NA,NA,NA,0.2,0,1.5,2,"high",TRUE,"2015-06",2015-06-01
55,0.00125540594899454,0.0168816924266491,7.65400539777238,3.49441141515187,9.07816826379309,3.44548772931545,5.7102752129481,3.3107816162696,7.79301057705149,3.71484492429213,0.0262682993900872,0.0564757544601285,0.0536511434038101,0.0543711023759427,0.0413992279610912,0.0562734716488598,0.0266066431886998,0.0100016261299603,0.0498805010141549,0.0969253550268883,0.0157629831396796,0.0930855354359209,0.124243258747513,0.0436204997495735,0.0589460604620697,0.312975074771011,0.168283780701672,0.316511052435799,0.312975074771011,NA,NA,NA,NA,0.2,0,1.5,2,"high",TRUE,"2015-07",2015-07-01
56,0.000862293895442071,0.0138506178526362,7.53321179071712,2.8757916055204,7.19189613408359,2.06801347971607,6.8286027266592,2.3425724010597,8.47907155586118,3.87894404041238,0.0352171316369965,0.0632901534214069,0.060386627434915,0.0373378167553595,0.023589435297281,0.0352853506511934,0.0308305202191339,0.0125608414585631,0.0471119120669908,0.0626560637688613,0.00780089568564185,0.0617154959380142,0.126784359850148,0.0513098460265766,0.059750684171013,0.278617360000533,0.121462056864308,0.26805842567592,0.278617360000533,NA,NA,NA,NA,0.2,0,1.5,2,"high",TRUE,"2015-08",2015-08-01
57,0.00192664457628469,0.0108997909524194,7.62584050785549,3.82167177750854,10.1336567702065,3.78870897179176,5.368838173089,3.47514299983436,6.55323641329836,4.16948329925695,0.0405980163333196,0.139962405897866,0.000436409208593587,0.0339957523535788,0.00527018674746689,0.0429301923392911,0.0350044023015351,0.0216762995555484,2.87013856176199e-07,0.0565642071465943,0.00289390691273876,0.0390592623614062,0.139146515811482,0.0528041275857386,0.0788237444799111,0.264865782154759,0.183108692118088,0.282008511880651,0.264865782154759,NA,NA,NA,NA,0.2,0,1.5,2,"high",TRUE,"2015-09",2015-09-01
58,0.000944984454063227,0.0115863970947869,7.07447880923995,2.97348963868992,6.48538055790184,1.72354028608087,6.60444525795358,2.10189329742768,8.02906551978737,4.37451429791626,0.0457515152575043,0.0797220654937562,0.0688480994664364,0.0333619282868678,0.016844738076181,0.0304499500913303,0.0386467209926579,0.0177230806469637,0.0528302613197221,0.0496818694137279,0.00502968492789913,0.0502267358619955,0.149610268765339,0.0782043923866681,0.0793203171487807,0.24607406487702,0.0996392898534861,0.230879428237577,0.24607406487702,NA,NA,NA,NA,0.2,0,1.5,2,"high",TRUE,"2015-10",2015-10-01
59,0.00086098542771247,0.0118254155874802,7.4171862083776,2.86648748136912,7.02112008452642,1.87386054211297,7.01819092207781,2.20606176213992,8.15431313411283,4.03388021796309,0.0394761061306102,0.0679924677760982,0.0621078924687161,0.0344948765127628,0.0202116009158131,0.0319706401909055,0.0324331539858477,0.0140061693893127,0.0468598122110031,0.050487965246743,0.00630053981292991,0.0497498625146591,0.130403274514807,0.0614188763062921,0.0644339425635469,0.254003291098787,0.110102795978527,0.242303466568311,0.254003291098787,NA,NA,NA,NA,0.2,0,1.5,2,"high",TRUE,"2015-11",2015-11-01
60,0.000870730212413603,0.0119178003624359,7.49914255876452,2.91453617921353,7.80025543379082,2.2603021776459,6.69445971975076,2.37760777042696,7.94050638046915,3.83687096154776,0.0341352246738255,0.0620250241541629,0.0583943644643828,0.0403342403793556,0.0250152636724112,0.0392908967879044,0.0281730562484977,0.0121209438986314,0.0455383802006771,0.0567298040878959,0.00823462641631888,0.0544613700748148,0.122559331177436,0.052342386580973,0.0598159191376641,0.260630437811118,0.125055705800351,0.253510521203866,0.260630437811118,NA,NA,NA,NA,0.2,0,1.5,2,"high",TRUE,"2015-12",2015-12-01
61,0.000825526110710938,0.0138434313056297,7.3853630265322,2.59810831809695,6.05526048081068,2.10536557083632,8.18055978446205,2.36793523429481,7.7487433318817,3.19543722157327,0.0337573979754818,0.0345281668614494,0.0124487904898451,0.0389855925105286,0.0140842102367256,0.0306196910038427,0.0233375269302448,0.00954647177780627,0.0310907249518424,0.0520835560439827,0.00459654363497365,0.0541927576607642,0.108402084653438,0.0803821569609772,0.0551565807481769,0.252407350750353,0.0868671866784776,0.234692935217995,0.252407350750353,NA,NA,NA,NA,0.2,0,1.5,2,"high",TRUE,"2016-01",2016-01-01
62,0.00142274393283436,0.011674216896515,7.62002162365733,3.42033609085746,6.12229767503793,2.64744031684803,8.57241486100259,1.83156954236078,7.95143781111963,4.9731790339269,0.0381537087807424,0.0421741225132105,0.0198652004446166,0.0257712255839265,0.0078663888044125,0.0359871705017786,0.0269285932719057,0.0119309380874895,0.00458973598397349,0.0340448509562314,0.00217075893054029,0.027384356916188,0.122525566400826,0.0981602346457571,0.122508618208773,0.2091024000002,0.0588473767865978,0.1871366480299,0.2091024000002,NA,NA,NA,NA,0.2,0,1.5,2,"high",TRUE,"2016-02",2016-02-01
63,0.00113654484740443,0.0114412947239404,8.99757140905669,3.31694332670274,10.2206966240093,3.16292323098401,7.86130251867989,2.38184578037518,8.7524943309313,4.16281952660503,0.0321064145188556,0.0528682390844285,0.0483966981680195,0.0201453801728155,0.0153277246158716,0.0213848232081857,0.0240042905488788,0.0103635434710943,0.0390094798515052,0.0318595133194125,0.00437919736758179,0.02623667396353,0.117646962655173,0.0430196081361585,0.0609502973003292,0.202676018262271,0.0896008893085519,0.199330477707443,0.202676018262271,NA,NA,NA,NA,0.2,0,1.5,2,"high",TRUE,"2016-03",2016-03-01
64,0.00144173224412679,0.0136163379870194,9.0020756719423,3.58841397913539,10.3603391900149,1.81177747298488,8.36924603231915,1.01918055413189,8.10747753178994,5.85737808609165,0.024984956369795,0.0202139315145499,0.0109700223525786,0.0245946385129245,0.0120622012804229,0.0327596733639219,0.0206316611988634,0.00561815731734236,0.00459754965373389,0.0394598130016948,0.00393931216938579,0.0343576141915884,0.108559708000213,0.0535146285293913,0.0990648782728234,0.220735925030941,0.0779757535607312,0.204055980193222,0.220735925030941,NA,NA,NA,NA,0.2,0,1.5,2,"high",TRUE,"2016-04",2016-04-01
65,0.00146193444194206,0.0136837212991177,8.96829796632083,3.62433665932283,10.6022418899716,1.70095751606729,8.01717509388916,0.975048833317801,8.03793976455399,5.96351171387412,0.0240593558616053,0.0181592063122446,0.0102331307553509,0.0260215038132761,0.0136555363256567,0.0340613944511754,0.0194507830877189,0.00511772501543156,0.00414385726376143,0.0423111957016016,0.00458290701553312,0.0377607187057299,0.10519868040348,0.0487410917545716,0.0985039862689091,0.226508997358369,0.084312509998564,0.209600539663939,0.226508997358369,NA,NA,NA,NA,0.2,0,1.5,2,"high",TRUE,"2016-05",2016-05-01
66,0.00152984500502289,0.0119351611434806,9.5321490520477,3.81795446117986,11.9677645829798,4.2799487892878,7.58174071104925,3.02063021722324,8.47793697358934,4.03585929571404,0.0238859697123017,0.046088737546981,0.0440407254487065,0.023417500868273,0.0208711236289899,0.0263966651169943,0.020283686478448,0.00849726710975672,0.0378880646307671,0.0353962622551658,0.00635389787840995,0.0275752089400902,0.110111415673085,0.0332576223099985,0.0538500735808584,0.208682042477517,0.109003945401966,0.210995771492017,0.208682042477517,NA,NA,NA,NA,0.2,0,1.5,2,"high",TRUE,"2016-06",2016-06-01
67,0.00110104670047947,0.0113604547735428,9.53962240926529,3.26375097140804,11.9368929816161,1.69118725604289,7.526231905352,1.12895891622479,8.59532468184748,5.27461360106836,0.0254668460662671,0.0485925863430298,0.000207759345272604,0.0222290464910033,0.0165320624128513,0.0189605843769981,0.0227205717453271,0.00926965151759141,0.00520903103391699,0.0292147179493849,0.00476149794050041,0.0276258272753701,0.124113956824938,0.0374970645680419,0.110833687961927,0.183634160644312,0.093600894285676,0.173274534338775,0.183634160644312,NA,NA,NA,NA,0.2,0,1.5,2,"high",TRUE,"2016-07",2016-07-01
68,0.00132666041079066,0.012187187606524,8.52704357952966,3.32156142798312,7.89018861806932,2.40159542545178,9.22393529623182,1.50129096246864,8.41399773257709,5.00767169631305,0.0294642225821634,0.0327840172104998,0.0183695388267081,0.0179553023582925,0.0052457062092734,0.027551466718818,0.0241373008150495,0.00907234925983158,0.00462409790880077,0.0267288802837734,0.00147976121280203,0.018082609726761,0.119233423147286,0.0811255059610122,0.114858940477633,0.189451624511968,0.0461497884693308,0.173367237073066,0.189451624511968,NA,NA,NA,NA,0.2,0,1.5,2,"high",TRUE,"2016-08",2016-08-01
69,0.00134735073882018,0.0125089654345389,8.65233003850113,3.34643614433291,8.07924924739466,2.41667302670635,9.38407190483702,1.48843507103976,8.44117120835539,5.05372705293646,0.0276626548445752,0.0309699233230223,0.0167154547385807,0.0184106373897015,0.00553725698943021,0.028088278528603,0.0225462392910928,0.00852691273542725,0.00400719077001747,0.0275809745501349,0.00157795761383322,0.0188394001387937,0.114426715521951,0.077500559762522,0.109848720223652,0.192047657558417,0.0476467435715073,0.175854214453552,0.192047657558417,NA,NA,NA,NA,0.2,0,1.5,2,"high",TRUE,"2016-09",2016-09-01
70,0.00138686900107917,0.0135771277923973,9.1994156203998,3.5574377682459,11.0648694048863,1.59921509033813,8.19331845674452,0.965407200236514,8.0203454407992,5.87167697147871,0.0215614694142495,0.0171829113472993,0.0102082886726467,0.0260763834508507,0.0121861801530576,0.0332823295182463,0.0181183371912465,0.00491416703854069,0.00412726631973666,0.0391442073425221,0.00405565199308751,0.0345201422555078,0.104984290186324,0.0469338435459272,0.100069069080791,0.214179122906689,0.0786807695280803,0.199566625005176,0.214179122906689,NA,NA,NA,NA,0.2,0,1.5,2,"high",TRUE,"2016-10",2016-10-01
71,0.00100270256591225,0.0131920016539986,8.93467949840188,3.12794950707444,11.407911493393,3.44014842386594,7.31619189082302,2.39485538315291,7.4711702425427,3.43252834977045,0.0189391536504114,0.0155197516729626,0.0194433399934509,0.0321087350779666,0.0208151724777945,0.0316745614493217,0.0156480292871094,0.00430748879166886,0.037221204181637,0.049596627690912,0.0073246309771359,0.0497539010783856,0.0952115113495947,0.0424892970367304,0.0612212632497855,0.23578531929828,0.107923069154573,0.226423939924355,0.23578531929828,NA,NA,NA,NA,0.2,0,1.5,2,"high",TRUE,"2016-11",2016-11-01
72,0.00111778677186639,0.0227538481969688,8.0728378782336,3.08426189476746,5.29667640576234,2.62047100545992,8.83477888891826,1.45812811842918,9.45537070988199,4.42097369437252,0.0152916648139422,0.00587297266920342,0.0227259003917455,0.044366268259702,0.0208183284106036,0.0391767600071883,0.0117347986626458,0.00187479526871305,0.0103878953795725,0.080855646963989,0.00703036172716217,0.0862583051633211,0.0732678104692121,0.047579889135976,0.0422709046768682,0.294300684770619,0.0690060602606559,0.271741424737568,0.294300684770619,NA,NA,NA,NA,0.2,0,1.5,2,"high",TRUE,"2016-12",2016-12-01
73,0.00180824023162895,0.0221680826875295,8.15024017794537,4.08204564576519,5.65121366676775,2.50628292657448,8.73086297331384,2.41458475729052,9.54542092881922,6.1544793690574,0.0138528346326545,0.00612038701733426,6.97976434335268e-09,0.0502720032443048,0.0220536721647223,0.0601562290417882,0.0113383041894506,0.00164144865324752,1.37389815068602e-19,0.083266401690121,0.00708805525016709,0.0773031946258416,0.0760113932117536,0.0435725674876493,0.0641866514122051,0.286133853800117,0.0759219163138214,0.285759459415513,0.286133853800117,NA,NA,NA,NA,0.2,0,1.5,2,"high",TRUE,"2017-01",2017-01-01
74,0.00133900044670819,0.022250776274237,8.29420369572894,3.40008135145904,6.26752899337739,2.1747135053999,8.67715374256228,1.57126094193996,9.58157231793624,5.24246314354081,0.0131423454473659,0.00527092599003158,0.0259075256548684,0.0559266928153304,0.0232255594629247,0.0672977440027768,0.0110848687762457,0.00133789839530172,0.0147301194719621,0.085544243834229,0.00738673845370203,0.0789424807293706,0.0774031756198206,0.0389256886581994,0.06712603383919,0.281431664883262,0.0802113904427172,0.278804214782117,0.281431664883262,NA,NA,NA,NA,0.2,0,1.5,2,"high",TRUE,"2017-02",2017-02-01
75,0.00180532173097316,0.0210138334535513,8.13510732867679,4.10620481614571,5.87281129302191,2.71325411737219,8.62615765093875,2.38861199992197,9.46780890412231,6.12499296202096,0.0138075439211001,0.00684109999469747,8.50240656345131e-09,0.0503169640142763,0.0206274783884509,0.0589735120042186,0.011616772364724,0.00179069385018939,5.91319151430595e-20,0.0784733721872194,0.00651974889276812,0.0724650238161221,0.0791335437966815,0.0452340231410175,0.0668506994181141,0.275545289352006,0.0723627080732404,0.276963694739217,0.275545289352006,NA,NA,NA,NA,0.2,0,1.5,2,"high",TRUE,"2017-03",2017-03-01
76,0.00175917283272653,0.0201120578904834,8.06196888436135,4.06860215560199,5.62653146686998,2.59734129811925,8.76508552558034,2.38762647014421,9.30061536989976,6.1002974125741,0.0146791146874651,0.00839633150135901,2.40024989501194e-08,0.0440726859421966,0.0183424304148258,0.0526332750830407,0.0117926769596164,0.00232811277316948,2.7861014202084e-17,0.0711575094394045,0.00582542586531987,0.0663857239241476,0.0771869156721559,0.0519396395505362,0.0657432693335362,0.272045370054525,0.0644816787975033,0.27008008756641,0.272045370054525,NA,NA,NA,NA,0.2,0,1.5,2,"high",TRUE,"2017-04",2017-04-01
77,0.00083034930919893,0.0137726043358103,8.71442611376375,2.84747904888433,11.2009541190851,3.14818770505367,6.93378641869675,2.08788635809222,7.36782873028347,3.17081307095624,0.0158965109446077,0.0128737765153959,0.0158724698357165,0.0381164772377172,0.034139792450503,0.0379371800609264,0.0122000917042692,0.0032818576037634,0.0284622009066395,0.0653583203084337,0.0126097639764055,0.0655309078070726,0.0756768676801733,0.0371988256998021,0.0504199300093521,0.271600793834569,0.142343141058815,0.264279780303128,0.271600793834569,NA,NA,NA,NA,0.2,0,1.5,2,"high",TRUE,"2017-05",2017-05-01
78,0.00152489438124685,0.0155329468907441,10.662436309056,3.76285547454064,14.9885182454742,2.15191492429763,7.70371845679783,2.09447177202879,7.55378626104187,5.78443550587273,0.0133212800069659,0.011190545486761,1.35818732445734e-22,0.0236144135631409,0.0272943486178478,0.0140780181006593,0.0124818492826636,0.00296312367968372,5.80547954537014e-93,0.0477327243518112,0.00947892908280876,0.0509610744364285,0.0803784962260327,0.0342785958885141,0.0356136809887593,0.239633956044645,0.124184314805335,0.237536989667843,0.239633956044645,NA,NA,NA,NA,0.2,0,1.5,2,"high",TRUE,"2017-06",2017-06-01
79,0.00127993383217317,0.0149939727867279,10.8137228459301,3.53945263366811,15.0215278608931,1.53092319080922,8.31577146111959,1.71238229481972,7.48407984301444,5.68394193304003,0.0139688391431333,0.011076006877382,7.11780932102629e-19,0.0209934658146151,0.0251875608658509,0.0183872515709688,0.0116990493675162,0.00297087579774629,2.1449633348387e-73,0.0388008150306793,0.00861111652008852,0.0424903527649304,0.0717178627288759,0.0341355969902498,0.0540775515607716,0.226837233159053,0.118284635543145,0.223474995384575,0.226837233159053,NA,NA,NA,NA,0.2,0,1.5,2,"high",TRUE,"2017-07",2017-07-01
80,0.0018787820832945,0.0148670356307699,10.8094198187306,4.02628896683753,15.0106300270799,2.58515955202064,8.35202909632758,1.36713213169367,7.44682929956921,6.33094845647318,0.0143110915032593,0.0108941429127472,0.00961564280953134,0.0200828277184268,0.0266223533941718,0.0311055712101751,0.0120195850623598,0.00289550876129292,0.00399939687362444,0.0378361852813541,0.00916934032780421,0.0325512518407614,0.0692314557300513,0.0337246080866923,0.0773865863756363,0.229534832315264,0.122201022972909,0.20693007057607,0.229534832315264,NA,NA,NA,NA,0.2,0,1.5,2,"high",TRUE,"2017-08",2017-08-01
81,0.00190875033235197,0.0168230030921827,9.03512708105718,4.27005789797589,8.13297082682373,2.59227245059355,10.0025822540403,1.47834530639955,8.8715104629229,6.76718568188718,0.0151928870234691,0.0149696818500839,0.013586766768332,0.0194018907725633,0.00962440500979861,0.0263760523029956,0.0123820446653847,0.00423404346132083,0.0074497660034121,0.0373202720321676,0.00283985228613017,0.0336691420306192,0.0701825445391795,0.0705652836785279,0.0678088448618591,0.228675340504594,0.036879683193987,0.21845832528466,0.228675340504594,NA,NA,NA,NA,0.2,0,1.5,2,"high",TRUE,"2017-09",2017-09-01
82,0.00224268919213422,0.0171236989012847,8.97223207032019,4.66155068603474,7.29750209386652,3.69633656180451,9.70761466387918,2.65245659354148,9.69595408913936,6.67021247312695,0.0130516222813618,0.00990922666743733,1.41883814385144e-09,0.0218241078804606,0.00948541261281569,0.0285977907646777,0.0111970923530547,0.00248939164821016,5.89081905016747e-20,0.0402954393171737,0.00275787227812162,0.0363972309276108,0.0653134874706129,0.0517631686561296,0.0556486130866732,0.232420089905572,0.0388923511894298,0.226917699506543,0.232420089905572,NA,NA,NA,NA,0.2,0,1.5,2,"high",TRUE,"2017-10",2017-10-01
83,0.00217024088516152,0.0174052662269697,8.98233271501242,4.57477114313058,7.1599184045242,3.54069980922172,9.85866947564922,2.52962718489673,9.67414635097099,6.62193507990448,0.0135154972910736,0.0104353568383281,2.14937053424291e-09,0.022359890429965,0.00969500813293292,0.0294325347509478,0.0110150680447593,0.00263842133098024,3.54096967825425e-19,0.0410653609466296,0.00281492053911168,0.0372087280524049,0.0631119070725801,0.0536807629921233,0.0555813764881519,0.235648467466885,0.0395484718943574,0.228670994236063,0.235648467466885,NA,NA,NA,NA,0.2,0,1.5,2,"high",TRUE,"2017-11",2017-11-01
84,0.00212517357139428,0.0165838412808353,9.1031637785005,4.51627119492882,7.43750198273148,3.52361870591228,10.3194860774569,2.35023447192917,9.31635892871503,6.57652078691555,0.0113257886586427,0.00857885562821149,2.76111204157496e-09,0.0205116452412508,0.00901277178682676,0.0277457027405284,0.00796988225869794,0.00224605381456565,9.6568420447376e-19,0.035400421988535,0.00270446348202813,0.0316727136150162,0.0471680029520477,0.0484247110191963,0.0509652898885192,0.22430891468763,0.0361728768138509,0.215158992328793,0.22430891468763,NA,NA,NA,NA,0.2,0,1.5,2,"high",TRUE,"2017-12",2017-12-01
85,0.00211621227787412,0.0166926951787478,8.97103322367831,4.46570541848521,6.36754785724773,3.23555194752976,9.88059504044011,2.53530322792563,10.1620119677902,6.55217641638034,0.0102418734011588,0.00784366204687419,1.85397854748529e-09,0.0230308845762854,0.010844087619508,0.0323061707617894,0.00731746718630246,0.00173299007629401,2.43054351883976e-20,0.0402845882162685,0.00302401694099016,0.0354607192363816,0.0450421002853786,0.0419133047624111,0.0477969686919783,0.233873228419161,0.0456424134822913,0.22707457928104,0.233873228419161,NA,NA,NA,NA,0.2,0,1.5,2,"high",TRUE,"2018-01",2018-01-01
86,0.00244479446562174,0.0202850799848704,9.77871126285529,4.76399353458958,5.52526304749116,3.35338462630799,10.8220017457507,2.94274023996545,11.7993783038716,6.94132513436471,0.00916328616235518,0.00897941030468414,2.51816975008444e-10,0.0233921070322265,0.0128707452638783,0.0346993678098759,0.00754734110986529,0.00165052039186773,5.02280555194727e-23,0.0474696428376358,0.00320654382054288,0.0420485489071206,0.0439119617863221,0.0425839433795901,0.0442079091599722,0.262129752869543,0.0544971534813334,0.253727767819613,0.262129752869543,NA,NA,NA,NA,0.2,0,1.5,2,"high",TRUE,"2018-02",2018-02-01
87,0.00196426800198057,0.0224310377962153,10.8014962644026,4.03355646849981,6.25885694946667,2.21555488112639,11.9457990868564,2.01103566114552,12.9669409851469,6.31314386752337,0.00816304763068036,0.00734640457678366,0.0131303316899179,0.0259559079330306,0.013445521318213,0.0416957081999931,0.00671068415039524,0.00117422067531056,0.0102145614496968,0.0485344012099068,0.00319868691356788,0.0406259882910308,0.0373004676485311,0.0350441511955038,0.0360821745928009,0.263452893198456,0.057062200905385,0.253498628026273,0.263452893198456,NA,NA,NA,NA,0.2,0,1.5,2,"high",TRUE,"2018-03",2018-03-01
88,0.00220320282984274,0.0235167795237843,10.8918217407953,4.34383837393919,5.86306896878299,2.69398839078749,12.2488610807578,2.34025699165872,13.095234514562,6.62362583635389,0.00702833311999524,0.00631841301682156,0.0125027491870912,0.0256223171654971,0.0135533643283552,0.0409569680335834,0.00667127789377596,0.000999619360611094,0.0106450100849511,0.051227284372465,0.00328274315649322,0.0440122678917379,0.0379691276257969,0.0310809943704606,0.0346064176413008,0.27151420515749,0.0573536994288875,0.260952784717841,0.27151420515749,NA,NA,NA,NA,0.2,0,1.5,2,"high",TRUE,"2018-04",2018-04-01
89,0.00268517448215004,0.0238950352562528,11.0233620736422,4.90106010639063,5.69213843810571,3.06296040229132,12.4826774523571,3.34149004378084,13.2787747116101,7.1773176299137,0.00580890221303192,0.00531061094506841,6.65313103748254e-11,0.0224195352006402,0.0130269332374199,0.0371165729073506,0.00633159328754599,0.000827835610235195,9.23126043225625e-24,0.0494046467474795,0.00318154449203342,0.0425659375997632,0.0356352762917944,0.0269895738885484,0.0308910364317603,0.27338188624122,0.0556041295264007,0.264771541718491,0.27338188624122,NA,NA,NA,NA,0.2,0,1.5,2,"high",TRUE,"2018-05",2018-05-01
90,0.00246621636327861,0.0236658947232902,11.2786593643553,4.66979471144815,6.3741425411451,2.67391093425891,12.6625578974441,3.40616177566513,13.4407739929856,6.83148667676778,0.00544450795412805,0.00450154633224508,2.33612442661926e-10,0.0246899654415501,0.0127178423315492,0.0394904389015827,0.00632235566717261,0.00067713943918756,3.34062079160239e-21,0.0473342919997756,0.00309206351935603,0.0400416318043366,0.0356658832117219,0.0233798470188634,0.0266810181262476,0.264587579093348,0.0546694909145838,0.258766404501128,0.264587579093348,NA,NA,NA,NA,0.2,0,1.5,2,"high",TRUE,"2018-06",2018-06-01
91,0.00196817549791437,0.0240145719797255,11.74118582168,3.84328606224908,8.4200269968241,1.70595025816738,13.0212076191876,2.11213162198289,13.1574173380805,6.07792538592838,0.00487780151414695,0.00171303306716024,0.011174135315037,0.0247922848778357,0.0135391761274948,0.043613473495017,0.00589217731377639,0.000257658814397095,0.0104758039263013,0.0476594308047417,0.00346480880797245,0.0368698970292101,0.0343046415380605,0.0118785399716376,0.0303073943159764,0.258729143547619,0.0572613567023327,0.251472964459032,0.258729143547619,NA,NA,NA,NA,0.2,0,1.5,2,"high",TRUE,"2018-07",2018-07-01
92,0.00207295753751322,0.0209073348762158,10.4726149091661,4.11071448151556,6.89560206819033,2.31396497029968,11.8699201687785,2.29157131983987,11.8567557287422,6.33152332759966,0.00498035117399526,9.40134014393445e-05,0.0114889111025506,0.0226813442388756,0.0132284159430116,0.0395227219851277,0.0060111102387334,7.00752225167187e-05,0.0105541477762026,0.0447681801822832,0.00373611655255224,0.0359006792214754,0.0351824489297563,0.00843240564987947,0.0314567569303595,0.256862743094943,0.0551202371607801,0.248695794753048,0.256862743094943,NA,NA,NA,NA,0.2,0,1.5,2,"high",TRUE,"2018-08",2018-08-01
93,0.00217337134739573,0.0203808462218283,10.2335463866724,4.30163622513345,6.35414991803133,2.73979409801584,11.6393024267058,2.35746818952838,11.7612853372151,6.51522023234675,0.00508928790196641,0.000110818884912672,0.0111887010441889,0.0214884240069075,0.012655000890317,0.036975380114128,0.0061509680117053,8.0760690386381e-05,0.0102309549803863,0.0426067812528358,0.00360516084458814,0.0349290448211613,0.0347021031857538,0.00906469484967067,0.030972534288165,0.256546647858112,0.0530140391324304,0.247111529460341,0.256546647858112,NA,NA,NA,NA,0.2,0,1.5,2,"high",TRUE,"2018-09",2018-09-01
94,0.00195643246005964,0.025972642472545,12.5114061936487,3.75156548784455,9.17081243798504,1.56537033732442,13.6620130094433,2.06312159898309,14.1014699441057,5.95951976283268,0.00472378928876371,0.00487683154646938,0.0113695645689312,0.0256230423717,0.0137328775404348,0.0453804044296474,0.00572292974398195,0.00067902995506408,0.010468902145283,0.0488962023725076,0.00321432867959654,0.0371087194580216,0.034040072941497,0.0242571018047149,0.0306053715268207,0.259111860097667,0.0584000384707821,0.252475916405785,0.259111860097667,NA,NA,NA,NA,0.2,0,1.5,2,"high",TRUE,"2018-10",2018-10-01
95,0.00203304708716497,0.0188189850269853,9.91299438496145,4.34852362466604,6.2127537896856,5.33461540369461,10.78371850181,1.62727300409586,11.828587348086,5.06190025658755,0.00558442815293749,0.00752756907271107,0.0191509425460706,0.0175506368756977,0.00886339789399889,0.0137721927319535,0.00681285274254094,0.00139921584651109,0.0177699934485956,0.0349892671983449,0.00221633104662135,0.03960836340177,0.0399763755122765,0.0369684396381147,0.040457309082664,0.238227587402072,0.0404195183235939,0.215399832761706,0.238227587402072,NA,NA,NA,NA,0.2,0,1.5,2,"high",TRUE,"2018-11",2018-11-01
96,0.00239879617797476,0.0172375387270944,12.2868042966755,4.54911239252577,17.7102826867576,3.87210757084052,8.92840599472212,1.65872906678058,7.7153180765897,6.65872897198493,0.00600327403783223,0.00736177151579675,0.00860558736629511,0.0151643901469796,0.0381375397037682,0.0275521452775767,0.0067543252510641,0.00182135291825921,0.00392058369443698,0.0304796865242368,0.0135770152736823,0.0263908977850871,0.0384595262216344,0.026064752465039,0.054944365544932,0.230695663376367,0.14975631998926,0.203003817945117,0.230695663376367,NA,NA,NA,NA,0.2,0,1.5,2,"high",TRUE,"2018-12",2018-12-01
97,0.00212308095489094,0.0240039223706312,14.7859319204625,3.96430798848662,19.1134910143954,5.76738540763393,14.3302707171239,1.88453333216024,9.22979689301012,3.21450045302915,0.00846017252768723,0.00626138071039989,0.0045312961201368,0.00918991502990152,0.0112063726564665,0.00258994281495485,0.00920587483941097,0.00184715299191248,0.00226879742737606,0.0150617174132976,0.00312467558816606,0.000493136752634323,0.0497926170096415,0.024045374485195,0.0498037277783007,0.167464044495949,0.0676530922136398,0.129249584976553,0.167464044495949,NA,NA,NA,NA,0.2,0,1.5,2,"high",TRUE,"2019-01",2019-01-01
98,0.00231247525433824,0.0193603574253388,13.2886102392672,3.96907791096079,18.8567255472554,2.67946974873292,10.5107847247485,1.99726262190133,7.98177877286446,6.00767195131455,0.0068070162833946,0.00694319988851757,5.53541432305434e-101,0.0127057735140167,0.0297422902518986,1.45188100586418e-09,0.00722371921649639,0.00180423857342974,1.69228690292445e-190,0.0226150441117767,0.00991328406503137,2.56318103023285e-07,0.038344864261524,0.0252300197000597,0.0224619681480105,0.207554333920143,0.128815178004202,0.191072677850209,0.207554333920143,NA,NA,NA,NA,0.2,0,1.5,2,"high",TRUE,"2019-02",2019-02-01
99,0.00244578072402972,0.0188172632303027,13.0052339426235,4.63903306749742,18.5635911186677,4.36335192421876,9.88317513308724,1.56948278236177,8.06996058074305,6.56199414700212,0.00666953236271398,0.0065224760069226,0.00793381616055867,0.0134749869800261,0.0335898726300352,0.0241111359420585,0.00696509777636705,0.00165595561286996,0.0032114486150116,0.0247543872142778,0.0114504022759188,0.0215661497588148,0.0365637506533134,0.0241845487734961,0.0555465746475727,0.219462328640335,0.138559642392344,0.190653815453072,0.219462328640335,NA,NA,NA,NA,0.2,0,1.5,2,"high",TRUE,"2019-03",2019-03-01
100,0.00251008144401137,0.0191342808796837,13.2284530075264,4.94935286619699,18.7818190326159,5.64752166589752,10.4828064606368,3.29364628883935,7.89493188393054,5.54487822586123,0.00682065635626539,0.00710362747820725,1.23225760628509e-13,0.0129004373961153,0.0293646543658387,0.0195184698666283,0.00734033295174161,0.00185030373730234,4.0250277610685e-22,0.0224321925250052,0.00978342654009839,0.0234276035591914,0.0394770846469529,0.0256091776623269,6.34015318000806e-07,0.205153340519226,0.127876347222662,0.197193633775156,0.205153340519226,NA,NA,NA,NA,0.2,0,1.5,2,"high",TRUE,"2019-04",2019-04-01
101,0.00348960384790836,0.0195850102696175,13.3748259016118,4.98288424200543,19.0724551945206,7.05512241886045,10.5077858354884,3.55536923602508,7.90479559405522,3.4744788613686,0.00695335752579223,0.00713932286244739,0.00301389334523035,0.0125029527714634,0.0275504413802537,0.00301365674816359,0.00764846864906412,0.00188055638762242,0.00106344350603088,0.0224352280390293,0.00905555318005623,0.00069942998085628,0.0431557784960415,0.0257263089947373,0.0426847019408615,0.20301825386977,0.122954035218254,0.156332425799273,0.20301825386977,NA,NA,NA,NA,0.2,0,1.5,2,"high",TRUE,"2019-05",2019-05-01
102,0.0018302527865763,0.0245851986022864,15.144523265002,4.16248249921459,20.3489083305589,3.66356062994952,13.7609952554732,1.02715311888414,9.19927682515917,6.12389268765004,0.00792020645475457,0.00495067919794057,0.00665422513459891,0.0101462737906293,0.0147742409303479,0.0143411357670114,0.00882981207354718,0.00142303855182138,0.00213628175709172,0.0158390847181802,0.00412296796307023,0.0113940030782819,0.049993574447907,0.0204714918426959,0.0667346379891399,0.166939429536188,0.080690836298175,0.149770504048338,0.166939429536188,NA,NA,NA,NA,0.2,0,1.5,2,"high",TRUE,"2019-06",2019-06-01
103,0.00189591407512921,0.0257560634939129,15.5858278244015,3.83913336981368,20.6791974696625,5.60513706652643,14.8584249346056,1.60020426286535,8.96393258503554,3.19978434839129,0.00622209446520806,0.00583198011535293,0.00402130134866383,0.00968408701940071,0.0114049532991855,0.00227636456858863,0.00754359361594156,0.00171825347267948,0.00144855573648553,0.0140460207847358,0.00314854200207401,0.000351196223666867,0.0458107718921564,0.0229283882390496,0.0556960705163228,0.149972923371869,0.068107271297763,0.120288814893042,0.149972923371869,NA,NA,NA,NA,0.2,0,1.5,2,"high",TRUE,"2019-07",2019-07-01
104,0.00173722585464944,0.0264630125918698,15.7359359910826,3.67868496022219,20.4121777841179,5.30926116465956,15.4521301072277,1.47592698316246,9.35059986338909,3.1986801239739,0.00654579883700203,0.00565848539757858,0.00406277929646774,0.0091096945182314,0.00900102146553884,0.00226458932543077,0.00802424939090526,0.00170023644401449,0.00144730219398341,0.0132038808136717,0.00241426612112826,0.000345332995543934,0.0481532686471357,0.022551554222187,0.0560832106157569,0.146585555893021,0.0576265301809817,0.117532048871276,0.146585555893021,NA,NA,NA,NA,0.2,0,1.5,2,"high",TRUE,"2019-08",2019-08-01
105,0.00119087125043924,0.0248801442267224,14.9235599518814,3.32679854955835,16.9696181504771,2.68762525170512,16.5986160560986,1.43106611437128,10.230148081109,4.89198181218265,0.00755733551402341,0.00610959621302787,0.000604110193436683,0.00766635399933047,0.00332373930047148,0.0101877563950644,0.00929772943221337,0.00192913402021036,1.33982455444017e-05,0.0108427560875081,0.000884100770361783,0.00376181081498642,0.0505895927299999,0.0240187592040228,0.0637386637448807,0.141326130883921,0.0297636126007645,0.129830042117083,0.141326130883921,NA,NA,NA,NA,0.2,0,1.5,2,"high",TRUE,"2019-09",2019-09-01
106,0.00110559430358603,0.021921253836865,13.7967689667596,3.19737613559767,13.4487423903315,3.13639178124921,16.528005779774,1.77067208971652,10.8170631332484,4.20682890104646,0.0074500711064014,0.00878396647626526,0.00070983649470691,0.00586414704383043,0.000184437541815455,0.00960219424374475,0.0079231336704615,0.00244646664449232,1.06743599736506e-05,0.00837275709416707,9.89059787072322e-05,0.00192773734171116,0.0495495022530236,0.0307462371479284,0.0576476782126299,0.127994101532894,0.0100096993426745,0.116470801671728,0.127994101532894,NA,NA,NA,NA,0.2,0,1.5,2,"high",TRUE,"2019-10",2019-10-01
107,0.00175218703354892,0.0164366572738728,11.7959660265757,4.14148104754407,13.0615150603686,3.46539234607288,14.3902569500907,1.68833633746077,6.30490069220094,6.04947701052654,0.00568000635552056,0.0360697892577051,8.05543267530886e-08,0.00811483819123082,0.00863114964781124,0.0116487587033895,0.00581674715121204,0.0118803322373317,5.61865758510389e-11,0.0125375533396757,0.00224519726519019,0.00827033481500391,0.0396944377380444,0.125906707586709,0.0563642779529602,0.143100238590765,0.0332336324124515,0.137863467658439,0.143100238590765,NA,NA,NA,NA,0.2,0,1.5,2,"high",TRUE,"2019-11",2019-11-01
108,0.00191768173222781,0.0166710912969562,11.7499604295538,4.34001079459407,13.1128771152254,3.77809008072639,14.1409506369615,1.68380149789012,6.5015905078877,6.27677695550821,0.00586193298134336,0.0335618903559215,3.64553907049622e-09,0.0088361147762066,0.008519229003467,0.0112281263653735,0.00599050239583685,0.0108283443597935,1.4089795045983e-16,0.013727668099406,0.00223864933428108,0.00964246181639796,0.0403584953705423,0.119988662121842,0.0590768900153402,0.149872636493769,0.0330256447251923,0.142416018509239,0.149872636493769,NA,NA,NA,NA,0.2,0,1.5,2,"high",TRUE,"2019-12",2019-12-01
109,0.00203380739804041,0.0162662713671448,11.4179632293238,4.46191922813096,12.7218168414783,3.68001788228684,13.3680254231153,1.24667772154066,7.11062060986192,6.68052637445266,0.00529667739324164,0.0276724444632192,0.00757642773932525,0.00961494636136473,0.00641337125722505,0.012682005317448,0.00549817298280621,0.00818574263104157,0.00293820440846638,0.014678926567811,0.00166209097155381,0.00980872046180226,0.0395830656198904,0.104159471493063,0.0581290538461578,0.150785936545659,0.0273578221437421,0.144081231437863,0.150785936545659,NA,NA,NA,NA,0.2,0,1.5,2,"high",TRUE,"2020-01",2020-01-01
110,0.00129418176418169,0.0147091344637983,11.3322677892239,3.51813920936091,12.3113367495971,2.28311592799021,14.1983661500882,0.993031042872591,5.66553314755928,5.56176064718508,0.00626628223163807,0.0450139571203616,0.0020641733967567,0.00726879655176971,0.0108696709037547,0.0111145998805771,0.0059954764746593,0.0161554043532672,0.000250314963007194,0.0112339789708825,0.00281952295672585,0.00515721406517168,0.0440310887160941,0.145917764409438,0.06554398564112,0.132939337508009,0.0385590351892534,0.128722140653438,0.132939337508009,NA,NA,NA,NA,0.2,0,1.5,2,"high",TRUE,"2020-02",2020-02-01
111,0.00217425718627572,0.0198971299358172,12.8420248995809,4.3916662875906,8.54282350289401,5.68328223526974,16.9751223149772,2.98920045172633,11.5593338715659,4.07739893048815,0.00833328622507055,0.0149884159608246,0.00134222011312503,0.00552261909062968,9.07430197924661e-05,0.014059239851173,0.0079138319735208,0.00358858516196919,2.4129661173108e-05,0.00769823559469962,5.27492521621729e-05,0.00259598028397531,0.0424264777119424,0.0454779111332421,0.0702850366862617,0.136386496352725,0.00761884135932246,0.109523531990254,0.136386496352725,NA,NA,NA,NA,0.2,0,1.5,2,"high",TRUE,"2020-03",2020-03-01
112,0.00147669991409769,0.0134834613164478,11.0680387780051,3.74369065270729,7.5476187045735,2.04165730900619,16.3495445500462,3.20499729097214,6.57497468213362,5.25407336330076,0.0253746014133419,0.173664428212418,0.00547402466617518,0.00429605196059379,4.13452112970567e-07,0.00934674985284457,0.0283848688875379,0.0682815665375482,2.11390580859754e-06,0.00602984468902434,7.35206921782744e-06,0.00394080705631646,0.0924738319165378,0.220136963968336,0.108718839661314,0.0921369144273594,0.0153907187470407,0.0772062558909458,0.0921369144273594,NA,NA,NA,NA,0.2,0,1.5,2,"high",TRUE,"2020-04",2020-04-01
113,0.000832742233553892,0.0132157678898985,10.4785935192078,2.85713269518456,11.4515598785966,2.03121510577766,12.2869985472793,2.11018055430146,6.87707855622006,3.98885007690015,0.0410681905276353,0.120250393801702,0.000205053260948853,0.00624848011644419,6.25601108302306e-07,0.00715532130541551,0.0265725363923459,0.0364077288783745,1.00920163107991e-08,0.00935751661543938,9.93664226642574e-06,0.00551192798762658,0.0969855434144001,0.144543062728415,0.0826609540703402,0.118740096519816,0.0160777831093925,0.118154164528226,0.118740096519816,NA,NA,NA,NA,0.2,0,1.5,2,"high",TRUE,"2020-05",2020-05-01
114,0.00126613611311993,0.0133753716674951,9.98012545440301,3.52014371451029,8.9975126595312,2.01372276967987,10.9589006743223,3.9172399380465,9.88716209075096,4.21596811978759,0.0323846315566953,0.0689250912260897,2.30978671228431e-05,0.00820284821593431,0.000588615716552362,0.00997966423896879,0.0233731832446471,0.015996776103895,7.05753758103852e-11,0.0112089791009082,0.000132033765473267,0.00689318487962314,0.0914196192133483,0.0709462328172104,0.0632851073839882,0.141529782471779,0.0143987818907668,0.137131897954283,0.141529782471779,NA,NA,NA,NA,0.2,0,1.5,2,"high",TRUE,"2020-06",2020-06-01
115,0.000869789388214175,0.0165076039232623,11.9598953322495,2.42746483702221,12.2331110523196,1.58615984660283,13.0180430774281,1.74797664924927,10.4880330611099,3.47942972046311,0.0277601762877933,0.0406917654805545,0.0191188704630052,0.013676629737568,0.00736599981788376,0.00999736210486148,0.0153836059361667,0.0078545717853754,0.00327105261609659,0.0189018071933904,0.00175208554655538,0.00291595737234074,0.0754947604513438,0.031646802438703,0.0380307521280174,0.148060780323134,0.0514647436042191,0.141533593151181,0.148060780323134,NA,NA,NA,NA,0.2,0,1.5,2,"high",TRUE,"2020-07",2020-07-01
116,0.0010401420156139,0.0184343263639408,12.7057593169126,3.09369881913892,14.8506213684058,1.6659207040225,14.1572618414025,2.69781253554274,7.95863943046507,4.31965656986783,0.0196492224890178,0.0114544096977144,0.0151089271780186,0.0225977284066183,0.00962109080712813,0.0222557655443591,0.0125082648312019,0.00320622988425803,0.026357714602495,0.0243111221606959,0.00282349981432521,0.0156623735213425,0.0609171923078783,0.0363807168132962,0.0497120877809838,0.154579897206842,0.0636460175376654,0.149435012571496,0.154579897206842,NA,NA,NA,NA,0.2,0,1.5,2,"high",TRUE,"2020-08",2020-08-01
117,0.00119848450870014,0.0159595153873347,11.9099408518996,3.25489461870509,13.6721696490129,1.36767837004287,13.523672666093,2.34764653568425,7.46472558077123,4.93973972555566,0.0168259437532565,0.00988940125757964,0.00118606569604285,0.026238013827139,0.0190607085773808,0.0314593902485506,0.00939220644817169,0.00275716960451953,9.94493701848678e-05,0.0298624191306505,0.00612870294319883,0.0209351903636284,0.0417200451394583,0.0320060821275759,0.0256782561711195,0.174969227944311,0.0990344601073938,0.163131846020357,0.174969227944311,NA,NA,NA,NA,0.2,0,1.5,2,"high",TRUE,"2020-09",2020-09-01
118,0.00145521498911904,0.0201300150103198,12.2901359048411,3.54966746532443,13.9642587857432,1.51374447664018,13.3441956570775,2.12923301013567,8.94842111820986,5.56555134655483,0.0171407678874997,0.0131884312883526,0.00240938491406439,0.0237721238982557,0.00745798824931334,0.0319381473225941,0.00943390358865901,0.00370310611194871,0.000232175238290299,0.036456323413538,0.00219370844942436,0.0284224877025856,0.0675817261103805,0.0403551500314462,0.0613394539394262,0.188428499463063,0.0548277488535139,0.171677037394957,0.188428499463063,NA,NA,NA,NA,0.2,0,1.5,2,"high",TRUE,"2020-10",2020-10-01
119,0.0016061881303965,0.0198619520113168,12.0046725461267,3.67697972832529,13.2993372689036,1.68527475352617,13.355751452565,2.25720507438127,8.7799783692468,5.7118660720346,0.0164389161922552,0.0113896732343446,0.000314491173354367,0.0250751444303519,0.0104541714618787,0.0345873919067013,0.00843866723764782,0.00337830064405707,3.79360975935047e-06,0.040617456784654,0.00325998161554213,0.0335717304402648,0.0571057021841509,0.0355901897082197,0.0526688520770155,0.207234977019259,0.0689548759660916,0.184440669545079,0.207234977019259,NA,NA,NA,NA,0.2,0,1.5,2,"high",TRUE,"2020-11",2020-11-01
120,0.00164320836974819,0.0187178130716609,11.6158399677405,3.7191981963299,13.4108466022153,1.4452620138514,12.4224656111008,2.23172997609364,8.40325865491111,5.86752969279868,0.0150698007088375,0.010770387857376,0.000573992778764231,0.0285017953094674,0.0163623550126955,0.0382997147909711,0.00795774714207181,0.0030602115602409,1.22703589045344e-05,0.0465357146951927,0.00523294495609168,0.0401009366530463,0.0564450708960343,0.0339477245192086,0.0490042778234696,0.220030385990103,0.0905689934017222,0.196621760455198,0.220030385990103,NA,NA,NA,NA,0.2,0,1.5,2,"high",TRUE,"2020-12",2020-12-01
121,0.00160656468790638,0.0159836911955067,11.0119892488114,3.72177684160979,13.7784843450171,2.15884232638604,10.8857342739555,2.24937507010182,7.44619903835247,5.64221412036421,0.00634131281577215,0.0094878473993806,2.44138605221527e-08,0.0384106959006656,0.0301479558511241,0.0490319439107399,0.00388016478077363,0.00246399843725852,7.34664639515237e-14,0.0564813871894947,0.0104464151222422,0.0487971107032896,0.0484034464731681,0.0307863214855583,0.0385030220260162,0.221705510638243,0.130987673040626,0.208687825999407,0.221705510638243,NA,NA,NA,NA,0.2,0,1.5,2,"high",TRUE,"2021-01",2021-01-01
122,0.00117042962061191,0.0130674604625547,9.82215962307852,3.34173570491836,12.4323713120116,2.46286997419938,9.21232882431314,3.02508420772029,7.0706152615385,4.27606473184949,0.00528408720230542,0.0082550882210732,0.00994285500717052,0.050686542966276,0.0451908108329473,0.0506044346273671,0.00335123518899483,0.00196612954006824,0.0148873537749843,0.0659724020836628,0.0169864515480911,0.0597223998772735,0.0441858851448338,0.0279348954151668,0.0362396258426182,0.23481567520011,0.165447173051235,0.234800976708861,0.23481567520011,NA,NA,NA,NA,0.2,0,1.5,2,"high",TRUE,"2021-02",2021-02-01
123,0.00143085905313422,0.0165362683791784,9.96261970634601,3.59654082521492,6.57454276534748,1.97907059978736,13.9185835714479,2.1841280599932,7.79806341542953,5.48800345307112,0.0184679959119382,0.0247489087877481,7.250907916035e-06,0.0239769827568126,0.00914823903447608,0.0311732035886424,0.0103014037867302,0.00751546649130249,3.28948215805587e-08,0.0333715769341908,0.00254187249833311,0.0267093882191151,0.0452447330253193,0.0981592650528958,0.0380713266980881,0.199792960959468,0.0350558952590026,0.186385879898225,0.199792960959468,NA,NA,NA,NA,0.2,0,1.5,2,"high",TRUE,"2021-03",2021-03-01
124,0.00121526765419423,0.0212764356928011,8.49374787533282,3.44322157980843,4.50669836674827,2.24284546879902,8.98659971454294,2.58311619163029,10.7406682432187,4.88512840021636,0.00397232506034184,0.00262431850919941,2.99465516447553e-09,0.0819566621928162,0.110626261762952,0.083101972569743,0.0029573130244036,0.00102928506219743,5.32293348263314e-13,0.0786852954444267,0.0132871944175314,0.0750528891933976,0.0455491272504616,0.106423871923539,0.0497621751230762,0.236129563775473,0.0255397507164384,0.231532681461934,0.236129563775473,NA,NA,NA,NA,0.2,0,1.5,2,"high",TRUE,"2021-04",2021-04-01
125,0.00117582517095461,0.0223211308837402,8.9228263350495,3.37662312331792,6.73017193538569,3.01444435763528,9.18070079873432,2.31764390438585,10.4532295478778,4.44369250713409,0.00321424452135327,0.00153853170798695,5.11800113555004e-32,0.123623135866807,0.119723927438855,0.12399275073784,0.00261068928066354,0.000561325731005188,1.58402131445473e-31,0.0919267942424395,0.0173925249753272,0.0898276841135352,0.0440601759394507,0.0727908092619373,0.0502198225650888,0.243607702466627,0.0348967534825082,0.239542946010344,0.243607702466627,NA,NA,NA,NA,0.2,0,1.5,2,"high",TRUE,"2021-05",2021-05-01
126,0.00361035847040409,0.016505399267583,9.35016005070269,5.11253169931019,10.9764184336251,5.8342785970033,7.19604456893528,5.82314486028782,9.48744748882124,3.23513806784305,0.00349341735886899,0.004233888689575,0.000238323767556536,0.103072114176327,0.0747141538276327,0.116537965807811,0.00270473350454206,0.000732073402629106,2.63096481910891e-06,0.0891853778424836,0.0213081091624956,0.0615517127410311,0.0450503485515516,0.00726875469432622,0.026351480978185,0.24655447518605,0.139485640155739,0.25064551333839,0.24655447518605,NA,NA,NA,NA,0.2,0,1.5,2,"high",TRUE,"2021-06",2021-06-01
127,0.00284855831286883,0.0164682609918549,9.67712051361916,4.87275188453673,10.9344217099444,4.44767317905098,7.61493553019897,3.59716076684233,10.1681445232322,6.2056241019425,0.00362499387556769,0.00321504811741301,1.99813078743858e-12,0.0960973780829446,0.0680460612705131,0.10988707438863,0.00290829927846007,0.000556177937714461,8.4401793756266e-23,0.0811548614062488,0.0174394260728997,0.0658888134326269,0.0500508211871751,0.00488661746244129,0.051562658479508,0.226414797010997,0.121423485130895,0.217007034134564,0.226414797010997,NA,NA,NA,NA,0.2,0,1.5,2,"high",TRUE,"2021-07",2021-07-01
128,0.00282668081645898,0.0197205240535518,10.6233530529295,4.90372976339908,11.3983347093866,4.71948791129239,7.94134785989913,3.42977044864078,12.0656475285179,6.1727469818658,0.00355520957792132,2.56472154604065e-05,9.84942076956123e-12,0.100901960820043,0.0614907489696516,0.113818512139675,0.00283999847400684,3.4256267127882e-06,2.31233755609586e-21,0.0814076590784741,0.0142182058887926,0.0669062321886342,0.0497319471313896,5.51040989908891e-05,0.0516570586633598,0.224448692090666,0.117161494942534,0.216659419673461,0.224448692090666,NA,NA,NA,NA,0.2,0,1.5,2,"high",TRUE,"2021-08",2021-08-01
129,0.0015273343142475,0.0299455567942346,10.57901787873,3.58198553365917,9.7624734566063,2.86609748228803,8.59671568851565,2.78991325405063,12.9049389465954,4.74275556474562,0.00457800579022688,3.42747927065225e-07,0.00356541653691871,0.148794993251066,0.0582022092051171,0.155635658107929,0.00380641250267339,4.18388167877288e-08,0.000364765458790596,0.0941210148158458,0.0124695683074115,0.0813719759948859,0.0523554693853013,1.17773257122732e-06,0.0316706880605536,0.24096409951538,0.104774038628839,0.241258911306837,0.24096409951538,NA,NA,NA,NA,0.2,0,1.5,2,"high",TRUE,"2021-09",2021-09-01
130,0.00356058168671461,0.0162561297195344,9.08952144761314,5.18845799068175,11.039599405686,5.88658895427515,7.07428579513817,5.96055871403093,8.71435171946495,3.25270645204937,0.00341004734135984,0.00601196690522472,0.000246475513915838,0.110132930472718,0.0777172615645977,0.122555417074238,0.00271188129650981,0.00110756060779657,3.01950399386361e-06,0.0917348973014379,0.0230234520999113,0.0660295115822747,0.0475333686244904,0.0113823784529823,0.0272677127952983,0.24594404643367,0.142011584642681,0.250178468803202,0.24594404643367,NA,NA,NA,NA,0.2,0,1.5,2,"high",TRUE,"2021-10",2021-10-01
131,0.00217798872804233,0.0638711892720923,11.4695871638206,4.22942449779922,14.3343949810916,4.41965254071751,9.31030411836627,2.46650466163942,10.1241121524322,5.2959532589698,0.00343752672323177,3.82748185684922e-07,4.92949605515106e-06,0.275572427399252,0.0870524439465045,0.273830941876211,0.00321657086055703,3.81531418641742e-08,1.54102347381923e-07,0.144633060653976,0.0299926835398385,0.14513047869465,0.0450059476342459,1.48124104120078e-06,0.0235061593508549,0.27860996955302,0.19439698835177,0.242819269911458,0.27860996955302,NA,NA,NA,NA,0.2,0,1.5,2,"high",TRUE,"2021-11",2021-11-01
132,0.00169913077285852,0.0368977213536345,10.1521296035376,3.86489328655343,12.278458416611,4.69166363904341,8.90839653058716,3.00786780978412,8.89253263285835,3.70853392680715,0.00330311700182638,0.00378332469340303,0.000711535770560052,0.212781495231367,0.089731510240679,0.209044805586675,0.0025454911474249,0.00056569228654011,6.14007145779424e-05,0.129064882172934,0.0312254394316142,0.128525413088621,0.0353360290555429,0.00707071779963632,0.0257527585133068,0.275028453038096,0.185369636195999,0.2608649916232,0.275028453038096,NA,NA,NA,NA,0.2,0,1.5,2,"high",TRUE,"2021-12",2021-12-01
133,0.00173569907190024,0.0501637014131186,9.20986513393201,3.92297691271583,10.8574549543604,4.14100986577189,7.51010122012517,3.07459836992183,8.95426707961953,4.42358742745727,0.00394374202166657,0.00479899661394125,0.00216926605465083,0.238521015534269,0.08593935134038,0.239100982633065,0.00385443920983879,0.000781199854428497,0.00023930290191098,0.151797220251753,0.0285107160283512,0.147446526691085,0.0608122686888807,0.00914791104867265,0.047516195677642,0.289624175574162,0.171373756376466,0.28489962864275,0.289624175574162,NA,NA,NA,NA,0.2,0,1.5,2,"high",TRUE,"2022-01",2022-01-01
134,0.00183130820078616,0.0286726449149844,9.17171091828554,4.04703963855498,9.70972907108196,3.29546202409063,7.16124700613497,3.21295462132322,10.334338207602,5.28700691858825,0.00445886380011582,0.00343139631470259,1.87702556067014e-08,0.165458939389522,0.0699998662157026,0.167720896669993,0.00428938906435993,0.000590815520845938,4.0994536921685e-15,0.108268920527126,0.0185550896371762,0.101553198298622,0.0654161417943501,0.00539437098441164,0.0578148442127422,0.248003667842124,0.127254833273197,0.237931304471729,0.248003667842124,NA,NA,NA,NA,0.2,0,1.5,2,"high",TRUE,"2022-02",2022-02-01
135,0.000893174770844641,0.143812404232728,9.92783699050961,2.59024511137993,12.632041964449,0.79833151639666,9.54012185455055,3.15112348406441,6.71590892873921,3.0921184953343,0.00266949589920586,0.00794251137365996,1.29062570212362e-33,0.44072622346298,0.122877426716125,0.439539124468398,0.00275640013564041,0.00116185543809286,4.5544339671032e-43,0.231381882497294,0.0566976268994346,0.232025379592829,0.0440875737334534,0.0192793681378533,0.0401079934085201,0.31996178979668,0.248848771923964,0.302319090296995,0.31996178979668,NA,NA,NA,NA,0.2,0,1.5,2,"high",TRUE,"2022-03",2022-03-01
136,0.00179543550414411,0.110828083927643,8.5823655272732,3.63791727889806,11.4109008398914,3.46478024863534,7.93664515066406,2.47812366916416,5.26991460137526,4.64300843132015,0.00305064370230166,0.0149599398679185,0.00247737191203697,0.396723757685577,0.127914405141411,0.389821328316399,0.00324983674405725,0.00263156206833813,0.000397346302954536,0.232032724806616,0.0614455383545225,0.24059326234023,0.0571095058764049,0.0386323972115095,0.050704837203329,0.319491292276084,0.247782100050908,0.284022954749669,0.319491292276084,NA,NA,NA,NA,0.2,0,1.5,2,"high",TRUE,"2022-04",2022-04-01
137,0.000687393811614853,0.102293872720614,9.10724583318938,2.35435301729929,11.269962777278,1.01316230101883,9.20548018499349,2.69747510577582,6.08874811113876,2.88549208900541,0.00260820814454735,0.0135391343203058,1.56325861088853e-31,0.401819430906085,0.137401026433849,0.401393186235009,0.00274002532599968,0.00217523653369353,8.34499998113409e-40,0.220188283775663,0.0698554345117047,0.219850277856102,0.0340713694726218,0.0355445309020783,0.0382616125155264,0.317313118802779,0.267107670096559,0.310368137712299,0.317313118802779,NA,NA,NA,NA,0.2,0,1.5,2,"high",TRUE,"2022-05",2022-05-01
138,0.00106665702105033,0.089134200160228,8.25092114767339,2.80009134405386,10.4813972645933,0.601042818319882,8.21672717178902,3.21112240908416,5.18254814946591,3.58454669512892,0.00236957356548416,0.0180996340423917,4.53455088646774e-25,0.367885734815652,0.125198791825953,0.366114329089491,0.00285980036494238,0.00346799146153726,1.2929897884236e-30,0.205656665189476,0.0594162118177943,0.206788337051637,0.0495384594894564,0.0465620905170471,0.052770761487916,0.316508813978444,0.238844733896045,0.291878572364766,0.316508813978444,NA,NA,NA,NA,0.2,0,1.5,2,"high",TRUE,"2022-06",2022-06-01
139,0.00192198405827162,0.0226268432924526,7.97226602530591,4.13662202004075,9.64361144359719,3.4890281174823,6.56048151445917,2.97242251109529,7.39134070098936,5.50693312298324,0.00340151530995282,0.00982143510403881,5.42403136158743e-10,0.163907581356365,0.085831410487058,0.167284190565893,0.00339384188293375,0.00196894624853686,4.70095901418854e-18,0.116578810169207,0.0281646843171724,0.109472723069551,0.0604969861736623,0.0214401090064135,0.0560063281888004,0.260343061388965,0.155445341198181,0.250375164240986,0.260343061388965,NA,NA,NA,NA,0.2,0,1.5,2,"high",TRUE,"2022-07",2022-07-01
140,0.00128067727554536,0.0362578909520423,7.42684557477468,3.31490033215227,7.84258271967904,3.13208031750121,6.94764763573894,2.44807069798368,7.46312228154233,4.14279077177509,0.00373562681551752,0.0099075402565799,9.0821614693922e-06,0.220814212126135,0.0890456069262024,0.220828051783763,0.00373325869336834,0.00194518136257253,8.87820718381793e-10,0.132828414673257,0.0303720916019963,0.129396421729401,0.0523735648796637,0.0219674719322744,0.0445648213224608,0.278507920360284,0.164813241470394,0.272917355020706,0.278507920360284,NA,NA,NA,NA,0.2,0,1.5,2,"high",TRUE,"2022-08",2022-08-01
141,0.00163407254867876,0.0319623240557043,7.92016058004143,3.76888666247897,7.35568592361694,2.98125514727881,7.28095372395702,3.45743021689442,9.00380076987639,4.66602765379339,0.0042632061468986,0.00737058087911349,5.54378674830944e-09,0.18691456295032,0.0760309852266763,0.187872322858893,0.00277371206239921,0.00144510409958642,2.42676915445291e-16,0.119149898336239,0.0218666748218342,0.113066367823194,0.052555969847357,0.0149409687599701,0.0485814537877155,0.267910464785481,0.131940809373987,0.254510250500665,0.267910464785481,NA,NA,NA,NA,0.2,0,1.5,2,"high",TRUE,"2022-09",2022-09-01
142,0.00214008121472105,0.0141297906017142,7.99169707345654,4.40718414529798,9.10654526395964,3.50028153047702,7.63954677333727,3.42101221756882,7.09294189988385,5.85785975304495,0.00530824481444103,0.0145260393163703,1.72068633401101e-16,0.116269795037906,0.0804517035450262,0.119585427897717,0.00532562446679936,0.00288769111532056,4.70955131300341e-33,0.0913006944224619,0.0238420790183585,0.0821811364267782,0.0666085803069578,0.0520899460853927,0.047781517851357,0.242782448590343,0.147272933966302,0.231741104035828,0.242782448590343,NA,NA,NA,NA,0.2,0,1.5,2,"high",TRUE,"2022-10",2022-10-01
143,0.00212244535439774,0.0305023821249307,7.17917319464409,4.18267235823913,7.33708770224686,3.08880099360135,6.50136680096614,3.5137468593371,7.64989915259815,5.53146776177525,0.010756799437563,0.0169726945304707,3.90155704278884e-15,0.165142490233967,0.0853135261719045,0.170259487289085,0.00931304667369204,0.00358210959704077,4.63598781309407e-30,0.144979720734892,0.026863220026516,0.135428937814633,0.0906029262101942,0.0573011506148283,0.0579182377857144,0.309854190387013,0.155262106506208,0.291788375689317,0.309854190387013,NA,NA,NA,NA,0.2,0,1.5,2,"high",TRUE,"2022-11",2022-11-01
144,0.00139671029958984,0.0496847530782409,7.09456755711108,3.56092487144817,5.34204037630222,1.90098419809422,7.91727232228288,3.3069329463216,7.73162790491173,4.84675266414774,0.00582323878071592,0.0199255905343164,2.34011700677128e-08,0.233179238836345,0.076711484518196,0.233457195245354,0.00347044169308975,0.00460073211798403,2.1643781216606e-15,0.142162877886644,0.0211885102510048,0.1403586495796,0.0626990737863726,0.0703502070191864,0.0498346121826991,0.288521985173995,0.128984447646155,0.272393160056259,0.288521985173995,NA,NA,NA,NA,0.2,0,1.5,2,"high",TRUE,"2022-12",2022-12-01
145,0.00188115107110653,0.0194516614259521,7.88661000979375,4.15060489769472,8.29151030078378,1.52882779432296,8.3481978809154,3.89485065300399,6.93933004063166,5.84597186243675,0.0159785461181626,0.0312559516538144,7.89008938154383e-13,0.110551118498557,0.0761359722260655,0.108597285631493,0.00996608033378458,0.00831466838976296,7.23516319463662e-09,0.104737423367436,0.0197544867022957,0.10387872650674,0.0884953367186361,0.12073746655473,0.0797463368578535,0.288043981980439,0.134868739564828,0.266143852043414,0.288043981980439,NA,NA,NA,NA,0.2,0,1.5,2,"high",TRUE,"2023-01",2023-01-01
146,0.00106506570454939,0.0341834842926958,6.26849127781497,3.13534611436071,4.64560763810086,1.66420768650981,7.77014283879234,4.45227369901814,5.99375997498315,2.62656761871904,0.00899016068601855,0.0328487219873291,0.0185871202772148,0.209784500899092,0.084966031189158,0.210019416535144,0.00946337845775728,0.00868261970066734,0.0250184017331834,0.129097277208569,0.0249103134067117,0.124116437600674,0.0860273074138299,0.120130276420531,0.0470248831463073,0.28695431943645,0.154782097711413,0.279060366814827,0.28695431943645,NA,NA,NA,NA,0.2,0,1.5,2,"high",TRUE,"2023-02",2023-02-01
147,0.000803989413796602,0.0302152472867558,6.46969295312807,2.76935592484477,4.60522131238826,1.69969107458625,7.96338289288864,2.45567316751955,6.39900385125985,3.75349387380809,0.00541248045696623,0.00787049535178962,1.30641306177064e-23,0.246431098191035,0.163042192745949,0.245663240955911,0.00363143003734992,0.00448887963859905,6.95252504324556e-26,0.161384545730487,0.040476818680506,0.163827690015265,0.0796125265811856,0.194589081634952,0.0821366513846779,0.303254696327555,0.161230580809764,0.294045843546324,0.303254696327555,NA,NA,NA,NA,0.2,0,1.5,2,"high",TRUE,"2023-03",2023-03-01
148,0.00393212326193755,0.0235275389816015,6.6574948835143,5.68285893133917,4.08952662206782,3.70325094503803,8.16067177622734,5.50995527050606,7.04598627164021,7.26711650213493,0.013720919274476,0.0103648653036954,9.90975950733248e-06,0.203266771120817,0.147680028744903,0.209874828642161,0.00524818422116802,0.00655943630828821,0.0207772244400924,0.137871708113022,0.0309046598332725,0.126775501348722,0.0873791284081366,0.224349517416039,0.0766058039501721,0.291143024287324,0.145712605404737,0.243736329358859,0.291143024287324,NA,NA,NA,NA,0.2,0,1.5,2,"high",TRUE,"2023-04",2023-04-01
149,0.00097795639759956,0.0364338139776643,6.34059615875458,2.8581004382766,4.29901069168376,1.87859414077551,7.68470071908975,3.2629706155563,6.5630298548803,3.21405058486806,0.0150604606405474,0.0480561918815185,0.0117080096306474,0.195574704919687,0.085740605841644,0.193236695259203,0.00463074250649542,0.0146356286444269,0.000833210216213224,0.143891504944801,0.0220799486410666,0.146133415110574,0.0873366708108374,0.161669148593819,0.074029252337033,0.305164293061074,0.144350641446836,0.291140790501246,0.305164293061074,NA,NA,NA,NA,0.2,0,1.5,2,"high",TRUE,"2023-05",2023-05-01
150,0.00156464532203218,0.0327071769755434,5.9226890022705,3.66517392174662,4.78523007839067,2.79500154055607,7.30166500995386,4.21712396312193,5.38720671889698,3.83462273214803,0.0150438111539648,0.0576524499902497,0.00160824539108785,0.194497738468151,0.0814560432462569,0.188550331124873,0.00464652728673231,0.0171215446987909,3.57519878849498e-05,0.142171512300176,0.0265444866491149,0.142309489416352,0.0889016810789761,0.167057237865922,0.0518231438051192,0.302627602149972,0.185964278087918,0.304385757271658,0.302627602149972,NA,NA,NA,NA,0.2,0,1.5,2,"high",TRUE,"2023-06",2023-06-01
151,0.00125529971256804,0.0305071607683056,6.73834629968718,3.25888766309592,4.2666498915458,2.331809979649,8.51554763752407,3.91678386251544,6.74515231107157,3.32904082209641,0.0154257144341143,0.0510451334921255,0.00586342638223171,0.189336445663372,0.0889763599234516,0.1861239792656,0.00470912803781456,0.0146353784985827,0.000246685524558052,0.132207714181247,0.023732437914534,0.134600595185882,0.0686967779516227,0.164387660458309,0.0684280936701274,0.302465808414683,0.163949296691252,0.286668587140796,0.302465808414683,NA,NA,NA,NA,0.2,0,1.5,2,"high",TRUE,"2023-07",2023-07-01
152,0.00110753654305117,0.0387792579991088,6.44347981120625,2.99844449896023,4.45828830038439,2.10667055326458,7.92171003812617,3.52667700427427,6.47498816483662,3.17749850158354,0.0117578592209757,0.0414529860398086,0.00708086724669468,0.212218825971251,0.0966825012941979,0.208930267063045,0.00442627929552204,0.0114975041722138,0.000358968410651864,0.154412546222761,0.0272319130809569,0.157262439286176,0.0768552607070147,0.147508064525512,0.0601183282691753,0.316796336361716,0.162923435088091,0.301385064134162,0.316796336361716,NA,NA,NA,NA,0.2,0,1.5,2,"high",TRUE,"2023-08",2023-08-01
153,0.00123165055425198,0.0413055570128378,6.66208906813975,3.16808661273094,4.27006010905,2.2042429213813,8.28797091564259,3.89228372071979,6.79900117826465,3.17832643670456,0.00828159389943316,0.0367082917424564,0.00404084880775064,0.21438351251976,0.0928936426898539,0.210385402315521,0.00413062891100784,0.0103742692714879,0.000128877826357059,0.151852604148991,0.0256249269396426,0.154941823585186,0.0691184731808683,0.138984315166457,0.0595220462428238,0.318409098269128,0.148184648081884,0.30276808008871,0.318409098269128,NA,NA,NA,NA,0.2,0,1.5,2,"high",TRUE,"2023-09",2023-09-01
154,0.00121830507743017,0.0439928838395837,6.73645955770678,3.12396814489742,4.32388968486563,2.2273187784597,8.28176420172931,3.809337564605,6.98970827845659,3.13137817725863,0.007562739110935,0.035003608382819,0.00369100172638072,0.218246933602921,0.094003556775484,0.214364808896673,0.00396040741292782,0.00965765880679212,0.000110906335883625,0.158072100463214,0.0262880863470756,0.161355218828422,0.06644958721774,0.134780243343439,0.059063416484712,0.327443382652734,0.150680841983231,0.310728589078228,0.327443382652734,NA,NA,NA,NA,0.2,0,1.5,2,"high",TRUE,"2023-10",2023-10-01
155,0.00114050250423307,0.0362656019015401,6.83916194019288,3.14587785454256,3.91138530954479,1.97671907249358,8.49317372400841,3.80716006856691,7.2725149148447,3.35972563580027,0.0128606606371648,0.0453316149556952,0.00949434857462239,0.180413993207778,0.0710207005622598,0.178355070268953,0.00516756914008612,0.0140664447719195,0.000537867178319808,0.129708186463732,0.016567418727947,0.131168154634869,0.0820987473706902,0.156242702766117,0.0754929501925334,0.298127283228634,0.117459180715056,0.283430111141529,0.298127283228634,NA,NA,NA,NA,0.2,0,1.5,2,"high",TRUE,"2023-11",2023-11-01
156,0.00129595535514141,0.0263105594399566,6.67479089563527,3.34611227015562,4.74163096266407,2.20123896521414,8.41606847918382,4.2145213922597,6.35178932813114,3.31387362849979,0.013024134248285,0.0666060812079486,0.0082635646040358,0.188977764357825,0.0994614264865132,0.185773219241495,0.00554327227914333,0.020295227330607,0.000415994338983801,0.132063868092831,0.0270063301117324,0.134153023600547,0.0813325190749968,0.189998853023679,0.0741241254224372,0.298360874253331,0.186102460960684,0.284176719484475,0.298360874253331,NA,NA,NA,NA,0.2,0,1.5,2,"high",TRUE,"2023-12",2023-12-01
157,0.00121628804894888,0.0300895886076641,6.59038233685255,3.22788919541926,4.06674012282377,2.02233448400252,8.41512010487828,3.94563065987533,6.55338053462357,3.40587256138267,0.0165652334139415,0.052831497374586,0.0092874755577536,0.181519689265402,0.0902701656937707,0.179582065519734,0.00500398436046218,0.0161338691445248,0.000521868487634768,0.135663422670232,0.0237390965675548,0.137457544507933,0.078220985517931,0.169892678188051,0.072036551464912,0.308280437542157,0.156308518465775,0.290861638137864,0.308280437542157,NA,NA,NA,NA,0.2,0,1.5,2,"high",TRUE,"2024-01",2024-01-01
158,0.000978150024046308,0.0316998558962376,6.36785132398293,2.86790834788414,4.46175093219799,1.64724617284764,7.78250143537106,3.15205944175209,6.41670020185852,3.46782297663692,0.0134458756630167,0.0518411428565705,0.0116659461606327,0.179309398664308,0.0909865187763936,0.178137593830562,0.00509584069837616,0.0161342058706205,0.000806200326955965,0.143923761622965,0.0238916578683007,0.145928911865252,0.0908265477181635,0.169268837365631,0.0728299397966744,0.312384270132159,0.152047423371684,0.295458720017422,0.312384270132159,NA,NA,NA,NA,0.2,0,1.5,2,"high",TRUE,"2024-02",2024-02-01
159,0.0012455268005864,0.040200711402192,6.85612536257813,3.25992194956837,4.17590665818933,1.96585630627112,8.55858484922309,4.14057681266111,7.09449039205074,3.29731800003884,0.0096134562326697,0.0413481473583423,0.00681815253996727,0.196775191742782,0.0769759607689541,0.193265983727462,0.0046245972376661,0.0124368720385931,0.000314302981606063,0.139278065347635,0.0188998790481794,0.141612690017517,0.0808676272059522,0.148378587417302,0.0661197613692926,0.30233997266009,0.124625429479263,0.28783894837518,0.30233997266009,NA,NA,NA,NA,0.2,0,1.5,2,"high",TRUE,"2024-03",2024-03-01
160,0.00129017581980296,0.0465736242170113,6.87850948640104,3.26242691001479,4.42315247487527,2.09635880680334,8.42591985763234,4.11800328974357,7.16807331158722,3.25232481286314,0.00811272592960034,0.0350291755756917,0.00467412634407881,0.21598371180684,0.0834937878403307,0.211704006459472,0.00405825533602744,0.00993836876421191,0.000163981683999982,0.153188795403323,0.0218021578729505,0.156342402222275,0.0748215350750211,0.134571077319452,0.0575236526361977,0.314789163742542,0.132893048806561,0.299397638460845,0.314789163742542,NA,NA,NA,NA,0.2,0,1.5,2,"high",TRUE,"2024-04",2024-04-01
161,0.00127604804675503,0.0444188220102777,6.81800811953912,3.2536332290732,4.34095988626241,2.04420223827801,8.41860188617601,4.11865635644911,7.05258205923466,3.25826558071751,0.0079902433533295,0.0364504338091226,0.00506441411202512,0.211747073959706,0.0842854483085628,0.207614060592048,0.00409187117461434,0.0105482845613816,0.00018958796898675,0.150983549739194,0.0219719611184447,0.154013137133933,0.0763658591194534,0.138312788429122,0.0592264226882262,0.313104750806045,0.132981399075334,0.297760965547622,0.313104750806045,NA,NA,NA,NA,0.2,0,1.5,2,"high",TRUE,"2024-05",2024-05-01
162,0.00170939212084974,0.0445209469602538,6.50015214357177,3.92123989887485,4.61232450333741,2.9171398134264,8.17627475821578,4.33894789621252,6.21537830086139,4.33499636637215,0.0100931587589151,0.0380958194220898,0.000290705083243217,0.196210783506993,0.0559129081752758,0.192031175649621,0.00489429831680214,0.011326854150546,2.24100196446503e-09,0.140958910451849,0.0181831237721282,0.139833228333357,0.0824285571210031,0.131668053653162,0.0542966791569299,0.305151081210185,0.144567305344459,0.306894920708963,0.305151081210185,NA,NA,NA,NA,0.2,0,1.5,2,"high",TRUE,"2024-06",2024-06-01
163,0.0016961404380771,0.0407085586654402,6.50080869931374,3.87865530910062,4.4490260785299,2.66301400460851,8.26744672774432,4.79508752900421,6.21586943167971,3.87909693368063,0.0117289203200874,0.0425235371487613,0.000831137407440975,0.183534958525646,0.0509587935906193,0.178182999080226,0.00496807863789623,0.0131278530234559,5.39080205553473e-06,0.131887631283606,0.0159056320675027,0.130839877431488,0.0864168635812275,0.140442395038766,0.0538750891898348,0.295776812693398,0.135853269848483,0.297608851729898,0.295776812693398,NA,NA,NA,NA,0.2,0,1.5,2,"high",TRUE,"2024-07",2024-07-01
164,0.00146847479664691,0.0342873212384883,6.22601832360556,3.59287915636438,4.20955594911368,2.27150503231753,7.87494994617781,4.69495478219572,6.04604949980501,3.39470269361054,0.0167266138801916,0.0509099770570892,0.00494832865079834,0.164709433114626,0.0440748975299833,0.158617486453326,0.00613247565080284,0.0167807323015735,0.000310004610194747,0.117184637624187,0.012876818260502,0.116134650280315,0.099297026938463,0.156205371038975,0.0705302112913675,0.276305278880688,0.122983615767693,0.279280609362645,0.276305278880688,NA,NA,NA,NA,0.2,0,1.5,2,"high",TRUE,"2024-08",2024-08-01
165,0.00165737931329295,0.0372639353037105,6.35684307875994,3.82487848844421,4.43161441641603,2.47854651476858,8.10005641604818,4.83903272784659,5.99818651802233,3.78545318119877,0.0134063660814551,0.0470302753255916,0.00225511344706276,0.176153875884501,0.0475247065410713,0.169994348222733,0.00549751524251859,0.0150114877943254,6.42454051620133e-05,0.122929366323643,0.0143203756688343,0.121989299264543,0.0942180404624478,0.149030620547681,0.0588341645890547,0.280810291607131,0.129606013045622,0.284258802473475,0.280810291607131,NA,NA,NA,NA,0.2,0,1.5,2,"high",TRUE,"2024-09",2024-09-01
166,0.00176651334449813,0.0441567174249685,6.55663107985586,3.97900385625983,4.70820829642369,2.82815032310035,8.22502948578737,4.54640934044165,6.2569879293004,4.33925603340988,0.0106740523000413,0.0384453120616991,0.000313413041266896,0.19214769678536,0.050572863011599,0.187271355648256,0.00528998160606505,0.0116073744668453,1.01455700736686e-07,0.135526519659563,0.0160091401770993,0.134478103746703,0.0878983516286144,0.132298961247488,0.0490507842726361,0.295777288545178,0.135199188078053,0.298356550460015,0.295777288545178,NA,NA,NA,NA,0.2,0,1.5,2,"high",TRUE,"2024-10",2024-10-01
