"area","month","date","threshold","horizon","q_hrr_form_refit","objective_hrr_form_refit"
"US",1,2011-01-01,4,"5y",0.179875515819217,0.00336319820219255
"US",1,2011-01-01,4,"10y",0.269494076709807,0.00336319820219255
"US",1,2011-01-01,5,"5y",0.0678169250667013,0.00336319820219255
"US",1,2011-01-01,5,"10y",0.120875158534383,0.00336319820219255
"US",2,2011-02-01,4,"5y",0.224527685197298,0.00205832781140185
"US",2,2011-02-01,4,"10y",0.309043154767586,0.00205832781140185
"US",2,2011-02-01,5,"5y",0.146970132549338,0.00205832781140185
"US",2,2011-02-01,5,"10y",0.134794734756837,0.00205832781140185
"US",3,2011-03-01,4,"5y",0.244731938263913,0.00166010361085842
"US",3,2011-03-01,4,"10y",0.302558557091138,0.00166010361085842
"US",3,2011-03-01,5,"5y",0.144983428130177,0.00166010361085842
"US",3,2011-03-01,5,"10y",0.114020098709048,0.00166010361085842
"US",4,2011-04-01,4,"5y",0.263209418527495,0.00647563119797418
"US",4,2011-04-01,4,"10y",0.28165667607976,0.00647563119797418
"US",4,2011-04-01,5,"5y",0.183420670090332,0.00647563119797418
"US",4,2011-04-01,5,"10y",0.136069585588426,0.00647563119797418
"US",5,2011-05-01,4,"5y",0.337332594356712,0.00375827767255212
"US",5,2011-05-01,4,"10y",0.296540327429652,0.00375827767255212
"US",5,2011-05-01,5,"5y",0.144365963520341,0.00375827767255212
"US",5,2011-05-01,5,"10y",0.0735133341303824,0.00375827767255212
"US",6,2011-06-01,4,"5y",0.200868172712205,0.00566936239638452
"US",6,2011-06-01,4,"10y",0.259596488183838,0.00566936239638452
"US",6,2011-06-01,5,"5y",0.129471397506891,0.00566936239638452
"US",6,2011-06-01,5,"10y",0.122430391365242,0.00566936239638452
"US",7,2011-07-01,4,"5y",0.192911958306258,0.00638519051176078
"US",7,2011-07-01,4,"10y",0.27231601192135,0.00638519051176078
"US",7,2011-07-01,5,"5y",0.130754205673007,0.00638519051176078
"US",7,2011-07-01,5,"10y",0.140313029024284,0.00638519051176078
"US",8,2011-08-01,4,"5y",0.215735817048157,0.00536508041565801
"US",8,2011-08-01,4,"10y",0.278650411192787,0.00536508041565801
"US",8,2011-08-01,5,"5y",0.138172045796161,0.00536508041565801
"US",8,2011-08-01,5,"10y",0.130777744376582,0.00536508041565801
"US",9,2011-09-01,4,"5y",0.182015512783606,0.00828509710007129
"US",9,2011-09-01,4,"10y",0.222758553615295,0.00828509710007129
"US",9,2011-09-01,5,"5y",0.111192405198805,0.00828509710007129
"US",9,2011-09-01,5,"10y",0.0954685262325066,0.00828509710007129
"US",10,2011-10-01,4,"5y",0.168166096310066,0.0120513774732814
"US",10,2011-10-01,4,"10y",0.133630406641156,0.0120513774732814
"US",10,2011-10-01,5,"5y",0.107835822074535,0.0120513774732814
"US",10,2011-10-01,5,"10y",0.0397223788563106,0.0120513774732814
"US",11,2011-11-01,4,"5y",0.167514475046562,0.00550537763739745
"US",11,2011-11-01,4,"10y",0.201736106027836,0.00550537763739745
"US",11,2011-11-01,5,"5y",0.104120092503924,0.00550537763739745
"US",11,2011-11-01,5,"10y",0.0880852665921107,0.00550537763739745
"US",12,2011-12-01,4,"5y",0.18236755280225,0.00233240588687714
"US",12,2011-12-01,4,"10y",0.219627447724663,0.00233240588687714
"US",12,2011-12-01,5,"5y",0.103078722967837,0.00233240588687714
"US",12,2011-12-01,5,"10y",0.0763836517790141,0.00233240588687714
"US",13,2012-01-01,4,"5y",0.161749379982841,0.00318944820996663
"US",13,2012-01-01,4,"10y",0.193867398576628,0.00318944820996663
"US",13,2012-01-01,5,"5y",0.0893861423605859,0.00318944820996663
"US",13,2012-01-01,5,"10y",0.0632807410522942,0.00318944820996663
"US",14,2012-02-01,4,"5y",0.16554056774037,0.00358438026190854
"US",14,2012-02-01,4,"10y",0.233393106531736,0.00358438026190854
"US",14,2012-02-01,5,"5y",0.107439117429747,0.00358438026190854
"US",14,2012-02-01,5,"10y",0.0944152414225174,0.00358438026190854
"US",15,2012-03-01,4,"5y",0.201576206383307,0.0024883496729471
"US",15,2012-03-01,4,"10y",0.246729975365273,0.0024883496729471
"US",15,2012-03-01,5,"5y",0.11522052241716,0.0024883496729471
"US",15,2012-03-01,5,"10y",0.084312865818636,0.0024883496729471
"US",16,2012-04-01,4,"5y",0.195006613112116,0.00307543232275816
"US",16,2012-04-01,4,"10y",0.241789923879967,0.00307543232275816
"US",16,2012-04-01,5,"5y",0.112721466882841,0.00307543232275816
"US",16,2012-04-01,5,"10y",0.0836892025571909,0.00307543232275816
"US",17,2012-05-01,4,"5y",0.187325470314604,0.0034408770389232
"US",17,2012-05-01,4,"10y",0.219177141776272,0.0034408770389232
"US",17,2012-05-01,5,"5y",0.0616766681939564,0.0034408770389232
"US",17,2012-05-01,5,"10y",0.062343976205553,0.0034408770389232
"US",18,2012-06-01,4,"5y",0.150056333650126,0.00399669722121499
"US",18,2012-06-01,4,"10y",0.184835203496718,0.00399669722121499
"US",18,2012-06-01,5,"5y",0.0451222619174164,0.00399669722121499
"US",18,2012-06-01,5,"10y",0.05219492076507,0.00399669722121499
"US",19,2012-07-01,4,"5y",0.147699962996593,0.0043592118658598
"US",19,2012-07-01,4,"10y",0.18012885333495,0.0043592118658598
"US",19,2012-07-01,5,"5y",0.0436622930559273,0.0043592118658598
"US",19,2012-07-01,5,"10y",0.0493365859018443,0.0043592118658598
"US",20,2012-08-01,4,"5y",0.162236810178894,0.00393465053243672
"US",20,2012-08-01,4,"10y",0.191417527488434,0.00393465053243672
"US",20,2012-08-01,5,"5y",0.0496738172599571,0.00393465053243672
"US",20,2012-08-01,5,"10y",0.0514338254600109,0.00393465053243672
"US",21,2012-09-01,4,"5y",0.171306731071724,0.00417966259824772
"US",21,2012-09-01,4,"10y",0.188500250054643,0.00417966259824772
"US",21,2012-09-01,5,"5y",0.0508752006285881,0.00417966259824772
"US",21,2012-09-01,5,"10y",0.0438911133322161,0.00417966259824772
"US",22,2012-10-01,4,"5y",0.184470148565508,0.00425415268532852
"US",22,2012-10-01,4,"10y",0.232743930770522,0.00425415268532852
"US",22,2012-10-01,5,"5y",0.108068707387157,0.00425415268532852
"US",22,2012-10-01,5,"10y",0.0814936742485421,0.00425415268532852
"US",23,2012-11-01,4,"5y",0.189497832686243,0.00482134132956554
"US",23,2012-11-01,4,"10y",0.24148763203772,0.00482134132956554
"US",23,2012-11-01,5,"5y",0.0670536370503998,0.00482134132956554
"US",23,2012-11-01,5,"10y",0.0833169517300167,0.00482134132956554
"US",24,2012-12-01,4,"5y",0.179293682265697,0.0124537737025441
"US",24,2012-12-01,4,"10y",0.234455572340393,0.0124537737025441
"US",24,2012-12-01,5,"5y",0.0418062639315847,0.0124537737025441
"US",24,2012-12-01,5,"10y",0.0392536506697161,0.0124537737025441
"US",25,2013-01-01,4,"5y",0.177826760039915,0.00627338964254046
"US",25,2013-01-01,4,"10y",0.243525729602128,0.00627338964254046
"US",25,2013-01-01,5,"5y",0.0634653368676789,0.00627338964254046
"US",25,2013-01-01,5,"10y",0.0931032999935148,0.00627338964254046
"US",26,2013-02-01,4,"5y",0.200966474817927,0.0118868993176271
"US",26,2013-02-01,4,"10y",0.245288207066737,0.0118868993176271
"US",26,2013-02-01,5,"5y",0.0491520180542165,0.0118868993176271
"US",26,2013-02-01,5,"10y",0.0401654881675389,0.0118868993176271
"US",27,2013-03-01,4,"5y",0.178906090656137,0.0134122867024022
"US",27,2013-03-01,4,"10y",0.237496804909767,0.0134122867024022
"US",27,2013-03-01,5,"5y",0.0422859141613341,0.0134122867024022
"US",27,2013-03-01,5,"10y",0.0416990548817722,0.0134122867024022
"US",28,2013-04-01,4,"5y",0.194810045568379,0.0120736823024227
"US",28,2013-04-01,4,"10y",0.235372265593817,0.0120736823024227
"US",28,2013-04-01,5,"5y",0.0453156922173563,0.0120736823024227
"US",28,2013-04-01,5,"10y",0.0346974564466821,0.0120736823024227
"US",29,2013-05-01,4,"5y",0.164198369365036,0.00957188438613347
"US",29,2013-05-01,4,"10y",0.16576179549077,0.00957188438613347
"US",29,2013-05-01,5,"5y",0.0404013845324638,0.00957188438613347
"US",29,2013-05-01,5,"10y",0.0122845739707268,0.00957188438613347
"US",30,2013-06-01,4,"5y",0.162546456455887,0.00945549894314797
"US",30,2013-06-01,4,"10y",0.145744046607401,0.00945549894314797
"US",30,2013-06-01,5,"5y",0.019448673860817,0.00945549894314797
"US",30,2013-06-01,5,"10y",0.00155683395247151,0.00945549894314797
"US",31,2013-07-01,4,"5y",0.154629906770373,0.00929454496754989
"US",31,2013-07-01,4,"10y",0.157572575665633,0.00929454496754989
"US",31,2013-07-01,5,"5y",0.038731701820937,0.00929454496754989
"US",31,2013-07-01,5,"10y",0.0119956597466402,0.00929454496754989
"US",32,2013-08-01,4,"5y",0.14387574119047,0.0151509873701316
"US",32,2013-08-01,4,"10y",0.205518540651742,0.0151509873701316
"US",32,2013-08-01,5,"5y",0.0270318896021031,0.0151509873701316
"US",32,2013-08-01,5,"10y",0.0283502868581746,0.0151509873701316
"US",33,2013-09-01,4,"5y",0.128688526864134,0.0082243925154705
"US",33,2013-09-01,4,"10y",0.116229524690758,0.0082243925154705
"US",33,2013-09-01,5,"5y",0.013812654761331,0.0082243925154705
"US",33,2013-09-01,5,"10y",0.000665327955453459,0.0082243925154705
"US",34,2013-10-01,4,"5y",0.143196706341062,0.00995862291245913
"US",34,2013-10-01,4,"10y",0.13020142663997,0.00995862291245913
"US",34,2013-10-01,5,"5y",0.0187127547000023,0.00995862291245913
"US",34,2013-10-01,5,"10y",0.000610887338331317,0.00995862291245913
"US",35,2013-11-01,4,"5y",0.128632417512657,0.00730546619986342
"US",35,2013-11-01,4,"10y",0.114320289944526,0.00730546619986342
"US",35,2013-11-01,5,"5y",0.0127153289806334,0.00730546619986342
"US",35,2013-11-01,5,"10y",0.000318540136344323,0.00730546619986342
"US",36,2013-12-01,4,"5y",0.128023496537304,0.00776165482265063
"US",36,2013-12-01,4,"10y",0.114250326575413,0.00776165482265063
"US",36,2013-12-01,5,"5y",0.0128756662370594,0.00776165482265063
"US",36,2013-12-01,5,"10y",0.000389760783979887,0.00776165482265063
"US",37,2014-01-01,4,"5y",0.148773266860422,0.0100312510462631
"US",37,2014-01-01,4,"10y",0.128232236437247,0.0100312510462631
"US",37,2014-01-01,5,"5y",0.014228279995826,0.0100312510462631
"US",37,2014-01-01,5,"10y",0.000287333836137937,0.0100312510462631
"US",38,2014-02-01,4,"5y",0.141504430295069,0.00873421561347357
"US",38,2014-02-01,4,"10y",0.122478983270923,0.00873421561347357
"US",38,2014-02-01,5,"5y",0.0132901025436482,0.00873421561347357
"US",38,2014-02-01,5,"10y",0.000249214976912215,0.00873421561347357
"US",39,2014-03-01,4,"5y",0.138241336453164,0.00849556699866849
"US",39,2014-03-01,4,"10y",0.119914157287061,0.00849556699866849
"US",39,2014-03-01,5,"5y",0.0128715266047578,0.00849556699866849
"US",39,2014-03-01,5,"10y",0.000233175613056142,0.00849556699866849
"US",40,2014-04-01,4,"5y",0.120842986945486,0.00680366747798946
"US",40,2014-04-01,4,"10y",0.108149099463887,0.00680366747798946
"US",40,2014-04-01,5,"5y",0.0117195005952662,0.00680366747798946
"US",40,2014-04-01,5,"10y",0.0002542755866118,0.00680366747798946
"US",41,2014-05-01,4,"5y",0.0991520128586985,0.00442984827427667
"US",41,2014-05-01,4,"10y",0.114503547571702,0.00442984827427667
"US",41,2014-05-01,5,"5y",0.0073728459071919,0.00442984827427667
"US",41,2014-05-01,5,"10y",0.000480825231939958,0.00442984827427667
"US",42,2014-06-01,4,"5y",0.105168746256055,0.00504979674378402
"US",42,2014-06-01,4,"10y",0.133355484457265,0.00504979674378402
"US",42,2014-06-01,5,"5y",0.0139746128254415,0.00504979674378402
"US",42,2014-06-01,5,"10y",0.00374139713670023,0.00504979674378402
"US",43,2014-07-01,4,"5y",0.126172299154302,0.0100545383939021
"US",43,2014-07-01,4,"10y",0.112487218566324,0.0100545383939021
"US",43,2014-07-01,5,"5y",0.012412080548681,0.0100545383939021
"US",43,2014-07-01,5,"10y",0.000290468231756226,0.0100545383939021
"US",44,2014-08-01,4,"5y",0.116595553121328,0.0119199571568276
"US",44,2014-08-01,4,"10y",0.10510380039262,0.0119199571568276
"US",44,2014-08-01,5,"5y",0.0113077967117441,0.0119199571568276
"US",44,2014-08-01,5,"10y",0.000246861122127415,0.0119199571568276
"US",45,2014-09-01,4,"5y",0.103968251497524,0.0111717658755079
"US",45,2014-09-01,4,"10y",0.0931125485566019,0.0111717658755079
"US",45,2014-09-01,5,"5y",0.00968595612157749,0.0111717658755079
"US",45,2014-09-01,5,"10y",0.000188538269854561,0.0111717658755079
"US",46,2014-10-01,4,"5y",0.0864824586135833,0.00879847985710054
"US",46,2014-10-01,4,"10y",0.0667700073649912,0.00879847985710054
"US",46,2014-10-01,5,"5y",0.00693121775663713,0.00879847985710054
"US",46,2014-10-01,5,"10y",0.000114309813781441,0.00879847985710054
"US",47,2014-11-01,4,"5y",0.0834586308980046,0.00851346115423682
"US",47,2014-11-01,4,"10y",0.0662356067154497,0.00851346115423682
"US",47,2014-11-01,5,"5y",0.00675324964686836,0.00851346115423682
"US",47,2014-11-01,5,"10y",0.000106070696689914,0.00851346115423682
"US",48,2014-12-01,4,"5y",0.0682162703675438,0.00839479043414721
"US",48,2014-12-01,4,"10y",0.0283815420386266,0.00839479043414721
"US",48,2014-12-01,5,"5y",0.00245521144286057,0.00839479043414721
"US",48,2014-12-01,5,"10y",5.47752975408037e-05,0.00839479043414721
"US",49,2015-01-01,4,"5y",0.0261424995667692,0.00490355701683117
"US",49,2015-01-01,4,"10y",0.0220271291713699,0.00490355701683117
"US",49,2015-01-01,5,"5y",0,0.00490355701683117
"US",49,2015-01-01,5,"10y",6.3076373504728e-05,0.00490355701683117
"US",50,2015-02-01,4,"5y",0.0175719032923284,0.0058880906756891
"US",50,2015-02-01,4,"10y",0.0110267841657942,0.0058880906756891
"US",50,2015-02-01,5,"5y",0,0.0058880906756891
"US",50,2015-02-01,5,"10y",1.36839337613068e-06,0.0058880906756891
"US",51,2015-03-01,4,"5y",0.0317028772938764,0.00732675990783123
"US",51,2015-03-01,4,"10y",0.0292825919320398,0.00732675990783123
"US",51,2015-03-01,5,"5y",0,0.00732675990783123
"US",51,2015-03-01,5,"10y",0.000123988037204762,0.00732675990783123
"US",52,2015-04-01,4,"5y",0.041433991185223,0.0073947888124823
"US",52,2015-04-01,4,"10y",0.0415089136934735,0.0073947888124823
"US",52,2015-04-01,5,"5y",0,0.0073947888124823
"US",52,2015-04-01,5,"10y",0.00045794027003912,0.0073947888124823
"US",53,2015-05-01,4,"5y",0.051627647084665,0.00720151055402642
"US",53,2015-05-01,4,"10y",0.0623401989594636,0.00720151055402642
"US",53,2015-05-01,5,"5y",0,0.00720151055402642
"US",53,2015-05-01,5,"10y",0.00138965200206954,0.00720151055402642
"US",54,2015-06-01,4,"5y",0.0843452376394614,0.00650768580398954
"US",54,2015-06-01,4,"10y",0.0566256706796743,0.00650768580398954
"US",54,2015-06-01,5,"5y",0.00715784543172335,0.00650768580398954
"US",54,2015-06-01,5,"10y",9.8316651030858e-05,0.00650768580398954
"US",55,2015-07-01,4,"5y",0.0959600924495056,0.00693957292309876
"US",55,2015-07-01,4,"10y",0.0714190757466412,0.00693957292309876
"US",55,2015-07-01,5,"5y",0.00981836498522092,0.00693957292309876
"US",55,2015-07-01,5,"10y",0.000148733770590183,0.00693957292309876
"US",56,2015-08-01,4,"5y",0.0640023084655734,0.00510393025986207
"US",56,2015-08-01,4,"10y",0.0291155653716829,0.00510393025986207
"US",56,2015-08-01,5,"5y",0.00259713145588921,0.00510393025986207
"US",56,2015-08-01,5,"10y",7.15992266619674e-05,0.00510393025986207
"US",57,2015-09-01,4,"5y",0.0317331125519054,0.00386683919129985
"US",57,2015-09-01,4,"10y",0.0375844516373539,0.00386683919129985
"US",57,2015-09-01,5,"5y",0,0.00386683919129985
"US",57,2015-09-01,5,"10y",0.000979131156582691,0.00386683919129985
"US",58,2015-10-01,4,"5y",0.0505737923153304,0.00378556541615425
"US",58,2015-10-01,4,"10y",0.0225552825940833,0.00378556541615425
"US",58,2015-10-01,5,"5y",0.00200598267844651,0.00378556541615425
"US",58,2015-10-01,5,"10y",5.41194340202996e-05,0.00378556541615425
"US",59,2015-11-01,4,"5y",0.0544464501946004,0.00396364252628072
"US",59,2015-11-01,4,"10y",0.0235462121453284,0.00396364252628072
"US",59,2015-11-01,5,"5y",0.00209055304541592,0.00396364252628072
"US",59,2015-11-01,5,"10y",5.23803775833246e-05,0.00396364252628072
"US",60,2015-12-01,4,"5y",0.0615825318953924,0.00418181477110273
"US",60,2015-12-01,4,"10y",0.0268881693435083,0.00418181477110273
"US",60,2015-12-01,5,"5y",0.00238235796266223,0.00418181477110273
"US",60,2015-12-01,5,"10y",6.01353704617211e-05,0.00418181477110273
"US",61,2016-01-01,4,"5y",0.0617720087507401,0.00260029734829359
"US",61,2016-01-01,4,"10y",0.0483940012574233,0.00260029734829359
"US",61,2016-01-01,5,"5y",0.00460702689733184,0.00260029734829359
"US",61,2016-01-01,5,"10y",5.38297785487887e-05,0.00260029734829359
"US",62,2016-02-01,4,"5y",0.0444581621490378,0.00200363194770647
"US",62,2016-02-01,4,"10y",0.0339063887127922,0.00200363194770647
"US",62,2016-02-01,5,"5y",0.00305090271539536,0.00200363194770647
"US",62,2016-02-01,5,"10y",2.77268262270115e-05,0.00200363194770647
"US",63,2016-03-01,4,"5y",0.0384448555243409,0.00347923160108053
"US",63,2016-03-01,4,"10y",0.0134471626447937,0.00347923160108053
"US",63,2016-03-01,5,"5y",0.00118943277365114,0.00347923160108053
"US",63,2016-03-01,5,"10y",1.97869884966511e-05,0.00347923160108053
"US",64,2016-04-01,4,"5y",0.051210002423724,0.00398332135223974
"US",64,2016-04-01,4,"10y",0.0259459416029579,0.00398332135223974
"US",64,2016-04-01,5,"5y",0.00264532050666798,0.00398332135223974
"US",64,2016-04-01,5,"10y",3.17110667484955e-05,0.00398332135223974
"US",65,2016-05-01,4,"5y",0.054198293097796,0.00424826647301609
"US",65,2016-05-01,4,"10y",0.0278223185466609,0.00424826647301609
"US",65,2016-05-01,5,"5y",0.00283207751098638,0.00424826647301609
"US",65,2016-05-01,5,"10y",3.54646425480739e-05,0.00424826647301609
"US",66,2016-06-01,4,"5y",0.0446863306461136,0.00423304005872039
"US",66,2016-06-01,4,"10y",0.0156327177176239,0.00423304005872039
"US",66,2016-06-01,5,"5y",0.00136376564406315,0.00423304005872039
"US",66,2016-06-01,5,"10y",2.24574810984941e-05,0.00423304005872039
"US",67,2016-07-01,4,"5y",0.0378670514070006,0.00364622451994186
"US",67,2016-07-01,4,"10y",0.0127116862027573,0.00364622451994186
"US",67,2016-07-01,5,"5y",0.00112181664918894,0.00364622451994186
"US",67,2016-07-01,5,"10y",1.72635545751271e-05,0.00364622451994186
"US",68,2016-08-01,4,"5y",0.0382565160609833,0.00240085349038568
"US",68,2016-08-01,4,"10y",0.0232578011695874,0.00240085349038568
"US",68,2016-08-01,5,"5y",0.00231485244575386,0.00240085349038568
"US",68,2016-08-01,5,"10y",2.06207923841139e-05,0.00240085349038568
"US",69,2016-09-01,4,"5y",0.0391927788173609,0.00253683864807058
"US",69,2016-09-01,4,"10y",0.0229604644876794,0.00253683864807058
"US",69,2016-09-01,5,"5y",0.00232593647928794,0.00253683864807058
"US",69,2016-09-01,5,"10y",2.11249276826586e-05,0.00253683864807058
"US",70,2016-10-01,4,"5y",0.0504679208059773,0.00407424198518554
"US",70,2016-10-01,4,"10y",0.0231606444090425,0.00407424198518554
"US",70,2016-10-01,5,"5y",0.00225134490130274,0.00407424198518554
"US",70,2016-10-01,5,"10y",2.74649185582258e-05,0.00407424198518554
"US",71,2016-11-01,4,"5y",0.0616782537053851,0.00501304323997452
"US",71,2016-11-01,4,"10y",0.0297733506048881,0.00501304323997452
"US",71,2016-11-01,5,"5y",0.00289910963532039,0.00501304323997452
"US",71,2016-11-01,5,"10y",4.05088397343309e-05,0.00501304323997452
"US",72,2016-12-01,4,"5y",0.0635304808789696,0.00236633216663241
"US",72,2016-12-01,4,"10y",0.0792518462193674,0.00236633216663241
"US",72,2016-12-01,5,"5y",0.00344876905834431,0.00236633216663241
"US",72,2016-12-01,5,"10y",2.5627866660902e-05,0.00236633216663241
"US",73,2017-01-01,4,"5y",0.0668366241157189,0.00157800942389627
"US",73,2017-01-01,4,"10y",0.0821684833690628,0.00157800942389627
"US",73,2017-01-01,5,"5y",0.00371167344785798,0.00157800942389627
"US",73,2017-01-01,5,"10y",2.91021216382799e-05,0.00157800942389627
"US",74,2017-02-01,4,"5y",0.0703851125798904,0.00112202322614221
"US",74,2017-02-01,4,"10y",0.0851279113820435,0.00112202322614221
"US",74,2017-02-01,5,"5y",0.00400147629021559,0.00112202322614221
"US",74,2017-02-01,5,"10y",3.32328186860439e-05,0.00112202322614221
"US",75,2017-03-01,4,"5y",0.0633139514609646,0.00133079320423002
"US",75,2017-03-01,4,"10y",0.0790529498666104,0.00133079320423002
"US",75,2017-03-01,5,"5y",0.00343393148512716,0.00133079320423002
"US",75,2017-03-01,5,"10y",2.53590882811846e-05,0.00133079320423002
"US",76,2017-04-01,4,"5y",0.0572838362446718,0.00175993273991351
"US",76,2017-04-01,4,"10y",0.0748697659614995,0.00175993273991351
"US",76,2017-04-01,5,"5y",0.00292326356454172,0.00175993273991351
"US",76,2017-04-01,5,"10y",1.94029300838029e-05,0.00175993273991351
"US",77,2017-05-01,4,"5y",0.0782273784694626,0.0064507161087636
"US",77,2017-05-01,4,"10y",0.0451111141190486,0.0064507161087636
"US",77,2017-05-01,5,"5y",0.0046916920622221,0.0064507161087636
"US",77,2017-05-01,5,"10y",7.54659056641384e-05,0.0064507161087636
"US",78,2017-06-01,4,"5y",0.0575820804622158,0.00840444774440597
"US",78,2017-06-01,4,"10y",0.0213821051285236,0.00840444774440597
"US",78,2017-06-01,5,"5y",0.0015694529706057,0.00840444774440597
"US",78,2017-06-01,5,"10y",2.85010507460388e-05,0.00840444774440597
"US",79,2017-07-01,4,"5y",0.0531515163320228,0.00791245675942885
"US",79,2017-07-01,4,"10y",0.0189676342623095,0.00791245675942885
"US",79,2017-07-01,5,"5y",0.00139738510209868,0.00791245675942885
"US",79,2017-07-01,5,"10y",2.363162740254e-05,0.00791245675942885
"US",80,2017-08-01,4,"5y",0.0536641633926154,0.00816598786597789
"US",80,2017-08-01,4,"10y",0.0189886765505349,0.00816598786597789
"US",80,2017-08-01,5,"5y",0.00140444198236723,0.00816598786597789
"US",80,2017-08-01,5,"10y",2.33751366149826e-05,0.00816598786597789
"US",81,2017-09-01,4,"5y",0.0158913955020331,0.00451578778432683
"US",81,2017-09-01,4,"10y",0.0533691200070414,0.00451578778432683
"US",81,2017-09-01,5,"5y",0.000647805113665536,0.00451578778432683
"US",81,2017-09-01,5,"10y",0.00546557030589828,0.00451578778432683
"US",82,2017-10-01,4,"5y",0.0366639533700341,0.00281910308304582
"US",82,2017-10-01,4,"10y",0.0533147404259254,0.00281910308304582
"US",82,2017-10-01,5,"5y",0.00156306542566534,0.00281910308304582
"US",82,2017-10-01,5,"10y",6.39640115196719e-06,0.00281910308304582
"US",83,2017-11-01,4,"5y",0.0376361061164962,0.00284294831991201
"US",83,2017-11-01,4,"10y",0.0542717859729424,0.00284294831991201
"US",83,2017-11-01,5,"5y",0.00162813787742433,0.00284294831991201
"US",83,2017-11-01,5,"10y",6.89214490555055e-06,0.00284294831991201
"US",84,2017-12-01,4,"5y",0.0146430919582147,0.00469616667022574
"US",84,2017-12-01,4,"10y",0.0492659653943285,0.00469616667022574
"US",84,2017-12-01,5,"5y",0.00057420687670109,0.00469616667022574
"US",84,2017-12-01,5,"10y",0.00487823273890456,0.00469616667022574
"US",85,2018-01-01,4,"5y",0.0381844621247696,0.00258881293661885
"US",85,2018-01-01,4,"10y",0.0550155472282075,0.00258881293661885
"US",85,2018-01-01,5,"5y",0.00165818262994747,0.00258881293661885
"US",85,2018-01-01,5,"10y",6.42929547250122e-06,0.00258881293661885
"US",86,2018-02-01,4,"5y",0.0442759833271145,0.00328938049227149
"US",86,2018-02-01,4,"10y",0.0614110486826374,0.00328938049227149
"US",86,2018-02-01,5,"5y",0.00205650521708333,0.00328938049227149
"US",86,2018-02-01,5,"10y",9.58659544983655e-06,0.00328938049227149
"US",87,2018-03-01,4,"5y",0.0476773798091656,0.00304314164262177
"US",87,2018-03-01,4,"10y",0.0648376459890414,0.00304314164262177
"US",87,2018-03-01,5,"5y",0.00228824022875926,0.00304314164262177
"US",87,2018-03-01,5,"10y",1.16991022577409e-05,0.00304314164262177
"US",88,2018-04-01,4,"5y",0.0488725827627565,0.00348569966765597
"US",88,2018-04-01,4,"10y",0.0658154344005437,0.00348569966765597
"US",88,2018-04-01,5,"5y",0.00238097538054039,0.00348569966765597
"US",88,2018-04-01,5,"10y",1.24303259719898e-05,0.00348569966765597
"US",89,2018-05-01,4,"5y",0.0475112868211691,0.00399458387589113
"US",89,2018-05-01,4,"10y",0.0644702565685442,0.00399458387589113
"US",89,2018-05-01,5,"5y",0.00228626198348286,0.00399458387589113
"US",89,2018-05-01,5,"10y",1.15194490732539e-05,0.00399458387589113
"US",90,2018-06-01,4,"5y",0.0474030466833968,0.00353953405748189
"US",90,2018-06-01,4,"10y",0.0643748166999427,0.00353953405748189
"US",90,2018-06-01,5,"5y",0.00227821756748236,0.00353953405748189
"US",90,2018-06-01,5,"10y",1.14532422910188e-05,0.00353953405748189
"US",91,2018-07-01,4,"5y",0.0486061238700773,0.00329431571858894
"US",91,2018-07-01,4,"10y",0.0661380493230135,0.00329431571858894
"US",91,2018-07-01,5,"5y",0.00233313970001678,0.00329431571858894
"US",91,2018-07-01,5,"10y",1.24408172414546e-05,0.00329431571858894
"US",92,2018-08-01,4,"5y",0.0456014604914216,0.0033312596673472
"US",92,2018-08-01,4,"10y",0.0629057639672598,0.0033312596673472
"US",92,2018-08-01,5,"5y",0.00213912161073116,0.0033312596673472
"US",92,2018-08-01,5,"10y",1.04246231863638e-05,0.0033312596673472
"US",93,2018-09-01,4,"5y",0.0439589633204316,0.0035290996170132
"US",93,2018-09-01,4,"10y",0.061101354187869,0.0035290996170132
"US",93,2018-09-01,5,"5y",0.00203457892983945,0.0035290996170132
"US",93,2018-09-01,5,"10y",9.40725333646933e-06,0.0035290996170132
"US",94,2018-10-01,4,"5y",0.0496882248103975,0.00327854444129742
"US",94,2018-10-01,4,"10y",0.0673982212307579,0.00327854444129742
"US",94,2018-10-01,5,"5y",0.00239741055263861,0.00327854444129742
"US",94,2018-10-01,5,"10y",1.32489535031291e-05,0.00327854444129742
"US",95,2018-11-01,4,"5y",0.036118872319299,0.0037129558602423
"US",95,2018-11-01,4,"10y",0.0526349908637507,0.0037129558602423
"US",95,2018-11-01,5,"5y",0.00153303533454013,0.0037129558602423
"US",95,2018-11-01,5,"10y",5.49914781622202e-06,0.0037129558602423
"US",96,2018-12-01,4,"5y",0.0568894731423901,0.0123583509730045
"US",96,2018-12-01,4,"10y",0.0194949442811963,0.0123583509730045
"US",96,2018-12-01,5,"5y",0.00145659692216276,0.0123583509730045
"US",96,2018-12-01,5,"10y",2.26962427883266e-05,0.0123583509730045
"US",97,2019-01-01,4,"5y",0.0368608744362344,0.00916283441328563
"US",97,2019-01-01,4,"10y",0.0109239833620531,0.00916283441328563
"US",97,2019-01-01,5,"5y",0.000826476359711538,0.00916283441328563
"US",97,2019-01-01,5,"10y",1.00879267449549e-05,0.00916283441328563
"US",98,2019-02-01,4,"5y",0.0500482283912525,0.0125322255796434
"US",98,2019-02-01,4,"10y",0.0162888855637663,0.0125322255796434
"US",98,2019-02-01,5,"5y",0.00122219558862897,0.0125322255796434
"US",98,2019-02-01,5,"10y",1.7460977870814e-05,0.0125322255796434
"US",99,2019-03-01,4,"5y",0.053093424772541,0.0127144566376268
"US",99,2019-03-01,4,"10y",0.017660303887431,0.0127144566376268
"US",99,2019-03-01,5,"5y",0.00132257024022819,0.0127144566376268
"US",99,2019-03-01,5,"10y",1.95917304038752e-05,0.0127144566376268
"US",100,2019-04-01,4,"5y",0.0496518316954065,0.0123304059461825
"US",100,2019-04-01,4,"10y",0.0161312303991267,0.0123304059461825
"US",100,2019-04-01,5,"5y",0.00121050632715153,0.0123304059461825
"US",100,2019-04-01,5,"10y",1.72474330144531e-05,0.0123304059461825
"US",101,2019-05-01,4,"5y",0.0487315104080204,0.0122522202278252
"US",101,2019-05-01,4,"10y",0.0157874593220978,0.0122522202278252
"US",101,2019-05-01,5,"5y",0.00118473792122331,0.0122522202278252
"US",101,2019-05-01,5,"10y",1.68149406766206e-05,0.0122522202278252
"US",102,2019-06-01,4,"5y",0.0389763277043403,0.0104190696235825
"US",102,2019-06-01,4,"10y",0.011740125945177,0.0104190696235825
"US",102,2019-06-01,5,"5y",0.000886988638583254,0.0104190696235825
"US",102,2019-06-01,5,"10y",1.11333639181485e-05,0.0104190696235825
"US",103,2019-07-01,4,"5y",0.0361937381026897,0.0104458475795549
"US",103,2019-07-01,4,"10y",0.0105465219620232,0.0104458475795549
"US",103,2019-07-01,5,"5y",0.000800974209040982,0.0104458475795549
"US",103,2019-07-01,5,"10y",9.49518226779053e-06,0.0104458475795549
"US",104,2019-08-01,4,"5y",0.0342101971351042,0.00947553072429825
"US",104,2019-08-01,4,"10y",0.00981989894349146,0.00947553072429825
"US",104,2019-08-01,5,"5y",0.000746790420350364,0.00947553072429825
"US",104,2019-08-01,5,"10y",8.62623105184429e-06,0.00947553072429825
"US",105,2019-09-01,4,"5y",0.0278011275829396,0.00584720879245592
"US",105,2019-09-01,4,"10y",0.00751442451969802,0.00584720879245592
"US",105,2019-09-01,5,"5y",0.000575232254883206,0.00584720879245592
"US",105,2019-09-01,5,"10y",5.97512821188164e-06,0.00584720879245592
"US",106,2019-10-01,4,"5y",0.00221942129289869,0.00881533213209926
"US",106,2019-10-01,4,"10y",0.0014503843118276,0.00881533213209926
"US",106,2019-10-01,5,"5y",1.87766747280808e-09,0.00881533213209926
"US",106,2019-10-01,5,"10y",1.80991592125337e-11,0.00881533213209926
"US",107,2019-11-01,4,"5y",0.00951026685334117,0.00368069511475115
"US",107,2019-11-01,4,"10y",0.0163396135717449,0.00368069511475115
"US",107,2019-11-01,5,"5y",9.36249132620744e-10,0.00368069511475115
"US",107,2019-11-01,5,"10y",1.54935452596241e-11,0.00368069511475115
"US",108,2019-12-01,4,"5y",0.00922015879929114,0.00384451496634615
"US",108,2019-12-01,4,"10y",0.0174823081529651,0.00384451496634615
"US",108,2019-12-01,5,"5y",8.15071398339425e-10,0.00384451496634615
"US",108,2019-12-01,5,"10y",1.20829014390448e-11,0.00384451496634615
"US",109,2020-01-01,4,"5y",0.00815850341008376,0.00383952575452936
"US",109,2020-01-01,4,"10y",0.0180230252972926,0.00383952575452936
"US",109,2020-01-01,5,"5y",5.92252273149521e-10,0.00383952575452936
"US",109,2020-01-01,5,"10y",6.79161485446639e-12,0.00383952575452936
"US",110,2020-02-01,4,"5y",0.0124672241874547,0.00351868132303094
"US",110,2020-02-01,4,"10y",0.0136328553801878,0.00351868132303094
"US",110,2020-02-01,5,"5y",2.1580540190585e-09,0.00351868132303094
"US",110,2020-02-01,5,"10y",7.18669207418594e-11,0.00351868132303094
"US",111,2020-03-01,4,"5y",0.00165787319930235,0.00798178236953522
"US",111,2020-03-01,4,"10y",0.000968909606912691,0.00798178236953522
"US",111,2020-03-01,5,"5y",9.68252181352589e-15,0.00798178236953522
"US",111,2020-03-01,5,"10y",1.01328360668625e-14,0.00798178236953522
"US",112,2020-04-01,4,"5y",2.00351208562017e-06,0.00468273232963905
"US",112,2020-04-01,4,"10y",0.00927188383026077,0.00468273232963905
"US",112,2020-04-01,5,"5y",1.54294750142928e-06,0.00468273232963905
"US",112,2020-04-01,5,"10y",2.00347374202644e-06,0.00468273232963905
"US",113,2020-05-01,4,"5y",0,0.00553368637272636
"US",113,2020-05-01,4,"10y",0.0085720039186819,0.00553368637272636
"US",113,2020-05-01,5,"5y",0,0.00553368637272636
"US",113,2020-05-01,5,"10y",0,0.00553368637272636
"US",114,2020-06-01,4,"5y",0.0242899782716761,0.00562992508332777
"US",114,2020-06-01,4,"10y",0.0114073666586895,0.00562992508332777
"US",114,2020-06-01,5,"5y",0.00697779421157596,0.00562992508332777
"US",114,2020-06-01,5,"10y",0.00082561264154768,0.00562992508332777
"US",115,2020-07-01,4,"5y",0.0259339525994024,0.0031522138478452
"US",115,2020-07-01,4,"10y",0.0070375955193123,0.0031522138478452
"US",115,2020-07-01,5,"5y",0.000634798115733417,0.0031522138478452
"US",115,2020-07-01,5,"10y",6.71534207184715e-06,0.0031522138478452
"US",116,2020-08-01,4,"5y",0.0376573249584968,0.00550981365502824
"US",116,2020-08-01,4,"10y",0.0114950073048947,0.00550981365502824
"US",116,2020-08-01,5,"5y",0.000862727065214991,0.00550981365502824
"US",116,2020-08-01,5,"10y",1.10811656008782e-05,0.00550981365502824
"US",117,2020-09-01,4,"5y",0.0453366638252805,0.00689120630286427
"US",117,2020-09-01,4,"10y",0.0144141887673257,0.00689120630286427
"US",117,2020-09-01,5,"5y",0.00108278780230936,0.00689120630286427
"US",117,2020-09-01,5,"10y",1.49061365596342e-05,0.00689120630286427
"US",118,2020-10-01,4,"5y",0.0403211316961369,0.00514940821655053
"US",118,2020-10-01,4,"10y",0.013072721965615,0.00514940821655053
"US",118,2020-10-01,5,"5y",0.000965422850932339,0.00514940821655053
"US",118,2020-10-01,5,"10y",1.37614190866341e-05,0.00514940821655053
"US",119,2020-11-01,4,"5y",0.0455911297008448,0.00611253384199779
"US",119,2020-11-01,4,"10y",0.0150972702897168,0.00611253384199779
"US",119,2020-11-01,5,"5y",0.00112178869286453,0.00611253384199779
"US",119,2020-11-01,5,"10y",1.66172804954244e-05,0.00611253384199779
"US",120,2020-12-01,4,"5y",0.0517401712772436,0.00694784580506368
"US",120,2020-12-01,4,"10y",0.0178073404088292,0.00694784580506368
"US",120,2020-12-01,5,"5y",0.00132316238090246,0.00694784580506368
"US",120,2020-12-01,5,"10y",2.09510451064781e-05,0.00694784580506368
"US",121,2021-01-01,4,"5y",0.0626255862274402,0.00793222647337924
"US",121,2021-01-01,4,"10y",0.0227404922438878,0.00793222647337924
"US",121,2021-01-01,5,"5y",0.0016921800234646,0.00793222647337924
"US",121,2021-01-01,5,"10y",2.92435880238303e-05,0.00793222647337924
"US",122,2021-02-01,4,"5y",0.0764415093759571,0.00741353000202856
"US",122,2021-02-01,4,"10y",0.0301448104767445,0.00741353000202856
"US",122,2021-02-01,5,"5y",0.00224209859584861,0.00741353000202856
"US",122,2021-02-01,5,"10y",4.45749967302608e-05,0.00741353000202856
"US",123,2021-03-01,4,"5y",0.017455938912583,0.00507285124204514
"US",123,2021-03-01,4,"10y",0.0461470992998869,0.00507285124204514
"US",123,2021-03-01,5,"5y",0.00106298092857604,0.00507285124204514
"US",123,2021-03-01,5,"10y",0.00733802948701701,0.00507285124204514
"US",124,2021-04-01,4,"5y",0.110228637388793,0.0100308228100899
"US",124,2021-04-01,4,"10y",0.0354925598945608,0.0100308228100899
"US",124,2021-04-01,5,"5y",0.00235529801557852,0.0100308228100899
"US",124,2021-04-01,5,"10y",3.07466733466041e-05,0.0100308228100899
"US",125,2021-05-01,4,"5y",0.149449987642207,0.00901441035074684
"US",125,2021-05-01,4,"10y",0.0570582210845743,0.00901441035074684
"US",125,2021-05-01,5,"5y",0.00375928676675075,0.00901441035074684
"US",125,2021-05-01,5,"10y",7.51790125893375e-05,0.00901441035074684
"US",126,2021-06-01,4,"5y",0.121927967891959,0.00522555772419274
"US",126,2021-06-01,4,"10y",0.0588383165354103,0.00522555772419274
"US",126,2021-06-01,5,"5y",0.0014234182175791,0.00522555772419274
"US",126,2021-06-01,5,"10y",4.30854810566111e-05,0.00522555772419274
"US",127,2021-07-01,4,"5y",0.111366577581262,0.00538396300121116
"US",127,2021-07-01,4,"10y",0.0504787422564582,0.00538396300121116
"US",127,2021-07-01,5,"5y",0.00131672591629289,0.00538396300121116
"US",127,2021-07-01,5,"10y",3.28604672907084e-05,0.00538396300121116
"US",128,2021-08-01,4,"5y",0.114029936017083,0.00534669749790156
"US",128,2021-08-01,4,"10y",0.0525148108750667,0.00534669749790156
"US",128,2021-08-01,5,"5y",0.00136558067581918,0.00534669749790156
"US",128,2021-08-01,5,"10y",3.5604997246284e-05,0.00534669749790156
"US",129,2021-09-01,4,"5y",0.154175402208446,0.00284938188196967
"US",129,2021-09-01,4,"10y",0.0835737036734382,0.00284938188196967
"US",129,2021-09-01,5,"5y",0.00351098004216506,0.00284938188196967
"US",129,2021-09-01,5,"10y",3.37086952755609e-05,0.00284938188196967
"US",130,2021-10-01,4,"5y",0.126520232298969,0.00508171912301009
"US",130,2021-10-01,4,"10y",0.0625412815274166,0.00508171912301009
"US",130,2021-10-01,5,"5y",0.00152435884093214,0.00508171912301009
"US",130,2021-10-01,5,"10y",4.93329253099254e-05,0.00508171912301009
"US",131,2021-11-01,4,"5y",0.253389040805686,0.00640056623043029
"US",131,2021-11-01,4,"10y",0.164666299102567,0.00640056623043029
"US",131,2021-11-01,5,"5y",0.0326890890607984,0.00640056623043029
"US",131,2021-11-01,5,"10y",0.00426755383129478,0.00640056623043029
"US",132,2021-12-01,4,"5y",0.206557668786928,0.00438096135796522
"US",132,2021-12-01,4,"10y",0.129793218514614,0.00438096135796522
"US",132,2021-12-01,5,"5y",0.010561415599205,0.00438096135796522
"US",132,2021-12-01,5,"10y",0.000552534018851265,0.00438096135796522
"US",133,2022-01-01,4,"5y",0.232978741883732,0.00326022768839589
"US",133,2022-01-01,4,"10y",0.151004760861095,0.00326022768839589
"US",133,2022-01-01,5,"5y",0.0197303172623557,0.00326022768839589
"US",133,2022-01-01,5,"10y",0.0017745014675824,0.00326022768839589
"US",134,2022-02-01,4,"5y",0.166811535531384,0.00374138242559108
"US",134,2022-02-01,4,"10y",0.0975345715580497,0.00374138242559108
"US",134,2022-02-01,5,"5y",0.00362157015389361,0.00374138242559108
"US",134,2022-02-01,5,"10y",3.48537979146937e-05,0.00374138242559108
"US",135,2022-03-01,4,"5y",0.367646878999521,0.0198426232013032
"US",135,2022-03-01,4,"10y",0.293651695055428,0.0198426232013032
"US",135,2022-03-01,5,"5y",0.0579692554279679,0.0198426232013032
"US",135,2022-03-01,5,"10y",0.0133594506361171,0.0198426232013032
"US",136,2022-04-01,4,"5y",0.37740941308367,0.00569497617384392
"US",136,2022-04-01,4,"10y",0.262604580085495,0.00569497617384392
"US",136,2022-04-01,5,"5y",0.145349752349061,0.00569497617384392
"US",136,2022-04-01,5,"10y",0.0464990947028974,0.00569497617384392
"US",137,2022-05-01,4,"5y",0.367601427717824,0.00829454283306502
"US",137,2022-05-01,4,"10y",0.253734285552665,0.00829454283306502
"US",137,2022-05-01,5,"5y",0.13099050988678,0.00829454283306502
"US",137,2022-05-01,5,"10y",0.0391878906866504,0.00829454283306502
"US",138,2022-06-01,4,"5y",0.338141610303008,0.00576820551689508
"US",138,2022-06-01,4,"10y",0.236297416673872,0.00576820551689508
"US",138,2022-06-01,5,"5y",0.104207924428931,0.00576820551689508
"US",138,2022-06-01,5,"10y",0.0280775608187622,0.00576820551689508
"US",139,2022-07-01,4,"5y",0.17130831015295,0.00380126721422637
"US",139,2022-07-01,4,"10y",0.101717750252116,0.00380126721422637
"US",139,2022-07-01,5,"5y",0.00396065111868473,0.00380126721422637
"US",139,2022-07-01,5,"10y",4.2964940619683e-05,0.00380126721422637
"US",140,2022-08-01,4,"5y",0.2148894581315,0.00268669802007111
"US",140,2022-08-01,4,"10y",0.13182561034228,0.00268669802007111
"US",140,2022-08-01,5,"5y",0.0166078558790489,0.00268669802007111
"US",140,2022-08-01,5,"10y",0.00126155485144362,0.00268669802007111
"US",141,2022-09-01,4,"5y",0.180762242433104,0.00346607907806544
"US",141,2022-09-01,4,"10y",0.114101361916033,0.00346607907806544
"US",141,2022-09-01,5,"5y",0.00428392205820283,0.00346607907806544
"US",141,2022-09-01,5,"10y",5.87227480951832e-05,0.00346607907806544
"US",142,2022-10-01,4,"5y",0.123310937315105,0.00503534274391676
"US",142,2022-10-01,4,"10y",0.0597918292256284,0.00503534274391676
"US",142,2022-10-01,5,"5y",0.00164594238869318,0.00503534274391676
"US",142,2022-10-01,5,"10y",4.88474186262542e-05,0.00503534274391676
"US",143,2022-11-01,4,"5y",0.187653321935438,0.0039899800475661
"US",143,2022-11-01,4,"10y",0.127200761127125,0.0039899800475661
"US",143,2022-11-01,5,"5y",0.00331451343320652,0.0039899800475661
"US",143,2022-11-01,5,"10y",2.81341898909868e-05,0.0039899800475661
"US",144,2022-12-01,4,"5y",0.227731140568073,0.00341636228473919
"US",144,2022-12-01,4,"10y",0.141235112070714,0.00341636228473919
"US",144,2022-12-01,5,"5y",0.0207059782682566,0.00341636228473919
"US",144,2022-12-01,5,"10y",0.00187115056276311,0.00341636228473919
"US",145,2023-01-01,4,"5y",0.131222507769574,0.00707238867796676
"US",145,2023-01-01,4,"10y",0.0621554175366756,0.00707238867796676
"US",145,2023-01-01,5,"5y",0.00231488170712355,0.00707238867796676
"US",145,2023-01-01,5,"10y",5.7451766903998e-05,0.00707238867796676
"US",146,2023-02-01,4,"5y",0.204597295720802,0.00309665468013049
"US",146,2023-02-01,4,"10y",0.132844009321097,0.00309665468013049
"US",146,2023-02-01,5,"5y",0.00785062731438298,0.00309665468013049
"US",146,2023-02-01,5,"10y",0.000268295079487043,0.00309665468013049
"US",147,2023-03-01,4,"5y",0.258448189002275,0.00378223155020781
"US",147,2023-03-01,4,"10y",0.160192647044348,0.00378223155020781
"US",147,2023-03-01,5,"5y",0.089610650576162,0.00378223155020781
"US",147,2023-03-01,5,"10y",0.0297512988245991,0.00378223155020781
"US",148,2023-04-01,4,"5y",0.219238575478659,0.00458733415085332
"US",148,2023-04-01,4,"10y",0.1374324018343,0.00458733415085332
"US",148,2023-04-01,5,"5y",0.0783203979856918,0.00458733415085332
"US",148,2023-04-01,5,"10y",0.0313912264707019,0.00458733415085332
"US",149,2023-05-01,4,"5y",0.197997489203406,0.00382965202033943
"US",149,2023-05-01,4,"10y",0.1276521708148,0.00382965202033943
"US",149,2023-05-01,5,"5y",0.014896437809808,0.00382965202033943
"US",149,2023-05-01,5,"10y",0.000345036953936892,0.00382965202033943
"US",150,2023-06-01,4,"5y",0.189457158360205,0.00237880017010224
"US",150,2023-06-01,4,"10y",0.146362770211208,0.00237880017010224
"US",150,2023-06-01,5,"5y",0.0574883711305381,0.00237880017010224
"US",150,2023-06-01,5,"10y",0.021518273636561,0.00237880017010224
"US",151,2023-07-01,4,"5y",0.194311118198862,0.00417561242418965
"US",151,2023-07-01,4,"10y",0.120901945129572,0.00417561242418965
"US",151,2023-07-01,5,"5y",0.0158542373564125,0.00417561242418965
"US",151,2023-07-01,5,"10y",0.000774983106980981,0.00417561242418965
"US",152,2023-08-01,4,"5y",0.215901566467119,0.00372642775463457
"US",152,2023-08-01,4,"10y",0.143215091574629,0.00372642775463457
"US",152,2023-08-01,5,"5y",0.0206746171250297,0.00372642775463457
"US",152,2023-08-01,5,"10y",0.00172011041661977,0.00372642775463457
"US",153,2023-09-01,4,"5y",0.216224194085765,0.00416028738181503
"US",153,2023-09-01,4,"10y",0.138486889196381,0.00416028738181503
"US",153,2023-09-01,5,"5y",0.0165318562754165,0.00416028738181503
"US",153,2023-09-01,5,"10y",0.000499536790710962,0.00416028738181503
"US",154,2023-10-01,4,"5y",0.220998324020497,0.00426548165008064
"US",154,2023-10-01,4,"10y",0.144261055334923,0.00426548165008064
"US",154,2023-10-01,5,"5y",0.0169108431726947,0.00426548165008064
"US",154,2023-10-01,5,"10y",0.000465544399096036,0.00426548165008064
"US",155,2023-11-01,4,"5y",0.183748913419645,0.004048235980233
"US",155,2023-11-01,4,"10y",0.114511755903448,0.004048235980233
"US",155,2023-11-01,5,"5y",0.0131318350142828,0.004048235980233
"US",155,2023-11-01,5,"10y",0.000281449171038839,0.004048235980233
"US",156,2023-12-01,4,"5y",0.19479812454628,0.00351969436711322
"US",156,2023-12-01,4,"10y",0.134652952305302,0.00351969436711322
"US",156,2023-12-01,5,"5y",0.0649300417816547,0.00351969436711322
"US",156,2023-12-01,5,"10y",0.0243257774747867,0.00351969436711322
"US",157,2024-01-01,4,"5y",0.196732788281882,0.00499580598224608
"US",157,2024-01-01,4,"10y",0.10238881464563,0.00499580598224608
"US",157,2024-01-01,5,"5y",0.018428780825158,0.00499580598224608
"US",157,2024-01-01,5,"10y",0.00142011109170744,0.00499580598224608
"US",158,2024-02-01,4,"5y",0.187145639191705,0.00429655564218284
"US",158,2024-02-01,4,"10y",0.124940289101266,0.00429655564218284
"US",158,2024-02-01,5,"5y",0.0137242492211244,0.00429655564218284
"US",158,2024-02-01,5,"10y",0.000289652477717108,0.00429655564218284
"US",159,2024-03-01,4,"5y",0.199673825348916,0.00415083584207302
"US",159,2024-03-01,4,"10y",0.125074395478153,0.00415083584207302
"US",159,2024-03-01,5,"5y",0.0157918134552679,0.00415083584207302
"US",159,2024-03-01,5,"10y",0.000631359971141194,0.00415083584207302
"US",160,2024-04-01,4,"5y",0.215509134521039,0.00425533734524648
"US",160,2024-04-01,4,"10y",0.138383158449874,0.00425533734524648
"US",160,2024-04-01,5,"5y",0.0162771253934722,0.00425533734524648
"US",160,2024-04-01,5,"10y",0.000422000478406576,0.00425533734524648
"US",161,2024-05-01,4,"5y",0.211557990805823,0.0042784697555438
"US",161,2024-05-01,4,"10y",0.135444405087667,0.0042784697555438
"US",161,2024-05-01,5,"5y",0.0159229411749588,0.0042784697555438
"US",161,2024-05-01,5,"10y",0.000405639108879518,0.0042784697555438
"US",162,2024-06-01,4,"5y",0.174964922723584,0.00315333580901683
"US",162,2024-06-01,4,"10y",0.153648606894027,0.00315333580901683
"US",162,2024-06-01,5,"5y",0.0394871516504293,0.00315333580901683
"US",162,2024-06-01,5,"10y",0.0108815404167601,0.00315333580901683
"US",163,2024-07-01,4,"5y",0.171992633548285,0.00374319061324622
"US",163,2024-07-01,4,"10y",0.120870832847958,0.00374319061324622
"US",163,2024-07-01,5,"5y",0.0170085795832127,0.00374319061324622
"US",163,2024-07-01,5,"10y",0.000442557226909379,0.00374319061324622
"US",164,2024-08-01,4,"5y",0.153263974352661,0.00337844055931031
"US",164,2024-08-01,4,"10y",0.106298196464641,0.00337844055931031
"US",164,2024-08-01,5,"5y",0.0147882491586095,0.00337844055931031
"US",164,2024-08-01,5,"10y",0.000359038006635182,0.00337844055931031
"US",165,2024-09-01,4,"5y",0.170488412726263,0.0032158769531969
"US",165,2024-09-01,4,"10y",0.13062511909946,0.0032158769531969
"US",165,2024-09-01,5,"5y",0.0290059254981448,0.0032158769531969
"US",165,2024-09-01,5,"10y",0.00529588203197391,0.0032158769531969
"US",166,2024-10-01,4,"5y",0.183720644022356,0.00365155242623591
"US",166,2024-10-01,4,"10y",0.131038110077792,0.00365155242623591
"US",166,2024-10-01,5,"5y",0.0209162808166057,0.00365155242623591
"US",166,2024-10-01,5,"10y",0.00153410902999448,0.00365155242623591
