"area","month","date","threshold","lower","upper","hrr_series","ngmmr_5y5y","below_lower","above_upper"
"US",1,2011-01-01,4,0.179160506498296,0.723703458208794,0.11472504672076,0.419864631625662,TRUE,FALSE
"US",2,2011-02-01,4,0.168039565954196,0.741921158262382,0.10608057682677,0.390499213448643,TRUE,FALSE
"US",3,2011-03-01,4,0.151095329081881,0.711648199444575,0.100573089882865,0.389899339752954,TRUE,FALSE
"US",4,2011-04-01,4,0.15881683004816,0.684020735718086,0.0817118294596024,0.319680184859395,TRUE,FALSE
"US",5,2011-05-01,4,0.142604918481713,0.62693124356809,0.0991326651592308,0.365854034656015,TRUE,FALSE
"US",6,2011-06-01,4,0.161123570336088,0.663731615737202,0.0844974120902253,0.266996491670625,TRUE,FALSE
"US",7,2011-07-01,4,0.174759020657319,0.697366736075452,0.0848180128661661,0.27433564982223,TRUE,FALSE
"US",8,2011-08-01,4,0.165760100819591,0.679433692803141,0.0881344125088851,0.295265591172309,TRUE,FALSE
"US",9,2011-09-01,4,0.157508372072983,0.667876405104666,0.0732070268445011,0.220424636995394,TRUE,FALSE
"US",10,2011-10-01,4,0.104736043419485,0.599214104161329,0.0587565406974161,0.176899767941604,TRUE,FALSE
"US",11,2011-11-01,4,0.110397573995445,0.638404580331514,0.069478288564373,0.204897773938816,TRUE,FALSE
"US",12,2011-12-01,4,0.097868520399878,0.65219299796926,0.0779489395892731,0.281558910636213,TRUE,FALSE
"US",13,2012-01-01,4,0.0830065376949474,0.659834031314749,0.074317637082323,0.248664976010294,TRUE,FALSE
"US",14,2012-02-01,4,0.1295361276666,0.628283734969173,0.0855764287383134,0.330336844379205,TRUE,FALSE
"US",15,2012-03-01,4,0.119125412946308,0.651078696630177,0.0910944457648102,0.353599460278821,TRUE,FALSE
"US",16,2012-04-01,4,0.121583782935626,0.650363926670722,0.0924430381010869,0.346425680904903,TRUE,FALSE
"US",17,2012-05-01,4,0.121276245184679,0.631831322226369,0.106913606241969,0.345890098606649,TRUE,FALSE
"US",18,2012-06-01,4,0.104001501796552,0.647186481043531,0.0940300727021587,0.311041983624661,TRUE,FALSE
"US",19,2012-07-01,4,0.10321692569958,0.650222890596029,0.0948955697947096,0.304838950597655,TRUE,FALSE
"US",20,2012-08-01,4,0.108111865751304,0.641114769477419,0.101466512051339,0.319877070069409,TRUE,FALSE
"US",21,2012-09-01,4,0.108095673025562,0.624012331261387,0.107057259849678,0.312943756366164,TRUE,FALSE
"US",22,2012-10-01,4,0.125933867146349,0.654578884740311,0.0989004516816693,0.346678488407224,TRUE,FALSE
"US",23,2012-11-01,4,0.145852374024056,0.672473076190812,0.117539633295225,0.376473776362224,TRUE,FALSE
"US",24,2012-12-01,4,0.160737826149974,0.647272581178594,0.117977412783951,0.384123874964307,TRUE,FALSE
"US",25,2013-01-01,4,0.162270250767867,0.642571090366105,0.118698526768593,0.392819958405146,TRUE,FALSE
"US",26,2013-02-01,4,0.171815748603692,0.635754921174576,0.125583893040668,0.393057023062915,TRUE,FALSE
"US",27,2013-03-01,4,0.170153182725504,0.630101365155791,0.118001874860213,0.402213625766706,TRUE,FALSE
"US",28,2013-04-01,4,0.167469576141666,0.629356244956503,0.122078824303067,0.393299335154819,TRUE,FALSE
"US",29,2013-05-01,4,0.151597964919583,0.612240902254613,0.0921014342642633,0.356389521687473,TRUE,FALSE
"US",30,2013-06-01,4,0.142076231007471,0.594198151970223,0.0894067758864124,0.342110101581748,TRUE,FALSE
"US",31,2013-07-01,4,0.146571306290029,0.580638089172009,0.0839896701618606,0.346180953762521,TRUE,FALSE
"US",32,2013-08-01,4,0.159701484895882,0.588686491027954,0.0969728270400872,0.363532230066168,TRUE,FALSE
"US",33,2013-09-01,4,0.12401050564591,0.550053783026326,0.0812607854240628,0.30574056110133,TRUE,FALSE
"US",34,2013-10-01,4,0.13599737181412,0.604639559294142,0.114216870458929,0.415993393089999,TRUE,FALSE
"US",35,2013-11-01,4,0.118155338795871,0.577258505223933,0.0832732155715246,0.308767443419377,TRUE,FALSE
"US",36,2013-12-01,4,0.11990402620899,0.586087046017117,0.0831901884275938,0.32006727805611,TRUE,FALSE
"US",37,2014-01-01,4,0.135719573071485,0.611398076213313,0.0944781100666745,0.353862852707683,TRUE,FALSE
"US",38,2014-02-01,4,0.123999429968803,0.592391371019346,0.0880526083914925,0.322951535208444,TRUE,FALSE
"US",39,2014-03-01,4,0.11816794404143,0.58419881435049,0.0867097097484974,0.315893797777087,TRUE,FALSE
"US",40,2014-04-01,4,0.110184146640817,0.573936564641987,0.0810082229508723,0.303375725518606,TRUE,FALSE
"US",41,2014-05-01,4,0.100097495071152,0.56630093091625,0.0487063855161375,0.227289181758404,TRUE,FALSE
"US",42,2014-06-01,4,0.109484282426958,0.57156269989617,0.0495732127286605,0.231285964122566,TRUE,FALSE
"US",43,2014-07-01,4,0.118221269475398,0.578958329105156,0.094364889431712,0.305631837579591,TRUE,FALSE
"US",44,2014-08-01,4,0.113781400182498,0.571897634516696,0.0915987465618533,0.295153757794352,TRUE,FALSE
"US",45,2014-09-01,4,0.0920339802137654,0.538500620485614,0.0806298567123786,0.24867721589468,TRUE,FALSE
"US",46,2014-10-01,4,0.064684850721807,0.46364871094938,0.057969121975341,0.210828239918878,TRUE,FALSE
"US",47,2014-11-01,4,0.0633694714545237,0.450840041389452,0.0523955610516055,0.198304850622887,TRUE,FALSE
"US",48,2014-12-01,4,0.0534367449967853,0.428807550299758,0.0538486157717058,0.19216561338239,FALSE,FALSE
"US",49,2015-01-01,4,0.0407912741987556,0.433168819413673,0.0870758854668775,0.192091574771891,FALSE,FALSE
"US",50,2015-02-01,4,0.0350038266643097,0.366292717047425,0.0836105449053745,0.190515587196623,FALSE,FALSE
"US",51,2015-03-01,4,0.0455536627093241,0.397605679997256,0.110246633090298,0.244019350220541,FALSE,FALSE
"US",52,2015-04-01,4,0.0556722778886392,0.422120297040637,0.113977784818831,0.266144728446113,FALSE,FALSE
"US",53,2015-05-01,4,0.0615776943057342,0.452977013611787,0.129882387994489,0.282372585022078,FALSE,FALSE
"US",54,2015-06-01,4,0.0548209326706625,0.454562588709311,0.0564716779414123,0.174524807917545,FALSE,FALSE
"US",55,2015-07-01,4,0.0653839134460171,0.486088497164058,0.0701849644996883,0.22191371553172,FALSE,FALSE
"US",56,2015-08-01,4,0.0399562511665731,0.481612435820817,0.0452953369382139,0.129560899461772,FALSE,FALSE
"US",57,2015-09-01,4,0.035539731565851,0.45592672000359,0.076636468270823,0.169726672673477,FALSE,FALSE
"US",58,2015-10-01,4,0.0287807625971586,0.426041286828295,0.0352365899411347,0.0902294104598752,FALSE,FALSE
"US",59,2015-11-01,4,0.0292409946049184,0.456988794880437,0.0396365859590846,0.101119960105174,FALSE,FALSE
"US",60,2015-12-01,4,0.032298654326014,0.455838800701445,0.0466341743065993,0.119398693990299,FALSE,FALSE
"US",61,2016-01-01,4,0.0284322398204498,0.446638438556287,0.0320174802043821,0.134832865800544,FALSE,FALSE
"US",62,2016-02-01,4,0.018623123807571,0.39311412872523,0.0197765815099075,0.0890767600983584,FALSE,FALSE
"US",63,2016-03-01,4,0.020607023050343,0.378491556070791,0.029699561258793,0.0870085841068736,FALSE,FALSE
"US",64,2016-04-01,4,0.0261610962405969,0.365593320741731,0.0282798841490217,0.110658037470669,FALSE,FALSE
"US",65,2016-05-01,4,0.0283873366108014,0.372628832895672,0.0310656780618298,0.120298328105177,FALSE,FALSE
"US",66,2016-06-01,4,0.0225522007257253,0.354804298309,0.0377299105278113,0.0987263977598098,FALSE,FALSE
"US",67,2016-07-01,4,0.0169111119452553,0.337233368185269,0.0310805697745133,0.077839088169761,FALSE,FALSE
"US",68,2016-08-01,4,0.0165231756473013,0.366970907096411,0.0155646744805403,0.0706936073544224,TRUE,FALSE
"US",69,2016-09-01,4,0.0171093178151049,0.3682434127253,0.0161202199101145,0.0734758694420786,TRUE,FALSE
"US",70,2016-10-01,4,0.0250360865553525,0.352661245192046,0.0287534687297324,0.111694076586836,FALSE,FALSE
"US",71,2016-11-01,4,0.0327484227185157,0.375139918880943,0.0412608198608147,0.141630222550808,FALSE,FALSE
"US",72,2016-12-01,4,0.0588679202441577,0.467564353056388,0.0300197712341999,0.147673015246032,TRUE,FALSE
"US",73,2017-01-01,4,0.0589714512789056,0.466550093960502,0.0305117442892095,0.156693575442347,TRUE,FALSE
"US",74,2017-02-01,4,0.0589189759639229,0.469809273396857,0.0315014742971096,0.164994366716783,TRUE,FALSE
"US",75,2017-03-01,4,0.0541322580539253,0.451960007189222,0.0288581305008489,0.150315802379961,TRUE,FALSE
"US",76,2017-04-01,4,0.0494911883728789,0.438558101419933,0.0266485654175825,0.135054057101594,TRUE,FALSE
"US",77,2017-05-01,4,0.046212237196696,0.428917349949753,0.0571968187179979,0.18602509880098,FALSE,FALSE
"US",78,2017-06-01,4,0.0355085021326078,0.351805572897148,0.0474554988091224,0.135115555342294,FALSE,FALSE
"US",79,2017-07-01,4,0.0280666564175654,0.34091536089943,0.044599621760482,0.108931978815678,FALSE,FALSE
"US",80,2017-08-01,4,0.027686360815342,0.345137097840822,0.0463925830930386,0.109766215696378,FALSE,FALSE
"US",81,2017-09-01,4,0.0276469622208168,0.346097251043309,0.0166826832977684,0.0705050606306968,TRUE,FALSE
"US",82,2017-10-01,4,0.0295320801237283,0.356145953115342,0.016256181827168,0.0768924180615132,TRUE,FALSE
"US",83,2017-11-01,4,0.0300238278685695,0.36140898472565,0.0164730001501803,0.078126021852342,TRUE,FALSE
"US",84,2017-12-01,4,0.0253162869223564,0.345323450782678,0.0161732839621308,0.0693229560929132,TRUE,FALSE
"US",85,2018-01-01,4,0.0292693439844771,0.3708870924144,0.0170777984569609,0.0804926582231023,TRUE,FALSE
"US",86,2018-02-01,4,0.0363787066402995,0.422720054297934,0.0175712388551892,0.0958470258241818,TRUE,FALSE
"US",87,2018-03-01,4,0.0365362107723457,0.402306332063142,0.0174674877530479,0.103893073386012,TRUE,FALSE
"US",88,2018-04-01,4,0.0390039035207217,0.399578680210379,0.0177907327325538,0.107141499237375,TRUE,FALSE
"US",89,2018-05-01,4,0.0389767712382753,0.389237535377023,0.0173521553213495,0.103083749177651,TRUE,FALSE
"US",90,2018-06-01,4,0.0356231430842615,0.359090251074992,0.0169574829849837,0.10281702349175,TRUE,FALSE
"US",91,2018-07-01,4,0.0367143741795298,0.335798878698574,0.0184362003363402,0.106877640004955,TRUE,FALSE
"US",92,2018-08-01,4,0.0347075228031288,0.355799025946198,0.0196087680724875,0.0989001864207978,TRUE,FALSE
"US",93,2018-09-01,4,0.0329687817097404,0.365326347076921,0.0191453530486739,0.093888884624959,TRUE,FALSE
"US",94,2018-10-01,4,0.0378518375607143,0.337789528370835,0.0174948730022887,0.110207845179514,TRUE,FALSE
"US",95,2018-11-01,4,0.026801288039396,0.375345584950924,0.0134223977350583,0.0734940333061602,TRUE,FALSE
"US",96,2018-12-01,4,0.0231658434557781,0.347737912584328,0.0589237985860167,0.103333206175868,FALSE,FALSE
"US",97,2019-01-01,4,0.0101690642764628,0.230427952233818,0.0216518878583585,0.0460204336649713,FALSE,FALSE
"US",98,2019-02-01,4,0.0162460750275791,0.303361172962605,0.0479105733944706,0.0776848787385796,FALSE,FALSE
"US",99,2019-03-01,4,0.018060899964484,0.326994244764269,0.0525847215138331,0.0874553803610134,FALSE,FALSE
"US",100,2019-04-01,4,0.0159720593463191,0.300161831685282,0.0475307704444081,0.0770929527299972,FALSE,FALSE
"US",101,2019-05-01,4,0.0161234301668358,0.294624532012571,0.0451685303425983,0.0762012651678473,FALSE,FALSE
"US",102,2019-06-01,4,0.0105314152465532,0.232692038118203,0.0258813112062365,0.0501505863142214,FALSE,FALSE
"US",103,2019-07-01,4,0.00892775023246495,0.204906646773364,0.0216273164014268,0.0417884916467145,FALSE,FALSE
"US",104,2019-08-01,4,0.00832494747375323,0.198628393829314,0.0178810043207008,0.0384087787415268,FALSE,FALSE
"US",105,2019-09-01,4,0.00663169693135235,0.192669692621288,0.00925963593806022,0.0295676435118634,FALSE,FALSE
"US",106,2019-10-01,4,0.00515321461765406,0.191243524899379,0.00369776629055084,0.0253333964699561,TRUE,FALSE
"US",107,2019-11-01,4,0.00828554630048395,0.198909085867242,0.0143173458365337,0.0227550145864967,FALSE,FALSE
"US",108,2019-12-01,4,0.00906359777171739,0.208105822870981,0.0142876950265772,0.025100500608184,FALSE,FALSE
"US",109,2020-01-01,4,0.00979651291884198,0.214458565690573,0.0117886871192805,0.0273342882754193,FALSE,FALSE
"US",110,2020-02-01,4,0.0073240249398695,0.186818301163413,0.0165487751938777,0.0207854648190106,FALSE,FALSE
"US",111,2020-03-01,4,0.00462057908446301,0.225647265228857,0.00277025961543547,0.0264531926238669,TRUE,FALSE
"US",112,2020-04-01,4,0.00363332408285466,0.143028622425192,0.00529640178810895,0.0127933131994831,FALSE,FALSE
"US",113,2020-05-01,4,0.00497237234138403,0.168501867983782,0.00583905314452904,0.016832940600613,FALSE,FALSE
"US",114,2020-06-01,4,0.00566819843101285,0.182771578414799,0.00470923327272716,0.024231459115741,TRUE,FALSE
"US",115,2020-07-01,4,0.011565965868445,0.270156922050928,0.0145920029051654,0.0388505522712405,FALSE,FALSE
"US",116,2020-08-01,4,0.0130734715208144,0.246101218496488,0.0212868167856628,0.0610246964455282,FALSE,FALSE
"US",117,2020-09-01,4,0.0170440434672031,0.265291174209052,0.0355063857907567,0.0692659207903447,FALSE,FALSE
"US",118,2020-10-01,4,0.0238821264551751,0.272201746428014,0.0184016761015099,0.0826358988656765,TRUE,FALSE
"US",119,2020-11-01,4,0.0274772391824248,0.285993954448034,0.0239942189925603,0.0906617901552476,TRUE,FALSE
"US",120,2020-12-01,4,0.0318942533980119,0.294690285767561,0.032260060994474,0.0956643290606449,FALSE,FALSE
"US",121,2021-01-01,4,0.0381346366443174,0.297014410254747,0.0501376248744146,0.126988812263862,FALSE,FALSE
"US",122,2021-02-01,4,0.0426626832005903,0.343973495677047,0.0681539235428553,0.128432350087483,FALSE,FALSE
"US",123,2021-03-01,4,0.0214544525983528,0.289115523767638,0.0154991134842427,0.0567276354847828,TRUE,FALSE
"US",124,2021-04-01,4,0.0436214788136611,0.340894698968853,0.0117621266042548,0.0379132901393493,TRUE,FALSE
"US",125,2021-05-01,4,0.0422216340406838,0.309153394233456,0.016553981128709,0.053062341350654,TRUE,FALSE
"US",126,2021-06-01,4,0.0465913321524418,0.32192174429515,0.0521006616566498,0.0432780469735899,FALSE,FALSE
"US",127,2021-07-01,4,0.0409374334771291,0.312329445064147,0.042505029408412,0.0219762041679111,FALSE,FALSE
"US",128,2021-08-01,4,0.0396423500819385,0.308590047630904,0.0376055046948882,0.0217831085392099,TRUE,FALSE
"US",129,2021-09-01,4,0.0312712988636957,0.393130313600105,0.0323034179159712,0.0658163871056726,FALSE,FALSE
"US",130,2021-10-01,4,0.0465808047836996,0.325224556817109,0.0548370842453703,0.0465313867196566,FALSE,FALSE
"US",131,2021-11-01,4,0.0478946815556922,0.296459434936654,0.0792238452479614,0.109817508102714,FALSE,FALSE
"US",132,2021-12-01,4,0.0312890317377329,0.358067754925248,0.0775315867152995,0.118482351312338,FALSE,FALSE
"US",133,2022-01-01,4,0.0356397427877676,0.398920421138819,0.0699703857271576,0.117899867443682,FALSE,FALSE
"US",134,2022-02-01,4,0.0270430437062068,0.352529581458621,0.0454194141331697,0.0673673861275596,FALSE,FALSE
"US",135,2022-03-01,4,0.0455939555484055,0.361267871018012,0.12621869868349,0.107301084702749,FALSE,FALSE
"US",136,2022-04-01,4,0.0485411638103643,0.384817709775233,0.128836569935489,0.138581095102597,FALSE,FALSE
"US",137,2022-05-01,4,0.0355510619659272,0.358506149709439,0.144343051281896,0.119141155589367,FALSE,FALSE
"US",138,2022-06-01,4,0.0450685091158417,0.390345897182042,0.122899826888436,0.116094806852521,FALSE,FALSE
"US",139,2022-07-01,4,0.0277539651853919,0.348594050425175,0.0646482851426558,0.0865882184166818,FALSE,FALSE
"US",140,2022-08-01,4,0.0294097086822125,0.430149386833889,0.0699250928551044,0.0954866911030027,FALSE,FALSE
"US",141,2022-09-01,4,0.0310504860349901,0.43964980056312,0.050673739387235,0.0795326606238933,FALSE,FALSE
"US",142,2022-10-01,4,0.0234810038028591,0.36276958579579,0.0577271283603874,0.0453476224161161,FALSE,FALSE
"US",143,2022-11-01,4,0.0416650456143526,0.489685221369467,0.0635033391983986,0.111423724705299,FALSE,FALSE
"US",144,2022-12-01,4,0.0391263490481687,0.529924213233024,0.0497252180880479,0.0896429174821422,FALSE,FALSE
"US",145,2023-01-01,4,0.0312571830650605,0.421077185897896,0.0501360858739599,0.0729186695808062,FALSE,FALSE
"US",146,2023-02-01,4,0.0381570988515894,0.523985288873214,0.0616683095021785,0.0862821300915508,FALSE,FALSE
"US",147,2023-03-01,4,0.0471513312905312,0.533993107768722,0.0622584924492796,0.122650512735807,FALSE,FALSE
"US",148,2023-04-01,4,0.0426245340842643,0.515700556679533,0.0514224505092476,0.102302480124274,FALSE,FALSE
"US",149,2023-05-01,4,0.0440794243572027,0.53375513352484,0.0544807370783431,0.195429493767852,FALSE,FALSE
"US",150,2023-06-01,4,0.0442604234593088,0.531078950823294,0.0772216134315855,0.201783615446434,FALSE,FALSE
"US",151,2023-07-01,4,0.0401180367953468,0.537165463703009,0.0623350501603523,0.153123268282311,FALSE,FALSE
"US",152,2023-08-01,4,0.0465892133377838,0.539322723751444,0.0643301443308079,0.198716743532999,FALSE,FALSE
"US",153,2023-09-01,4,0.045676902014377,0.548769474818069,0.058271613363993,0.195555099018389,FALSE,FALSE
"US",154,2023-10-01,4,0.0472017332794757,0.5598620149358,0.0595621688791147,0.202723997487122,FALSE,FALSE
"US",155,2023-11-01,4,0.0410574833236007,0.52774557954023,0.042276069070509,0.178405248454775,FALSE,FALSE
"US",156,2023-12-01,4,0.0427207124048035,0.532798684079143,0.0729400240646345,0.186660747080391,FALSE,FALSE
"US",157,2024-01-01,4,0.0435613524561043,0.528418483167006,0.0595954190573417,0.184124094268212,FALSE,FALSE
"US",158,2024-02-01,4,0.0454214189929191,0.516890395975532,0.0582359379992351,0.193519964266749,FALSE,FALSE
"US",159,2024-03-01,4,0.0444764931013574,0.519704044940065,0.0461745005190355,0.190546597072965,FALSE,FALSE
"US",160,2024-04-01,4,0.0476964302103866,0.53356444399645,0.0508357278226327,0.196971040975247,FALSE,FALSE
"US",161,2024-05-01,4,0.0473717539481229,0.529420031986074,0.0509704846794478,0.194005375827498,FALSE,FALSE
"US",162,2024-06-01,4,0.0445955923776007,0.524411581947331,0.0580714900196381,0.203799634678751,FALSE,FALSE
"US",163,2024-07-01,4,0.0428313600045119,0.515735026085811,0.0533293880753165,0.193704573730852,FALSE,FALSE
"US",164,2024-08-01,4,0.0390584272702527,0.510510449119971,0.0466197536485386,0.173014386690417,FALSE,FALSE
"US",165,2024-09-01,4,0.0406098036923054,0.505182966788,0.0499259554366623,0.184564682594486,FALSE,FALSE
"US",166,2024-10-01,4,0.0439353192019258,0.510163487801732,0.053394669095812,0.192860206323669,FALSE,FALSE
"US",1,2011-01-01,5,0.0653168282693682,0.575802611995185,0.00337049130953022,0.194493691993442,TRUE,FALSE
"US",2,2011-02-01,5,0.0681585888090581,0.618055973401229,0.00380220642525875,0.214259808461842,TRUE,FALSE
"US",3,2011-03-01,5,0.0727103219823727,0.578324695486717,0.00339088809536259,0.219655914101116,TRUE,FALSE
"US",4,2011-04-01,5,0.0828906973576827,0.560793403000931,0.00264851311403859,0.212789763875638,TRUE,FALSE
"US",5,2011-05-01,5,0.0754905178932294,0.452461946609799,0.00319450407697424,0.220849524791958,TRUE,FALSE
"US",6,2011-06-01,5,0.0686232356178379,0.535229954738115,0.00293530165416336,0.188413583855504,TRUE,FALSE
"US",7,2011-07-01,5,0.0632397242966927,0.565965618542439,0.0029452668972967,0.194552881596918,TRUE,FALSE
"US",8,2011-08-01,5,0.0628772501897611,0.532679980981299,0.0030159492364642,0.200365233617706,TRUE,FALSE
"US",9,2011-09-01,5,0.0538318208681964,0.541569827804184,0.00248262616932991,0.157270323642193,TRUE,FALSE
"US",10,2011-10-01,5,0.0367652976567268,0.469814705057622,0.00211586384295819,0.122182786726002,TRUE,FALSE
"US",11,2011-11-01,5,0.0427187684415177,0.501515173202024,0.00245735396309709,0.139273175173358,TRUE,FALSE
"US",12,2011-12-01,5,0.0402562074961416,0.523520592016708,0.00259435850784396,0.170140873494765,TRUE,FALSE
"US",13,2012-01-01,5,0.0270973075800147,0.516900730272333,0.00252050683044366,0.142541575536355,TRUE,FALSE
"US",14,2012-02-01,5,0.0501793943522566,0.500080667237435,0.00288424875085002,0.1680228354443,TRUE,FALSE
"US",15,2012-03-01,5,0.0489411471203276,0.507237826208337,0.0030401984690808,0.181333229799756,TRUE,FALSE
"US",16,2012-04-01,5,0.0480593346082294,0.495139119057074,0.00306142886645268,0.177670157416384,TRUE,FALSE
"US",17,2012-05-01,5,0.0457400485088284,0.487569851283138,0.00323252726853197,0.176891494210244,TRUE,FALSE
"US",18,2012-06-01,5,0.034556027314151,0.501428903320897,0.00295634189510344,0.149287258568556,TRUE,FALSE
"US",19,2012-07-01,5,0.031396748732966,0.505015928761858,0.00303665613113021,0.140754666017097,TRUE,FALSE
"US",20,2012-08-01,5,0.0331854298317297,0.498023833679282,0.00323781345769845,0.148881578228225,TRUE,FALSE
"US",21,2012-09-01,5,0.0326300036987139,0.467450127276417,0.0034426174270498,0.137814391707145,TRUE,FALSE
"US",22,2012-10-01,5,0.0381861194982539,0.471012360051727,0.00336130554512911,0.168953414378271,TRUE,FALSE
"US",23,2012-11-01,5,0.0444167986532301,0.48822786773839,0.00367541091098965,0.190403432316718,TRUE,FALSE
"US",24,2012-12-01,5,0.0470537249012982,0.454590464589283,0.00366730847664987,0.195959992849876,TRUE,FALSE
"US",25,2013-01-01,5,0.0484268957486771,0.451141432226181,0.00364597586038084,0.196625571753565,TRUE,FALSE
"US",26,2013-02-01,5,0.0509713093938212,0.408570650450556,0.00375842851375607,0.203832338655322,TRUE,FALSE
"US",27,2013-03-01,5,0.0497173406033677,0.413608316012104,0.00355280468725522,0.194387751754351,TRUE,FALSE
"US",28,2013-04-01,5,0.0455257393990448,0.403420196440863,0.00366986375977467,0.184640456829727,TRUE,FALSE
"US",29,2013-05-01,5,0.0412341520563798,0.448684370828515,0.00273734018903039,0.167841894960282,TRUE,FALSE
"US",30,2013-06-01,5,0.039814138863619,0.430381017883392,0.00266253325541164,0.164681892010062,TRUE,FALSE
"US",31,2013-07-01,5,0.045238347519463,0.440699230759351,0.00246463995564141,0.158558484718348,TRUE,FALSE
"US",32,2013-08-01,5,0.0492763077019231,0.420986012741802,0.00288225296303648,0.175738202434169,TRUE,FALSE
"US",33,2013-09-01,5,0.0318100123816234,0.384962751028554,0.0024263486254835,0.142431585193162,TRUE,FALSE
"US",34,2013-10-01,5,0.0331629954032916,0.411749874167808,0.0036367411843301,0.122738973323672,TRUE,FALSE
"US",35,2013-11-01,5,0.0268672526269507,0.40048855002293,0.00249229614632649,0.136615631236462,TRUE,FALSE
"US",36,2013-12-01,5,0.0274356550051231,0.409941284124104,0.00247757873990082,0.138755310943036,TRUE,FALSE
"US",37,2014-01-01,5,0.0295325834246651,0.400207416359953,0.00285822646936246,0.142647072876135,TRUE,FALSE
"US",38,2014-02-01,5,0.026725856097502,0.399470884383785,0.00264917241801116,0.137731673206752,TRUE,FALSE
"US",39,2014-03-01,5,0.0242530561259079,0.381377763791904,0.0026206741096394,0.129267810950005,TRUE,FALSE
"US",40,2014-04-01,5,0.0222122087385249,0.390395337707426,0.00242517751844547,0.118925335281918,TRUE,FALSE
"US",41,2014-05-01,5,0.0172286416098445,0.354751248133192,0.0012645169993695,0.100698045980498,TRUE,FALSE
"US",42,2014-06-01,5,0.0205048911663709,0.336320696925871,0.00128046056304297,0.105599270366926,TRUE,FALSE
"US",43,2014-07-01,5,0.0203473473166044,0.261535371014629,0.00293051765475175,0.102549940524831,TRUE,FALSE
"US",44,2014-08-01,5,0.0181016778013785,0.243089085029998,0.00284044500679386,0.094263216157049,TRUE,FALSE
"US",45,2014-09-01,5,0.0137360383280927,0.252540974901172,0.0024595078087714,0.0797933467661192,TRUE,FALSE
"US",46,2014-10-01,5,0.00934239523012215,0.268796850359045,0.00167967757170006,0.0796859422830789,TRUE,FALSE
"US",47,2014-11-01,5,0.0106448205051399,0.269768779130182,0.00148638961262285,0.0790311601014417,TRUE,FALSE
"US",48,2014-12-01,5,0.0117088799125276,0.278385671014769,0.00159136242984773,0.0468525445386442,TRUE,FALSE
"US",49,2015-01-01,5,0.0115799273964087,0.26616163926392,0.00280337848478869,0.0591829777044307,TRUE,FALSE
"US",50,2015-02-01,5,0.00658930379426736,0.230812422552011,0.00268107644744353,0.0547518083431582,TRUE,FALSE
"US",51,2015-03-01,5,0.00779484672572195,0.261633407678273,0.0036217611581612,0.0612693115619494,TRUE,FALSE
"US",52,2015-04-01,5,0.012016592149152,0.295853001100404,0.00379617924973572,0.0732186287789102,TRUE,FALSE
"US",53,2015-05-01,5,0.0116553656196993,0.313012417736227,0.00435190855713146,0.0716335835727304,TRUE,FALSE
"US",54,2015-06-01,5,0.0103314049904011,0.326354541999196,0.00169217333314398,0.0491405953552537,TRUE,FALSE
"US",55,2015-07-01,5,0.0112262813168773,0.335766627472424,0.00214432464324412,0.0583628435968196,TRUE,FALSE
"US",56,2015-08-01,5,0.00638294049022892,0.299504583765857,0.0013045999973721,0.0357318474444929,TRUE,FALSE
"US",57,2015-09-01,5,0.005919901454979,0.280292681543104,0.00243168440561491,0.0534887536601934,TRUE,FALSE
"US",58,2015-10-01,5,0.0045805241167568,0.264256659259864,0.000981305227530571,0.0304871983293651,TRUE,FALSE
"US",59,2015-11-01,5,0.00396207324200959,0.271461969973235,0.0011242889697793,0.028312079785473,TRUE,FALSE
"US",60,2015-12-01,5,0.00410442936748034,0.288695534251132,0.00135557861522748,0.0292548171528048,TRUE,FALSE
"US",61,2016-01-01,5,0.003579581847027,0.275878690740649,0.000818433909912886,0.0554750323067482,TRUE,FALSE
"US",62,2016-02-01,5,0.00180500746611278,0.22306717643782,0.000439775699233734,0.0328309278978271,TRUE,FALSE
"US",63,2016-03-01,5,0.00227689705083822,0.21417785368387,0.000795644728583622,0.0191427005139088,TRUE,FALSE
"US",64,2016-04-01,5,0.00281795081744796,0.245964694643785,0.000682586149415574,0.0411759066834747,TRUE,FALSE
"US",65,2016-05-01,5,0.00239301904121836,0.249012754693797,0.000768489055177049,0.0446079530759076,TRUE,FALSE
"US",66,2016-06-01,5,0.00190045978542441,0.229600224016573,0.00105460550550686,0.0197037713052295,TRUE,FALSE
"US",67,2016-07-01,5,0.00140106362978376,0.199695976630619,0.000839690812506226,0.0169973799804523,TRUE,FALSE
"US",68,2016-08-01,5,0.00139538186558985,0.193326410165418,0.000303279375423226,0.0236597815187414,TRUE,FALSE
"US",69,2016-09-01,5,0.00155477560932182,0.194287044377668,0.000318925104235853,0.025143484479351,TRUE,FALSE
"US",70,2016-10-01,5,0.00213102565882484,0.235205888487553,0.000692395828491807,0.0411613730761132,TRUE,FALSE
"US",71,2016-11-01,5,0.00275919662360458,0.231471696817079,0.00110533129225842,0.0529208284455868,TRUE,FALSE
"US",72,2016-12-01,5,0.00470329263389824,0.263765134162028,0.000582181058869558,0.058575068247102,TRUE,FALSE
"US",73,2017-01-01,5,0.00472585425562988,0.239915381493356,0.000628331411662839,0.0579170246596161,TRUE,FALSE
"US",74,2017-02-01,5,0.00470640738720762,0.22702603167461,0.000665959731647162,0.0571142832661815,TRUE,FALSE
"US",75,2017-03-01,5,0.00438163353436183,0.234455991564913,0.000578293611974743,0.0547749793013855,TRUE,FALSE
"US",76,2017-04-01,5,0.00393142963037107,0.246879440654747,0.000498269411792048,0.0514211424456647,TRUE,FALSE
"US",77,2017-05-01,5,0.00368487762750958,0.245237825875497,0.00165327299014081,0.064101207072882,TRUE,FALSE
"US",78,2017-06-01,5,0.00291063026808991,0.189449336374115,0.00132528976605729,0.0496245593018629,TRUE,FALSE
"US",79,2017-07-01,5,0.00168026483984574,0.180420339035891,0.001229435514805,0.029939359843601,TRUE,FALSE
"US",80,2017-08-01,5,0.00172379299786984,0.179336016268824,0.0012900217586063,0.0290970022572589,TRUE,FALSE
"US",81,2017-09-01,5,0.00174523730645249,0.180274285500923,0.000195797905353683,0.028689037311303,TRUE,FALSE
"US",82,2017-10-01,5,0.00194256088288669,0.172830017417488,0.000201568463481671,0.0255882907482309,TRUE,FALSE
"US",83,2017-11-01,5,0.00200662416938424,0.177330676560283,0.00020829025592797,0.0259898857386483,TRUE,FALSE
"US",84,2017-12-01,5,0.00148206415799035,0.160739327429418,0.000180057502056635,0.0226009228682857,TRUE,FALSE
"US",85,2018-01-01,5,0.00174098251929455,0.164974586931552,0.000249549129979122,0.0238994119329282,TRUE,FALSE
"US",86,2018-02-01,5,0.00185975734478883,0.153432317149539,0.00029300405856754,0.0251070159017363,TRUE,FALSE
"US",87,2018-03-01,5,0.00188239812817148,0.133468001938709,0.00028604437310688,0.0221985729794055,TRUE,FALSE
"US",88,2018-04-01,5,0.00179403837357961,0.127247449447519,0.000293077185508067,0.0240276745875172,TRUE,FALSE
"US",89,2018-05-01,5,0.00201775415994587,0.119133925658662,0.000281048054757116,0.022763330827232,TRUE,FALSE
"US",90,2018-06-01,5,0.00156724545164499,0.10888841861434,0.00026974194306029,0.0208894753876708,TRUE,FALSE
"US",91,2018-07-01,5,0.00172648778603401,0.103783429534007,0.000300902275769311,0.017968472562368,TRUE,FALSE
"US",92,2018-08-01,5,0.00165552304456862,0.107721456898159,0.000316031868205434,0.0186950260945744,TRUE,FALSE
"US",93,2018-09-01,5,0.00162158087167286,0.108935966951996,0.000300514031552203,0.0186045543069062,TRUE,FALSE
"US",94,2018-10-01,5,0.0017911323238754,0.104906917274424,0.000276047962346514,0.0176709403436547,TRUE,FALSE
"US",95,2018-11-01,5,0.00135502453487568,0.119929554341247,0.000185306404633361,0.0193146104466618,TRUE,FALSE
"US",96,2018-12-01,5,0.00113910999466593,0.134626706216729,0.00171566228244504,0.0225521120583435,FALSE,FALSE
"US",97,2019-01-01,5,0.000336645041189132,0.115849669767631,0.000504439122808248,0.0113454921399576,FALSE,FALSE
"US",98,2019-02-01,5,0.000596885700150485,0.1187689672031,0.00134375746275202,0.0173988762941732,FALSE,FALSE
"US",99,2019-03-01,5,0.000614790033704571,0.124633198929956,0.00149992056684536,0.0186871314894352,FALSE,FALSE
"US",100,2019-04-01,5,0.000574216199925037,0.118395909234884,0.00133119421739422,0.0173146304713377,FALSE,FALSE
"US",101,2019-05-01,5,0.000529999963021943,0.118793423767809,0.00125256906346488,0.0175086621354683,FALSE,FALSE
"US",102,2019-06-01,5,0.000340723635729123,0.109771176640404,0.000634061214413485,0.0124940863982953,FALSE,FALSE
"US",103,2019-07-01,5,0.000338817605887942,0.0984739256305281,0.000504887597273587,0.0107677429316788,FALSE,FALSE
"US",104,2019-08-01,5,0.000326516464918658,0.100659271080208,0.000395508296467933,0.0097991282756693,FALSE,FALSE
"US",105,2019-09-01,5,0.000293100957891812,0.116736313295115,0.000155250632747743,0.0063404190205933,TRUE,FALSE
"US",106,2019-10-01,5,0.000185994439746207,0.0982939276474242,2.14300562365942e-05,0.00458230169885223,TRUE,FALSE
"US",107,2019-11-01,5,0.000236180840467615,0.0978071208161286,0.000169639461854452,0.00934729333640102,TRUE,FALSE
"US",108,2019-12-01,5,0.0002619542039215,0.0992312842976298,0.00016615259493138,0.0103485799331724,TRUE,FALSE
"US",109,2020-01-01,5,0.000271189972299357,0.0949147347232996,0.00010900934880984,0.0109536091953678,TRUE,FALSE
"US",110,2020-02-01,5,0.000234671470553671,0.105998923896478,0.000237160132892422,0.0088937818447086,FALSE,FALSE
"US",111,2020-03-01,5,0.000202770220757542,0.089526154667073,1.22431811138866e-05,0.00399360735427585,TRUE,FALSE
"US",112,2020-04-01,5,0.000717777408469678,0.0637650090117594,3.70153198626047e-05,0.00422100509666631,TRUE,FALSE
"US",113,2020-05-01,5,0.00133484116835392,0.104403366233769,4.41384252564845e-05,0.00522517605703981,TRUE,FALSE
"US",114,2020-06-01,5,0.0014668296276027,0.102569240266587,4.74404147324635e-05,0.00547544830498247,TRUE,FALSE
"US",115,2020-07-01,5,0.00359263633774121,0.128721535389592,0.000333259197550606,0.00698281412792176,TRUE,FALSE
"US",116,2020-08-01,5,0.00408215661347389,0.152478777445207,0.000482124542550059,0.0224199794859238,TRUE,FALSE
"US",117,2020-09-01,5,0.00491410207542242,0.166941704982592,0.000930479994405564,0.0211166922615897,TRUE,FALSE
"US",118,2020-10-01,5,0.00792790473364369,0.170204573598231,0.000390641450393199,0.0368706988985731,TRUE,FALSE
"US",119,2020-11-01,5,0.00878671812971477,0.190453756728089,0.000554091360018709,0.0423872951166669,TRUE,FALSE
"US",120,2020-12-01,5,0.0101008116642657,0.193358851027765,0.000821892640591818,0.0347374647847464,TRUE,FALSE
"US",121,2021-01-01,5,0.0114170543373041,0.1654476296518,0.00141809975453537,0.0460652629224284,TRUE,FALSE
"US",122,2021-02-01,5,0.01246987563533,0.172892137824599,0.00203224814329727,0.0453807226096209,TRUE,FALSE
"US",123,2021-03-01,5,0.00589679327705483,0.185725730061405,0.000183013518332996,0.0244258161207434,TRUE,FALSE
"US",124,2021-04-01,5,0.0135567631056193,0.142988907661151,6.70168206728108e-05,0.0220657001443802,TRUE,FALSE
"US",125,2021-05-01,5,0.0143800909277761,0.133969325354962,0.000136695008794129,0.0246748710882524,TRUE,FALSE
"US",126,2021-06-01,5,0.0145311647069043,0.138548904082564,0.00130650400032314,0.000620972665462307,TRUE,FALSE
"US",127,2021-07-01,5,0.0135861530816783,0.134025705317261,0.000971501931377446,0.000350001632929676,TRUE,FALSE
"US",128,2021-08-01,5,0.0135316682695421,0.132882786960235,0.000714288957466046,0.000374428952563094,TRUE,FALSE
"US",129,2021-09-01,5,0.010689324332013,0.173803377431175,0.000563679561779939,0.00316590485772641,TRUE,FALSE
"US",130,2021-10-01,5,0.0148915737386669,0.141228612134348,0.00143097079682949,0.000761959305750869,TRUE,FALSE
"US",131,2021-11-01,5,0.0160834213116442,0.173012631442169,0.00207570073972831,0.00421208599818748,TRUE,FALSE
"US",132,2021-12-01,5,0.00847024540106411,0.163037967381054,0.00217109432095817,0.00309102831519136,TRUE,FALSE
"US",133,2022-01-01,5,0.016889476714781,0.193913005329905,0.0019307385264607,0.00970615673997651,TRUE,FALSE
"US",134,2022-02-01,5,0.0138809959043157,0.161830667453141,0.00106948968658246,0.00526690177436387,TRUE,FALSE
"US",135,2022-03-01,5,0.0211531600443245,0.256379880595062,0.00401390283212342,0.0195794599503425,TRUE,FALSE
"US",136,2022-04-01,5,0.0168172871619571,0.261072984262808,0.00408339365238781,0.0230581318089433,TRUE,FALSE
"US",137,2022-05-01,5,0.0151026224642294,0.245007750414427,0.00465831554996625,0.0171079486206059,TRUE,FALSE
"US",138,2022-06-01,5,0.0217856789349306,0.236842496038127,0.00383273239112746,0.0188247675573164,TRUE,FALSE
"US",139,2022-07-01,5,0.013330440175779,0.158708105109615,0.00181166658976714,0.00505947601056425,TRUE,FALSE
"US",140,2022-08-01,5,0.0141553148725273,0.199336440517643,0.00199866421167561,0.0118532597654706,TRUE,FALSE
"US",141,2022-09-01,5,0.0160469765258658,0.206643517863429,0.00130606372878008,0.0119391283871272,TRUE,FALSE
"US",142,2022-10-01,5,0.0116263525014205,0.155043864291661,0.00162952794089733,0.00305835945520397,TRUE,FALSE
"US",143,2022-11-01,5,0.0192554173793736,0.245108017581342,0.00185981185236977,0.0133647058947611,TRUE,FALSE
"US",144,2022-12-01,5,0.0198101843570911,0.347813365149431,0.00138553407663903,0.0263593116803789,TRUE,FALSE
"US",145,2023-01-01,5,0.0166468475640756,0.272092515228288,0.00151630971695874,0.00876173057282012,TRUE,FALSE
"US",146,2023-02-01,5,0.0204114029740573,0.358218637840222,0.00197090358039427,0.0240909449207736,TRUE,FALSE
"US",147,2023-03-01,5,0.0241920634396419,0.362393701932844,0.00226011418167002,0.0769915694372043,TRUE,FALSE
"US",148,2023-04-01,5,0.0225618269230466,0.372099138883761,0.0018929094847906,0.0695392997975748,TRUE,FALSE
"US",149,2023-05-01,5,0.0228899785306873,0.392975483855411,0.00180284640905935,0.0827423482143517,TRUE,FALSE
"US",150,2023-06-01,5,0.0232092556664297,0.393413101086323,0.00277548015063558,0.106937230844279,TRUE,FALSE
"US",151,2023-07-01,5,0.021221400313435,0.387719482496684,0.00214240402894298,0.0676055328674893,TRUE,FALSE
"US",152,2023-08-01,5,0.02440223998219,0.376544327468277,0.00216364184307059,0.0949945967515248,TRUE,FALSE
"US",153,2023-09-01,5,0.0239141679675078,0.382300983078407,0.00187830232986191,0.0895999699094229,TRUE,FALSE
"US",154,2023-10-01,5,0.0246074971328308,0.387312963546172,0.00191687959122222,0.0937788007040792,TRUE,FALSE
"US",155,2023-11-01,5,0.0219175197868795,0.375385419367001,0.0012742143582019,0.0745437811302977,TRUE,FALSE
"US",156,2023-12-01,5,0.022814887250701,0.376532245413557,0.00273012803524526,0.0726568431592412,TRUE,FALSE
"US",157,2024-01-01,5,0.0231409032785298,0.388740753349527,0.00205203767046749,0.0814415496481366,TRUE,FALSE
"US",158,2024-02-01,5,0.023518052044682,0.381401940718463,0.00198914476696437,0.0909342854043549,TRUE,FALSE
"US",159,2024-03-01,5,0.0235715743483657,0.378565592587723,0.00141222950334848,0.0789695824762911,TRUE,FALSE
"US",160,2024-04-01,5,0.0249597041489239,0.375764130059205,0.00156086516428087,0.0926817498062153,TRUE,FALSE
"US",161,2024-05-01,5,0.024868293302271,0.375354791170034,0.00157721314273306,0.093164149005954,TRUE,FALSE
"US",162,2024-06-01,5,0.0234477506659773,0.382600795209868,0.00184315513262711,0.106770870856985,TRUE,FALSE
"US",163,2024-07-01,5,0.0228016079437201,0.368174229798366,0.00168249482894757,0.0994283032504607,TRUE,FALSE
"US",164,2024-08-01,5,0.0210194283814739,0.336328646265437,0.00145694251131957,0.0855918032638843,TRUE,FALSE
"US",165,2024-09-01,5,0.0218051175226248,0.346498170495091,0.00157149049643041,0.0919763051811703,TRUE,FALSE
"US",166,2024-10-01,5,0.0234402884764883,0.375509987330868,0.00166120779790221,0.102082575352331,TRUE,FALSE
"EZ",1,2011-01-01,4,0.0806933761192995,0.593524101567122,0.157685674196225,0.227310682081124,FALSE,FALSE
"EZ",2,2011-02-01,4,0.103758524944353,0.598972227877094,0.163047224884006,0.262122226872463,FALSE,FALSE
"EZ",3,2011-03-01,4,0.0878433753072327,0.572602116129595,0.177798661399285,0.247287655676079,FALSE,FALSE
"EZ",4,2011-04-01,4,0.0917615628143966,0.557050241150942,0.167427007041358,0.25612071954221,FALSE,FALSE
"EZ",5,2011-05-01,4,0.0850987738485052,0.546608077973328,0.13717311228057,0.242252149918028,FALSE,FALSE
"EZ",6,2011-06-01,4,0.0819013909107149,0.587165574756376,0.124227765163441,0.230522213524053,FALSE,FALSE
"EZ",7,2011-07-01,4,0.0867778618467687,0.567783167625285,0.119171602432846,0.235174251439422,FALSE,FALSE
"EZ",8,2011-08-01,4,0.0748451896728323,0.563450403669987,0.11449025574369,0.212587485323424,FALSE,FALSE
"EZ",9,2011-09-01,4,0.0615012484307217,0.535892598094166,0.107294133032501,0.187510463016969,FALSE,FALSE
"EZ",10,2011-10-01,4,0.0454062819969192,0.476116623311572,0.0832350688322072,0.150989518411348,FALSE,FALSE
"EZ",11,2011-11-01,4,0.0525094652451809,0.532771885913624,0.104853212872081,0.187092954657366,FALSE,FALSE
"EZ",12,2011-12-01,4,0.0638916974475287,0.578980034398518,0.14168493027418,0.228056316673651,FALSE,FALSE
"EZ",13,2012-01-01,4,0.0572257599672226,0.572246626464187,0.137144490293743,0.212552031020627,FALSE,FALSE
"EZ",14,2012-02-01,4,0.0867288498530461,0.615285466892409,0.151043714068768,0.258909437641553,FALSE,FALSE
"EZ",15,2012-03-01,4,0.0565649724335556,0.56283813526362,0.134520884404917,0.210273869655603,FALSE,FALSE
"EZ",16,2012-04-01,4,0.072876905247307,0.551060892568114,0.131483700551164,0.223761449815257,FALSE,FALSE
"EZ",17,2012-05-01,4,0.0753378579451376,0.569229898372674,0.141555998631735,0.228383684108899,FALSE,FALSE
"EZ",18,2012-06-01,4,0.0647716787085832,0.50419878867412,0.152200555539926,0.175821231357506,FALSE,FALSE
"EZ",19,2012-07-01,4,0.0849768790951325,0.53870632862451,0.168633603488925,0.20204768954992,FALSE,FALSE
"EZ",20,2012-08-01,4,0.0599287277621227,0.547545243552265,0.152737353080292,0.193550496865906,FALSE,FALSE
"EZ",21,2012-09-01,4,0.0810390742005068,0.563777474208556,0.170646262812129,0.235155653665911,FALSE,FALSE
"EZ",22,2012-10-01,4,0.0964171595326416,0.581228547718272,0.165938200231921,0.252101255740957,FALSE,FALSE
"EZ",23,2012-11-01,4,0.079244025278065,0.540838784832352,0.142152268078638,0.226583527513349,FALSE,FALSE
"EZ",24,2012-12-01,4,0.0753203135687756,0.531443645091623,0.147763693392161,0.213936044923911,FALSE,FALSE
"EZ",25,2013-01-01,4,0.0791367981450813,0.536581055474648,0.179321136943404,0.264481917623645,FALSE,FALSE
"EZ",26,2013-02-01,4,0.0851699674449233,0.53561918628,0.167662349816662,0.255182786976389,FALSE,FALSE
"EZ",27,2013-03-01,4,0.080492716216301,0.538121812932229,0.16283253687385,0.258747332054798,FALSE,FALSE
"EZ",28,2013-04-01,4,0.0815730057839017,0.535210642256585,0.151566231885637,0.264718950623135,FALSE,FALSE
"EZ",29,2013-05-01,4,0.076850469738498,0.538530279242835,0.150429574930522,0.250986464013369,FALSE,FALSE
"EZ",30,2013-06-01,4,0.0726017071417648,0.523770878757628,0.124138926328444,0.245424188178361,FALSE,FALSE
"EZ",31,2013-07-01,4,0.0543427006657983,0.479411880722741,0.101908051883029,0.204405883091578,FALSE,FALSE
"EZ",32,2013-08-01,4,0.0570051091267862,0.481312933747507,0.109336326124136,0.210203356426999,FALSE,FALSE
"EZ",33,2013-09-01,4,0.0658681724429899,0.481902862457909,0.116110833075451,0.219279460906692,FALSE,FALSE
"EZ",34,2013-10-01,4,0.0517160353812448,0.448599946485049,0.122617849182258,0.194718967796001,FALSE,FALSE
"EZ",35,2013-11-01,4,0.0491654278838376,0.436748658844199,0.114287597586028,0.203488693497325,FALSE,FALSE
"EZ",36,2013-12-01,4,0.0431024375390858,0.430183665546115,0.102077589458253,0.20530646371264,FALSE,FALSE
"EZ",37,2014-01-01,4,0.0452599196633879,0.435338692044382,0.104017389429008,0.226491508888968,FALSE,FALSE
"EZ",38,2014-02-01,4,0.0429495023765232,0.416262434031184,0.0945765366390115,0.159333206406925,FALSE,FALSE
"EZ",39,2014-03-01,4,0.0431925790439768,0.425051058301605,0.0992865350470702,0.209656416862592,FALSE,FALSE
"EZ",40,2014-04-01,4,0.0438997947269006,0.430824708100691,0.107018312341319,0.209327498837294,FALSE,FALSE
"EZ",41,2014-05-01,4,0.0458618955287473,0.411123956721856,0.099093912675813,0.167841381767533,FALSE,FALSE
"EZ",42,2014-06-01,4,0.0504318856796668,0.399455840784804,0.0889763773922924,0.174328568865283,FALSE,FALSE
"EZ",43,2014-07-01,4,0.0604172729618896,0.391974355331529,0.0854105831528904,0.173578719097873,FALSE,FALSE
"EZ",44,2014-08-01,4,0.0646332168439967,0.382031119949297,0.0838975779215766,0.141310345843079,FALSE,FALSE
"EZ",45,2014-09-01,4,0.0509466059913642,0.363761785406876,0.0634403783623982,0.113682225520957,FALSE,FALSE
"EZ",46,2014-10-01,4,0.0313142526339542,0.31416081331781,0.0506010099894236,0.0866393749875531,FALSE,FALSE
"EZ",47,2014-11-01,4,0.0228857798666442,0.277413359774978,0.0415534014749402,0.049783487380579,FALSE,FALSE
"EZ",48,2014-12-01,4,0.0185784005201423,0.263336312264651,0.0586851126956639,0.0428769338458315,FALSE,FALSE
"EZ",49,2015-01-01,4,0.0160165857962168,0.304216384820143,0.0546149337537383,0.0265082036544564,FALSE,FALSE
"EZ",50,2015-02-01,4,0.012204322825467,0.289413094824795,0.0456410921420574,0.0345153144103477,FALSE,FALSE
"EZ",51,2015-03-01,4,0.0127269963173264,0.248553998637566,0.0463356761071182,0.0418365768187028,FALSE,FALSE
"EZ",52,2015-04-01,4,0.0135499978722792,0.246212039244528,0.0377737722666284,0.0680557843758817,FALSE,FALSE
"EZ",53,2015-05-01,4,0.0232073016205839,0.321336107399807,0.0610948120764388,0.0969988338794655,FALSE,FALSE
"EZ",54,2015-06-01,4,0.0231567916689245,0.317149223524748,0.0583483773475998,0.0895784040322259,FALSE,FALSE
"EZ",55,2015-07-01,4,0.0227875471783879,0.327422149386268,0.0672918024720897,0.102801682156516,FALSE,FALSE
"EZ",56,2015-08-01,4,0.0156427301796686,0.314901047701259,0.0509769707647986,0.0736009065620871,FALSE,FALSE
"EZ",57,2015-09-01,4,0.0161603285496184,0.318705459964759,0.0465769683322034,0.0654764422087428,FALSE,FALSE
"EZ",58,2015-10-01,4,0.0123898578968002,0.273864136056993,0.0297817727611064,0.0576719817871662,FALSE,FALSE
"EZ",59,2015-11-01,4,0.0205793525443904,0.270650073399626,0.0406719458871195,0.0756069201181442,FALSE,FALSE
"EZ",60,2015-12-01,4,0.022220267140782,0.285321994577782,0.0459198250423025,0.0812493721282167,FALSE,FALSE
"EZ",61,2016-01-01,4,0.0224204331768578,0.285373068512174,0.0366258675448855,0.0649682686488483,FALSE,FALSE
"EZ",62,2016-02-01,4,0.020168710899096,0.242026680666761,0.0363382202604074,0.0403976948520751,FALSE,FALSE
"EZ",63,2016-03-01,4,0.0154596558563596,0.230707757930353,0.0351494008143612,0.0388573959223762,FALSE,FALSE
"EZ",64,2016-04-01,4,0.0102531345611364,0.21259934059505,0.0259924936731143,0.0356249397900568,FALSE,FALSE
"EZ",65,2016-05-01,4,0.00860486363442736,0.178692995960701,0.0244553432788422,0.0409259114301029,FALSE,FALSE
"EZ",66,2016-06-01,4,0.00823907315158212,0.18436086075561,0.0212043776065694,0.0391473785077154,FALSE,FALSE
"EZ",67,2016-07-01,4,0.0072002280639516,0.162443854097737,0.0111896141389162,0.048725318474129,FALSE,FALSE
"EZ",68,2016-08-01,4,0.0059452989454104,0.166415320850304,0.00934875160363664,0.0448175464283391,FALSE,FALSE
"EZ",69,2016-09-01,4,0.00602429079876499,0.147636747010266,0.00871291643713782,0.0475677810605962,FALSE,FALSE
"EZ",70,2016-10-01,4,0.0135694437555445,0.12372754689763,0.00798569037424413,0.0522256339931962,TRUE,FALSE
"EZ",71,2016-11-01,4,0.00623647519345627,0.139741870015785,0.00978413482527701,0.0494856383011182,FALSE,FALSE
"EZ",72,2016-12-01,4,0.0126168658172302,0.164415667803188,0.0185057009767515,0.0610242321017447,FALSE,FALSE
"EZ",73,2017-01-01,4,0.0122986486823489,0.197122323027799,0.0259692904965376,0.0704229515433404,FALSE,FALSE
"EZ",74,2017-02-01,4,0.0129391673307483,0.225516494527204,0.0279152392174204,0.0711162097615175,FALSE,FALSE
"EZ",75,2017-03-01,4,0.0105390376792198,0.191394859256556,0.0246660547959286,0.0671300207770175,FALSE,FALSE
"EZ",76,2017-04-01,4,0.00882127730658622,0.170228937096159,0.0256124976463103,0.0651169441590852,FALSE,FALSE
"EZ",77,2017-05-01,4,0.00742093268022681,0.165107045761651,0.0219750609571,0.0626864486012056,FALSE,FALSE
"EZ",78,2017-06-01,4,0.00735817104320879,0.164451245626894,0.0203183959310979,0.0613668003465078,FALSE,FALSE
"EZ",79,2017-07-01,4,0.00705587125413576,0.160290424966712,0.019002157932038,0.0611847371421844,FALSE,FALSE
"EZ",80,2017-08-01,4,0.00689081224269195,0.166146391319628,0.01496444653247,0.054161110075913,FALSE,FALSE
"EZ",81,2017-09-01,4,0.00683147016141583,0.161665077033141,0.0145282588743336,0.0548758708715485,FALSE,FALSE
"EZ",82,2017-10-01,4,0.00688349044376146,0.167525523120274,0.0148267142347487,0.0546962365794151,FALSE,FALSE
"EZ",83,2017-11-01,4,0.0074203580330312,0.172346457546442,0.0154751983579212,0.0548549964776591,FALSE,FALSE
"EZ",84,2017-12-01,4,0.0078833687657226,0.184533415686554,0.0165817064356023,0.0539226370911153,FALSE,FALSE
"EZ",85,2018-01-01,4,0.00879802807114871,0.217147319594539,0.0187442407244805,0.0492512162120467,FALSE,FALSE
"EZ",86,2018-02-01,4,0.00868071773288814,0.211012090678251,0.0181849061875376,0.0503930548699097,FALSE,FALSE
"EZ",87,2018-03-01,4,0.00624236499029152,0.193497442131015,0.0132108161602373,0.0180477616672908,FALSE,FALSE
"EZ",88,2018-04-01,4,0.006927937333017,0.179120981524787,0.0109408658170926,0.0207012178562486,FALSE,FALSE
"EZ",89,2018-05-01,4,0.00717861982394574,0.196429308093235,0.0121453359808785,0.0139285663331414,FALSE,FALSE
"EZ",90,2018-06-01,4,0.00900449513769064,0.19905507641004,0.0277892050087813,0.0496877565689374,FALSE,FALSE
"EZ",91,2018-07-01,4,0.0093548996030759,0.194272822660254,0.0197820598801897,0.0276045146430716,FALSE,FALSE
"EZ",92,2018-08-01,4,0.0084165988411693,0.200071747238078,0.0173679962025836,0.0243270102297711,FALSE,FALSE
"EZ",93,2018-09-01,4,0.00816216514194412,0.199766897125467,0.0175316754869841,0.0260428413818706,FALSE,FALSE
"EZ",94,2018-10-01,4,0.00805555868758223,0.193535811873689,0.017714543480312,0.0254818129827179,FALSE,FALSE
"EZ",95,2018-11-01,4,0.00823380085129755,0.187695767042739,0.0243864560329426,0.0464904934965705,FALSE,FALSE
"EZ",96,2018-12-01,4,0.00639939867401651,0.159618305289364,0.0215335425267046,0.0490852240988628,FALSE,FALSE
"EZ",97,2019-01-01,4,0.00536216096795317,0.13530196672862,0.0267286704115239,0.0543680785957957,FALSE,FALSE
"EZ",98,2019-02-01,4,0.0054737920910285,0.133729532702124,0.0214010758524635,0.0530257758195526,FALSE,FALSE
"EZ",99,2019-03-01,4,0.00517066607697236,0.135306005311263,0.0212585756011974,0.052037088960544,FALSE,FALSE
"EZ",100,2019-04-01,4,0.00546587116221797,0.146917081992357,0.0330228683851604,0.0587054219945957,FALSE,FALSE
"EZ",101,2019-05-01,4,0.00561834133922989,0.151091014103718,0.034608662099971,0.0582904924089047,FALSE,FALSE
"EZ",102,2019-06-01,4,0.00368109319693632,0.133390968798402,0.0229468942168662,0.055724159858687,FALSE,FALSE
"EZ",103,2019-07-01,4,0.00358075993135287,0.130941739950615,0.0204647395869939,0.049825345519089,FALSE,FALSE
"EZ",104,2019-08-01,4,0.00367312019290877,0.135091552523961,0.0164602585163041,0.0491514017570054,FALSE,FALSE
"EZ",105,2019-09-01,4,0.00379758992609103,0.140925422145554,0.0174449831280129,0.0477362408258327,FALSE,FALSE
"EZ",106,2019-10-01,4,0.00235250856899882,0.130979340086413,0.00881896178122486,0.0444352171201512,FALSE,FALSE
"EZ",107,2019-11-01,4,0.00316800717116683,0.127239547770314,0.0175130587161551,0.0492809428285969,FALSE,FALSE
"EZ",108,2019-12-01,4,0.00271858896501376,0.123673773891008,0.0210939594489233,0.0532933762402845,FALSE,FALSE
"EZ",109,2020-01-01,4,0.00350463247174537,0.127397394914235,0.0255607642747038,0.0534684640672406,FALSE,FALSE
"EZ",110,2020-02-01,4,0.00311389290702269,0.125353894334997,0.0198495202084058,0.0536988462061444,FALSE,FALSE
"EZ",111,2020-03-01,4,0.00192919321409568,0.127482612456387,0.0122808573329765,0.0452201791553342,FALSE,FALSE
"EZ",112,2020-04-01,4,0.000577862692825337,0.0819065835722484,2.72760448387765e-06,0.0341066089010223,TRUE,FALSE
"EZ",113,2020-05-01,4,0.000312463666043428,0.0669056845674319,1.36527987774761e-06,0.0303535661365091,TRUE,FALSE
"EZ",114,2020-06-01,4,0.000563237779732328,0.096692369068419,3.18262811048244e-06,0.0325279615936257,TRUE,FALSE
"EZ",115,2020-07-01,4,0.00227365375445465,0.144310849629791,0.00583931462448598,0.0370624247611901,FALSE,FALSE
"EZ",116,2020-08-01,4,0.00235453327711166,0.129615054443368,0.00595005984404617,0.0366709152146505,FALSE,FALSE
"EZ",117,2020-09-01,4,0.00224330110910753,0.154012160128386,0.00361572643891009,0.0329966257246122,FALSE,FALSE
"EZ",118,2020-10-01,4,0.00209631910885355,0.146109246704092,0.00304192115638009,0.0315273881393371,FALSE,FALSE
"EZ",119,2020-11-01,4,0.00167182621538231,0.164568872945387,0.00548084429775025,0.0350214290108166,FALSE,FALSE
"EZ",120,2020-12-01,4,0.00254680398109675,0.135597623178488,0.0171343606296453,0.0386676394756208,FALSE,FALSE
"EZ",121,2021-01-01,4,0.00252779073874854,0.143199476420343,0.00942066181220304,0.0473367571138686,FALSE,FALSE
"EZ",122,2021-02-01,4,0.00341568240762702,0.1532158754057,0.013701719529807,0.0449157301957427,FALSE,FALSE
"EZ",123,2021-03-01,4,0.00383834007861916,0.165295059028202,0.0248625732271976,0.0496488208549647,FALSE,FALSE
"EZ",124,2021-04-01,4,0.00493210752560702,0.175350442498889,0.0296030615681631,0.0518392675406104,FALSE,FALSE
"EZ",125,2021-05-01,4,0.00494798590281154,0.210837216701733,0.0331695350153027,0.0532374105996494,FALSE,FALSE
"EZ",126,2021-06-01,4,0.00557109139948242,0.219010579067102,0.0315144213677152,0.0562145299639548,FALSE,FALSE
"EZ",127,2021-07-01,4,0.00710665589273318,0.231436224465225,0.021875485390492,0.0378510579018266,FALSE,FALSE
"EZ",128,2021-08-01,4,0.00608365353627582,0.237466168195745,0.0214673251452782,0.0328875877898927,FALSE,FALSE
"EZ",129,2021-09-01,4,0.00758542502957604,0.226983986051076,0.0165514007326714,0.00848176920527895,FALSE,FALSE
"EZ",130,2021-10-01,4,0.0110104891526677,0.206192960271539,0.0129105384429821,1.04206250106089e-05,FALSE,FALSE
"EZ",131,2021-11-01,4,0.0133643847370115,0.242835951366133,0.015705144226379,4.62653823150994e-05,FALSE,FALSE
"EZ",132,2021-12-01,4,0.0136199965843979,0.232941155598869,0.0125423098703026,0.00148994361745786,TRUE,FALSE
"EZ",133,2022-01-01,4,0.0143715765014731,0.272617495556941,0.0651308154406091,0.0216142805977928,FALSE,FALSE
"EZ",134,2022-02-01,4,0.0102664142408521,0.267705681077494,0.0647021062327703,0.022630640345975,FALSE,FALSE
"EZ",135,2022-03-01,4,0.0463501824233846,0.433993333121482,0.0798538258909426,0.144842036050722,FALSE,FALSE
"EZ",136,2022-04-01,4,0.0446770710684791,0.425026903665737,0.0739472314423031,0.136374206321004,FALSE,FALSE
"EZ",137,2022-05-01,4,0.0782681877300296,0.369861224723146,0.0694073620511634,0.140776539463706,TRUE,FALSE
"EZ",138,2022-06-01,4,0.0287140094079704,0.400335736364432,0.0965365562943594,0.142320275514675,FALSE,FALSE
"EZ",139,2022-07-01,4,0.01630969412276,0.357158860660653,0.0909318164392208,0.063645080087881,FALSE,FALSE
"EZ",140,2022-08-01,4,0.0123395825070192,0.402129904791984,0.0856489399791615,0.101064881073233,FALSE,FALSE
"EZ",141,2022-09-01,4,0.0417608403679793,0.428610593964324,0.0700969471338338,0.128217188466906,FALSE,FALSE
"EZ",142,2022-10-01,4,0.0419212488618255,0.435817755358198,0.0748856218109697,0.130951590662487,FALSE,FALSE
"EZ",143,2022-11-01,4,0.0497579232487833,0.467420639544822,0.0770611092218968,0.149810816985105,FALSE,FALSE
"EZ",144,2022-12-01,4,0.0505218111509559,0.465156673031302,0.0711381439282784,0.147202782846736,FALSE,FALSE
"EZ",145,2023-01-01,4,0.0407423843327083,0.447364500665495,0.0637745080027363,0.149296400368528,FALSE,FALSE
"EZ",146,2023-02-01,4,0.045358837302807,0.458701126080014,0.0709429521721854,0.105489800543321,FALSE,FALSE
"EZ",147,2023-03-01,4,0.0808785561501406,0.527339706129968,0.0950778684381297,0.225831879558653,FALSE,FALSE
"EZ",148,2023-04-01,4,0.0518486362511296,0.476418360163846,0.0783662879709043,0.124843735592941,FALSE,FALSE
"EZ",149,2023-05-01,4,0.0542822398638535,0.480089477338121,0.0854510901419502,0.120733862758303,FALSE,FALSE
"EZ",150,2023-06-01,4,0.0791113657452153,0.467276015172521,0.0826748310539302,0.130033385373605,FALSE,FALSE
"EZ",151,2023-07-01,4,0.0524076919008716,0.510551531703585,0.0896163904103871,0.138925549745052,FALSE,FALSE
"EZ",152,2023-08-01,4,0.0577651288120297,0.572890997209015,0.105771425702144,0.182329077672565,FALSE,FALSE
"EZ",153,2023-09-01,4,0.0510290356138262,0.556578325776996,0.0859886421411055,0.0918752781362259,FALSE,FALSE
"EZ",154,2023-10-01,4,0.0506827961742496,0.510612008453807,0.13910940269608,0.220334202955871,FALSE,FALSE
"EZ",155,2023-11-01,4,0.0408099072066707,0.475645603990197,0.105072435495093,0.208570121762577,FALSE,FALSE
"EZ",156,2023-12-01,4,0.0274790020665485,0.429793108335893,0.0882555743827587,0.167024135003944,FALSE,FALSE
"EZ",157,2024-01-01,4,0.0444123734427021,0.445435169698088,0.0893073659999274,0.159519916550712,FALSE,FALSE
"EZ",158,2024-02-01,4,0.054561092235177,0.420441146821044,0.0898494262211215,0.183835148222659,FALSE,FALSE
"EZ",159,2024-03-01,4,0.0424650307630174,0.449282682944449,0.107621825264295,0.191179777446107,FALSE,FALSE
"EZ",160,2024-04-01,4,0.0429379597498349,0.463066653962702,0.108299816628994,0.203537859704251,FALSE,FALSE
"EZ",161,2024-05-01,4,0.0511103812453402,0.434201620750815,0.0833996554607979,0.182223441239763,FALSE,FALSE
"EZ",162,2024-06-01,4,0.0422797278816354,0.425724411162681,0.076987954342057,0.172753168477123,FALSE,FALSE
"EZ",163,2024-07-01,4,0.0408489454458851,0.403860431347239,0.0606601776773749,0.147784868626969,FALSE,FALSE
"EZ",164,2024-08-01,4,0.034039329449364,0.368430018440788,0.0449871450828772,0.128117962019375,FALSE,FALSE
"EZ",165,2024-09-01,4,0.0303747242489777,0.376458847967706,0.0772054358505255,0.165256432473505,FALSE,FALSE
"EZ",166,2024-10-01,4,0.0319482573245352,0.36718679491136,0.0820241750459757,0.171275107359956,FALSE,FALSE
"EZ",1,2011-01-01,5,0.0315848140103467,0.458348874874273,0.0764766129205414,0.105645820332879,FALSE,FALSE
"EZ",2,2011-02-01,5,0.0397844850935228,0.464525607452905,0.0780749865595532,0.128318906326127,FALSE,FALSE
"EZ",3,2011-03-01,5,0.0396013765336055,0.44708514366055,0.0862417230814378,0.123498972050692,FALSE,FALSE
"EZ",4,2011-04-01,5,0.037498246884525,0.422966574524154,0.0787758460613865,0.119569594533426,FALSE,FALSE
"EZ",5,2011-05-01,5,0.0297824236350794,0.399882698293096,0.0624876529668571,0.0895316812952983,FALSE,FALSE
"EZ",6,2011-06-01,5,0.0339557594682258,0.44651352493383,0.063312497960695,0.122133288113417,FALSE,FALSE
"EZ",7,2011-07-01,5,0.0305762789075982,0.435804805187057,0.0546271785846701,0.102470867551348,FALSE,FALSE
"EZ",8,2011-08-01,5,0.0282363137256023,0.411717711633143,0.0536045865749417,0.0932191128042819,FALSE,FALSE
"EZ",9,2011-09-01,5,0.022086715557732,0.392525178669107,0.050977418673965,0.0797152011615857,FALSE,FALSE
"EZ",10,2011-10-01,5,0.0154476755110469,0.333055337575854,0.038646428547429,0.0658159735480037,FALSE,FALSE
"EZ",11,2011-11-01,5,0.0204689048328144,0.377031853824001,0.0489212871434945,0.0621452430650061,FALSE,FALSE
"EZ",12,2011-12-01,5,0.0304381298343539,0.448740780391942,0.0684890021293074,0.124394750550333,FALSE,FALSE
"EZ",13,2012-01-01,5,0.025507820945615,0.442292004619706,0.0662630954654831,0.130279947977965,FALSE,FALSE
"EZ",14,2012-02-01,5,0.0444767939340558,0.491921508993036,0.0721457986493368,0.156196899863206,FALSE,FALSE
"EZ",15,2012-03-01,5,0.0308836267038519,0.435114344092697,0.0650123417404645,0.134205224501791,FALSE,FALSE
"EZ",16,2012-04-01,5,0.0308172878837166,0.422596823254117,0.0630074769626625,0.137773037801964,FALSE,FALSE
"EZ",17,2012-05-01,5,0.0369186270583192,0.44373071002126,0.0688313825317609,0.13333327231101,FALSE,FALSE
"EZ",18,2012-06-01,5,0.0287959598508905,0.381251068737962,0.0803721157833366,0.105368793388215,FALSE,FALSE
"EZ",19,2012-07-01,5,0.0306683979575485,0.422575128957584,0.0889721558008369,0.120934156188462,FALSE,FALSE
"EZ",20,2012-08-01,5,0.0322801840723498,0.416433208495551,0.0779849693445703,0.115824430006955,FALSE,FALSE
"EZ",21,2012-09-01,5,0.0361042293402357,0.444358161454798,0.0867410460880989,0.138926520438342,FALSE,FALSE
"EZ",22,2012-10-01,5,0.0394279813277033,0.467863294375163,0.0829728646006328,0.151667163931695,FALSE,FALSE
"EZ",23,2012-11-01,5,0.0387227398829184,0.426016416836035,0.0694711538334767,0.13185139132453,FALSE,FALSE
"EZ",24,2012-12-01,5,0.0309244190209127,0.415734355483692,0.0736455779120312,0.120627626250675,FALSE,FALSE
"EZ",25,2013-01-01,5,0.0313615490677936,0.417325267777113,0.0872221642282473,0.160522823026269,FALSE,FALSE
"EZ",26,2013-02-01,5,0.0300624526904159,0.408631147652055,0.0797533158915588,0.14665448890941,FALSE,FALSE
"EZ",27,2013-03-01,5,0.0263875499116146,0.412815312042402,0.077222543468795,0.147317397204605,FALSE,FALSE
"EZ",28,2013-04-01,5,0.0258894423232539,0.409182047277293,0.0707192023689548,0.14995409864037,FALSE,FALSE
"EZ",29,2013-05-01,5,0.0258212214897258,0.414060256595041,0.0709489120373082,0.126899638223305,FALSE,FALSE
"EZ",30,2013-06-01,5,0.0214938160006439,0.383506264334695,0.0565821687380881,0.126656404392571,FALSE,FALSE
"EZ",31,2013-07-01,5,0.0144904485486851,0.325167097778072,0.0463885108462328,0.0959362091914735,FALSE,FALSE
"EZ",32,2013-08-01,5,0.0131924394306836,0.331713219889586,0.0502881779593263,0.101548595442062,FALSE,FALSE
"EZ",33,2013-09-01,5,0.0163101105940456,0.334653154568905,0.0532151012138073,0.0928838460080724,FALSE,FALSE
"EZ",34,2013-10-01,5,0.0132005761810295,0.293867364852147,0.0570641027449878,0.0619641576049249,FALSE,FALSE
"EZ",35,2013-11-01,5,0.012878291731919,0.291389893292726,0.0525848681260724,0.0640774549521013,FALSE,FALSE
"EZ",36,2013-12-01,5,0.0106202012994091,0.288583803128811,0.046703399448256,0.0801557239444765,FALSE,FALSE
"EZ",37,2014-01-01,5,0.0114545890984037,0.287776559477374,0.0474005771399568,0.0836986019536282,FALSE,FALSE
"EZ",38,2014-02-01,5,0.0109350191385943,0.278313109275717,0.0429454220299308,0.0552996531415064,FALSE,FALSE
"EZ",39,2014-03-01,5,0.0100637952242038,0.286809179492794,0.0454098936870574,0.0756277737760037,FALSE,FALSE
"EZ",40,2014-04-01,5,0.0102324905775081,0.293292268716984,0.048744500170778,0.089632884649993,FALSE,FALSE
"EZ",41,2014-05-01,5,0.0209636110266062,0.268987451489339,0.0450311546566376,0.0576339145803748,FALSE,FALSE
"EZ",42,2014-06-01,5,0.0242846610435663,0.246571849504338,0.0406590984246327,0.0521090347873556,FALSE,FALSE
"EZ",43,2014-07-01,5,0.0305140577902685,0.243786086564987,0.0389270523240042,0.0552246231505295,FALSE,FALSE
"EZ",44,2014-08-01,5,0.0253443155391992,0.239865868002109,0.0375106908178526,0.0353701124997989,FALSE,FALSE
"EZ",45,2014-09-01,5,0.0194168586630263,0.229451227998792,0.0281300583751582,0.0239820314648676,FALSE,FALSE
"EZ",46,2014-10-01,5,0.0104494449164675,0.190180829280759,0.0220025318883308,0.0126384541464405,FALSE,FALSE
"EZ",47,2014-11-01,5,0.00760445276326682,0.166880446283764,0.0175939143480906,0.000706608386866804,FALSE,FALSE
"EZ",48,2014-12-01,5,0.00324150029963521,0.169521729624495,0.0258638547235216,0.000300265524160966,FALSE,FALSE
"EZ",49,2015-01-01,5,0.00212316627658216,0.142410668475796,0.0230423102788523,0.000288940882414246,FALSE,FALSE
"EZ",50,2015-02-01,5,0.00270166048680809,0.146515248010294,0.0195639891412117,0.000625090476234658,FALSE,FALSE
"EZ",51,2015-03-01,5,0.00306939609541068,0.157035780305372,0.0203386864592945,0.000495919737085174,FALSE,FALSE
"EZ",52,2015-04-01,5,0.00342775220838509,0.151783627423687,0.0166295422946015,0.00959040679264789,FALSE,FALSE
"EZ",53,2015-05-01,5,0.00527300641108119,0.205069086150345,0.027347747459594,0.0212634301440476,FALSE,FALSE
"EZ",54,2015-06-01,5,0.00541462333429032,0.210243498334784,0.0259027340889479,0.0192839751804972,FALSE,FALSE
"EZ",55,2015-07-01,5,0.00425988077103956,0.203347670644528,0.030156256003892,0.0217694428827842,FALSE,FALSE
"EZ",56,2015-08-01,5,0.00254456418920945,0.214285172769865,0.0218654374536557,0.0124977969252428,FALSE,FALSE
"EZ",57,2015-09-01,5,0.00346329736431872,0.194561996839952,0.0194099526686513,0.0117279127024603,FALSE,FALSE
"EZ",58,2015-10-01,5,0.00261711028517819,0.158880951846697,0.0108568825189442,0.00896981486411002,FALSE,FALSE
"EZ",59,2015-11-01,5,0.00831523895139319,0.16967780103179,0.016749144362831,0.0112745008944113,FALSE,FALSE
"EZ",60,2015-12-01,5,0.00831545440414272,0.179272676026973,0.0192995123471313,0.0134872636446815,FALSE,FALSE
"EZ",61,2016-01-01,5,0.00784702377209745,0.176834385209471,0.0145428576280544,0.0115736301009833,FALSE,FALSE
"EZ",62,2016-02-01,5,0.00724272887022914,0.139422443548225,0.016189322089707,0.000733802404073118,FALSE,FALSE
"EZ",63,2016-03-01,5,0.00589751104839864,0.133180675180661,0.0157702730618261,0.000727510661895796,FALSE,FALSE
"EZ",64,2016-04-01,5,0.00368391848705163,0.111974487589608,0.0114955291576768,0.000987941180498896,FALSE,FALSE
"EZ",65,2016-05-01,5,0.00154744964537201,0.115507713692754,0.0100991690983624,0.00101348954553756,FALSE,FALSE
"EZ",66,2016-06-01,5,0.00145529180154547,0.11888654146456,0.00798025799639086,0.000956929303675904,FALSE,FALSE
"EZ",67,2016-07-01,5,0.00133156218618535,0.0967047650886726,0.00305150144789303,0.00975045056242851,FALSE,FALSE
"EZ",68,2016-08-01,5,0.00102328659942452,0.087747090999793,0.00272707866683926,0.0105992875712872,FALSE,FALSE
"EZ",69,2016-09-01,5,0.00100282974512422,0.0884142959746222,0.00244500671993806,0.00995043471139491,FALSE,FALSE
"EZ",70,2016-10-01,5,0.00237141687180653,0.0722303417221047,0.00194087951647342,0.00895338584964124,TRUE,FALSE
"EZ",71,2016-11-01,5,0.00103932899410686,0.0857107426152548,0.00248384127892167,0.00863495429437923,FALSE,FALSE
"EZ",72,2016-12-01,5,0.00214551707721267,0.0769544969045833,0.00848372233533874,0.00525746636252196,FALSE,FALSE
"EZ",73,2017-01-01,5,0.00224079098212571,0.0963914661781627,0.0120609397367626,0.00908205526440471,FALSE,FALSE
"EZ",74,2017-02-01,5,0.00197270714200581,0.10485574346661,0.0129179463415882,0.00984830668255582,FALSE,FALSE
"EZ",75,2017-03-01,5,0.0016828648992141,0.093392216621871,0.0115330617546505,0.00785430348224972,FALSE,FALSE
"EZ",76,2017-04-01,5,0.00139160099046365,0.0870648372271581,0.0123253430204767,0.00807481349453511,FALSE,FALSE
"EZ",77,2017-05-01,5,0.00109349739177755,0.082547976347523,0.0103637699489092,0.0074786421180239,FALSE,FALSE
"EZ",78,2017-06-01,5,0.00107944371740099,0.0795736795741259,0.00944761562975232,0.00748548656555969,FALSE,FALSE
"EZ",79,2017-07-01,5,0.00105100959894688,0.0771924059073265,0.00881886490845864,0.00720581067673195,FALSE,FALSE
"EZ",80,2017-08-01,5,0.000993460519279732,0.0730394374383381,0.00667097730789467,0.00576679923212767,FALSE,FALSE
"EZ",81,2017-09-01,5,0.000980926301301754,0.0721285640016728,0.00648474037897,0.00543135728247263,FALSE,FALSE
"EZ",82,2017-10-01,5,0.000916867508099273,0.0740028403159004,0.00661561872124955,0.00512636246324947,FALSE,FALSE
"EZ",83,2017-11-01,5,0.00105189196537292,0.0757335395884314,0.00691609663409766,0.00509121072616139,FALSE,FALSE
"EZ",84,2017-12-01,5,0.0011301599588579,0.0786371001378268,0.00740259766327325,0.00482549665417815,FALSE,FALSE
"EZ",85,2018-01-01,5,0.00122325085775599,0.0872795673895159,0.00820697229831361,0.00520736063028208,FALSE,FALSE
"EZ",86,2018-02-01,5,0.00123281963837363,0.0845927013471439,0.00793246989475515,0.0044206016822992,FALSE,FALSE
"EZ",87,2018-03-01,5,0.000648576710956639,0.077049295396654,0.00561425673274138,2.50683072375697e-05,FALSE,FALSE
"EZ",88,2018-04-01,5,0.00108673179180552,0.0735174920255061,0.0046016439241111,6.8907992254365e-05,FALSE,FALSE
"EZ",89,2018-05-01,5,0.00105934904351623,0.0782126816138208,0.00503005169378319,1.22822950781023e-05,FALSE,FALSE
"EZ",90,2018-06-01,5,0.00141702940579103,0.0872811762647056,0.0131443630462362,0.00758869850118913,FALSE,FALSE
"EZ",91,2018-07-01,5,0.00154653570402907,0.0844327041045493,0.00632083205422385,0.00382863927417404,FALSE,FALSE
"EZ",92,2018-08-01,5,0.00137470628747205,0.0800184740638826,0.00540996259132518,8.2098278457399e-05,FALSE,FALSE
"EZ",93,2018-09-01,5,0.00136629389031717,0.0804644656742749,0.00547381472384506,0.000143859796537398,FALSE,FALSE
"EZ",94,2018-10-01,5,0.00132407072025487,0.0764617486935965,0.00554118506684021,0.000161419041281352,FALSE,FALSE
"EZ",95,2018-11-01,5,0.00144234877583738,0.0760598908207244,0.0116931726480475,0.00458497819797004,FALSE,FALSE
"EZ",96,2018-12-01,5,0.000991103777161384,0.0689900072437432,0.0104939892883667,0.00299933780329605,FALSE,FALSE
"EZ",97,2019-01-01,5,0.000826267215643384,0.0690178426032698,0.0137437394746175,0.00593531954796054,FALSE,FALSE
"EZ",98,2019-02-01,5,0.000940019515491275,0.0668071608737063,0.0106728719733298,0.00588519924584983,FALSE,FALSE
"EZ",99,2019-03-01,5,0.000837350029943673,0.0650502695281577,0.0105223744974033,0.00549855198600889,FALSE,FALSE
"EZ",100,2019-04-01,5,0.000388076023465134,0.0777381609775763,0.0171355903872961,0.00749130037170063,FALSE,FALSE
"EZ",101,2019-05-01,5,0.000442751597694135,0.0786294903308848,0.0178496140493045,0.00744979772438058,FALSE,FALSE
"EZ",102,2019-06-01,5,0.000309920009362141,0.0795729360112936,0.0120817724899317,0.00935477383247502,FALSE,FALSE
"EZ",103,2019-07-01,5,0.000306476216935025,0.0798951404092718,0.0107137345322639,0.0078366415304161,FALSE,FALSE
"EZ",104,2019-08-01,5,0.000294822755984803,0.0849816036853788,0.00864486910277781,0.00812353409436018,FALSE,FALSE
"EZ",105,2019-09-01,5,0.000267451302418009,0.0887767680324602,0.00919864114107039,0.00830586943379818,FALSE,FALSE
"EZ",106,2019-10-01,5,0.000185447250128035,0.0697863829583512,0.00470692922769863,0.00980044978789996,FALSE,FALSE
"EZ",107,2019-11-01,5,0.000208154046414721,0.0741415181869916,0.0091310720707937,0.00733857849618424,FALSE,FALSE
"EZ",108,2019-12-01,5,0.000219869111383719,0.0703267884123044,0.0110451342845432,0.00846839396576461,FALSE,FALSE
"EZ",109,2020-01-01,5,0.000320333777379944,0.0675964403072518,0.0132513338216248,0.00800277033333138,FALSE,FALSE
"EZ",110,2020-02-01,5,0.000262570063176315,0.0701684307070805,0.010371610638096,0.00843285150960883,FALSE,FALSE
"EZ",111,2020-03-01,5,0.000178966016205262,0.0708984974914851,0.0065137802082102,0.00906180490005191,FALSE,FALSE
"EZ",112,2020-04-01,5,6.91911606094386e-05,0.0315313311076603,1.43868304078822e-06,0.0126524347979737,TRUE,FALSE
"EZ",113,2020-05-01,5,5.24187783013108e-05,0.0252720066185462,6.99326803335645e-07,0.0116634263452922,TRUE,FALSE
"EZ",114,2020-06-01,5,7.70998239431053e-05,0.0311922863335148,1.65732945086896e-06,0.0130189023530344,TRUE,FALSE
"EZ",115,2020-07-01,5,0.000255262948468449,0.0562609630291267,0.00314715884459848,0.0115302272539239,FALSE,FALSE
"EZ",116,2020-08-01,5,0.000179282625327848,0.0716392264696456,0.00135998500405946,0.00192863111277109,FALSE,FALSE
"EZ",117,2020-09-01,5,0.000201301783715024,0.0627130290011176,0.000694346525109318,0.00330669102330343,FALSE,FALSE
"EZ",118,2020-10-01,5,0.000232876225647605,0.0563565231537622,0.000532556468122095,0.00442380910327035,FALSE,FALSE
"EZ",119,2020-11-01,5,0.000137392202630093,0.0679678028472157,0.00120821145649549,0.00237274652547193,FALSE,FALSE
"EZ",120,2020-12-01,5,0.000330538948848269,0.0852050231235588,0.00690555131336767,0.00132893788522724,FALSE,FALSE
"EZ",121,2021-01-01,5,0.000296813701266774,0.0856516204204631,0.00339985508698791,0.00561405155336835,FALSE,FALSE
"EZ",122,2021-02-01,5,0.000338988488264413,0.0753675556910205,0.00524277867560808,0.00245791201509466,FALSE,FALSE
"EZ",123,2021-03-01,5,0.000475465082215187,0.0758953441335534,0.0118005305584558,0.00550665806606872,FALSE,FALSE
"EZ",124,2021-04-01,5,0.000514783778018391,0.0829306823670459,0.0143624935957479,0.00458785963764566,FALSE,FALSE
"EZ",125,2021-05-01,5,0.000345807529176789,0.0903589545339756,0.0157017822210205,0.00619659293269735,FALSE,FALSE
"EZ",126,2021-06-01,5,0.000611584799336207,0.0944083613433719,0.0145249163538337,0.00832165743203261,FALSE,FALSE
"EZ",127,2021-07-01,5,0.000603432508760826,0.100820242414398,0.00728903273826066,0.00149723315150544,FALSE,FALSE
"EZ",128,2021-08-01,5,0.000711452494123188,0.0960923582902324,0.00702529265452846,0.00435492724330188,FALSE,FALSE
"EZ",129,2021-09-01,5,0.000990070267490761,0.11616285375687,0.00584056693520337,0.00012658207732071,FALSE,FALSE
"EZ",130,2021-10-01,5,0.0011392994153665,0.113466890100448,0.00506645639869398,2.23835013463131e-15,FALSE,FALSE
"EZ",131,2021-11-01,5,0.00123384529154236,0.113712057882795,0.00631580411965302,8.21536813948237e-14,FALSE,FALSE
"EZ",132,2021-12-01,5,0.00139700712293256,0.130968441038246,0.00481380677216203,4.00384862415278e-06,FALSE,FALSE
"EZ",133,2022-01-01,5,0.004139171036186,0.164626796232198,0.0384812492325818,0.000320488350626034,FALSE,FALSE
"EZ",134,2022-02-01,5,0.00121833211588107,0.144393923579999,0.0384801351186889,0.000221678355355109,FALSE,FALSE
"EZ",135,2022-03-01,5,0.00112088807141197,0.236898086173189,0.0431234920501459,0.0203940105360523,FALSE,FALSE
"EZ",136,2022-04-01,5,0.0200394723763511,0.230946278140887,0.0410009271663554,0.0227582493205095,FALSE,FALSE
"EZ",137,2022-05-01,5,0.0352953476929992,0.210209210186196,0.0390524436504601,0.00322572655393177,FALSE,FALSE
"EZ",138,2022-06-01,5,0.0032560817861752,0.167936634557551,0.0510569885615125,0.00188146804109117,FALSE,FALSE
"EZ",139,2022-07-01,5,0.00219370522715012,0.133959210082903,0.0515175276172425,0.00143071972040944,FALSE,FALSE
"EZ",140,2022-08-01,5,0.00262640488797861,0.185192233610583,0.0476950046588319,0.00847965860558201,FALSE,FALSE
"EZ",141,2022-09-01,5,0.019801360380024,0.284996288177659,0.0407262887493255,0.0236148681383446,FALSE,FALSE
"EZ",142,2022-10-01,5,0.0201812754236509,0.303371733373355,0.0437636980826898,0.0285195604186585,FALSE,FALSE
"EZ",143,2022-11-01,5,0.0241914134702641,0.276249549153722,0.0437367519172065,0.0337624355738623,FALSE,FALSE
"EZ",144,2022-12-01,5,0.0259736194754941,0.291005381641158,0.0407757465608067,0.0334890314688967,FALSE,FALSE
"EZ",145,2023-01-01,5,0.021320682108056,0.330880428978983,0.0385150791004505,0.0475133600130614,FALSE,FALSE
"EZ",146,2023-02-01,5,0.00716823555858725,0.303087579472736,0.0416151334229865,0.00602345522513762,FALSE,FALSE
"EZ",147,2023-03-01,5,0.0133290896297539,0.289840145121873,0.0510933328718935,0.00652665110291727,FALSE,FALSE
"EZ",148,2023-04-01,5,0.00823777747316157,0.286399681802045,0.044890425983636,0.00615102134017263,FALSE,FALSE
"EZ",149,2023-05-01,5,0.00808653809998927,0.310771198344277,0.0489093773876903,0.00650015989486441,FALSE,FALSE
"EZ",150,2023-06-01,5,0.0200399992062671,0.305323618121073,0.0472408596298572,0.00476690339203961,FALSE,FALSE
"EZ",151,2023-07-01,5,0.0117818570001685,0.342145774907817,0.050848971379417,0.0174843648614764,FALSE,FALSE
"EZ",152,2023-08-01,5,0.0150159470927205,0.31337831558925,0.0574674532625395,0.0228248926118978,FALSE,FALSE
"EZ",153,2023-09-01,5,0.0144381742121737,0.323214106004898,0.0419813919817276,0.0554486009895812,FALSE,FALSE
"EZ",154,2023-10-01,5,0.0113884969240532,0.319779040651232,0.0627459303606153,0.0862376724940832,FALSE,FALSE
"EZ",155,2023-11-01,5,0.00983313033939581,0.320994002877258,0.0465862565817856,0.0416436492118173,FALSE,FALSE
"EZ",156,2023-12-01,5,0.00856639070827059,0.299427789718806,0.0386162840701129,0.0348548211708891,FALSE,FALSE
"EZ",157,2024-01-01,5,0.00951313672874732,0.309570924157622,0.0392500686372703,0.0390672047747233,FALSE,FALSE
"EZ",158,2024-02-01,5,0.0121555578336252,0.27957227649194,0.0383191050298246,0.0415321564778028,FALSE,FALSE
"EZ",159,2024-03-01,5,0.00674287278753516,0.304988459915141,0.047902748782431,0.0424494253246416,FALSE,FALSE
"EZ",160,2024-04-01,5,0.00834813769199017,0.302443402767437,0.0476140172353138,0.0411820544904703,FALSE,FALSE
"EZ",161,2024-05-01,5,0.00739747980914118,0.285399288221034,0.0356042208065001,0.0467220873893056,FALSE,FALSE
"EZ",162,2024-06-01,5,0.00651714777011592,0.274229124176079,0.0321069072660091,0.0394156558782319,FALSE,FALSE
"EZ",163,2024-07-01,5,0.00593508472546778,0.268433209272164,0.0249306640414532,0.0396152435464219,FALSE,FALSE
"EZ",164,2024-08-01,5,0.00475897194334396,0.237938884386766,0.0172842048220457,0.0335694504313829,FALSE,FALSE
"EZ",165,2024-09-01,5,0.00621937826480135,0.234392600072906,0.03335168883919,0.0461250192054481,FALSE,FALSE
"EZ",166,2024-10-01,5,0.00474161765056125,0.252169515706295,0.0360169513804787,0.0486474908607594,FALSE,FALSE
