"month","objective_ngmmr_24","objective_hrr_24","rmse24_hrr_pp","rmse24_ngmmr_pp","rmse5_hrr_pp","rmse5_ngmmr_pp","rmse10_hrr_pp","rmse10_ngmmr_pp","rmse_fwd_hrr_pp","rmse_fwd_ngmmr_pp","qtail0_5y_target","qtail0_5y_hrr","qtail0_5y_ngmmr","qtail4_5y_target","qtail4_5y_hrr","qtail4_5y_ngmmr","qtail0_10y_target","qtail0_10y_hrr","qtail0_10y_ngmmr","qtail4_10y_target","qtail4_10y_hrr","qtail4_10y_ngmmr","qtail0_5y5y_target","qtail0_5y5y_hrr","qtail0_5y5y_ngmmr","qtail4_5y5y_target","qtail4_5y5y_hrr","qtail4_5y5y_ngmmr","qtail4_5y5y_moment_proxy","qtail4_5y5y_lower_bound","qtail4_5y5y_upper_bound","qtail4_5y5y_bound_violation_hrr","qtail4_5y5y_bound_violation_ngmmr","fwd_proxy_weight","fwd_bounds_weight","tail_bin_weight","fwd_bin_weight","fwd_tail_bin_weight","tail_moment_weight","tail_weight_side","valid_A","label","date"
1,0.00248829565552999,0.00773470247561108,6.35597103331574,4.166423487108,2.54470053469383,2.45291257887208,4.49351804352049,3.44517821385287,9.7225458656841,5.84732596807979,0.066975717855138,0.0417824187941406,0.120158014594579,0.123179025740542,0.110527686134561,0.117267900316836,0.0775304882125849,0.016020627052459,0.156984870710252,0.155624089911431,0.100440049248804,0.170153317305124,0.282815808957817,0.130728996436,0.242035086178554,0.367338084113891,0.192725084161538,0.256630857893838,0.367338084113891,NA,NA,NA,NA,0,0,2,0.75,2,2,"high",TRUE,"2011-01",2011-01-01
2,0.00216806471617703,0.0104876932740913,6.63407220444246,4.01463063834703,2.81350155984581,2.89066425484086,4.62830803764595,3.21588618932096,10.1338894666695,5.44554071421599,0.0459998198980594,0.0315972397278663,0.108975509463901,0.128901011844846,0.113374238569991,0.123683018186179,0.0711716647058156,0.0120028079167241,0.148189451062373,0.179027188902014,0.106232163113447,0.191866940171194,0.275372115918388,0.113379890017154,0.225757943214015,0.374794874885846,0.196920961848142,0.283713656523174,0.374794874885846,NA,NA,NA,NA,0,0,2,0.75,2,2,"high",TRUE,"2011-02",2011-02-01
3,0.00255003852302638,0.0078844473339899,6.21053186594582,4.35080777177958,3.47063637960983,3.42410446488093,4.0566919206981,3.28150769793804,9.33863223148106,5.85626166106746,0.0335272367788504,0.0315723795394635,0.0969308324403987,0.149247085176377,0.125601982026781,0.144574830779743,0.0628535802746739,0.0119634054584088,0.144248175162834,0.17475066117347,0.11816488216701,0.187902184570054,0.27603101818552,0.112467057921072,0.225469621381377,0.364312181103031,0.212635724378159,0.266781614668924,0.364312181103031,NA,NA,NA,NA,0,0,2,0.75,2,2,"high",TRUE,"2011-03",2011-03-01
4,0.00279951728897591,0.0108832598592835,6.91334830110788,4.60097822440844,4.1013968952773,3.85233030929046,4.53660780605399,3.32722743730315,10.2947019052886,6.13156673559222,0.030163851097324,0.0193234240933994,0.087239514742089,0.148849950702839,0.114883049997261,0.143721210158831,0.057860404915623,0.00726034882342973,0.137879048023097,0.178597667752321,0.110832620777457,0.192086500409008,0.266555778757823,0.0887942023126764,0.213322691159498,0.368404144606299,0.199356735472341,0.275249970774384,0.368404144606299,NA,NA,NA,NA,0,0,2,0.75,2,2,"high",TRUE,"2011-04",2011-04-01
5,0.00299070196782534,0.0129917815317718,7.6257854923966,4.69533561685156,4.38231127456782,3.36627183995126,5.57214003041493,3.38615803890463,11.144703517922,6.58336367670335,0.0269858622648177,0.0154054394311256,0.0853671005431339,0.128351111479299,0.0904100150130469,0.121111754744987,0.0484081090997246,0.00527438760971656,0.122933832541163,0.158024100058178,0.0858984427464254,0.172650881849643,0.247192208119801,0.0757310608220692,0.191714403050074,0.36658247465909,0.16566467352136,0.266873661882666,0.36658247465909,NA,NA,NA,NA,0,0,2,0.75,2,2,"high",TRUE,"2011-05",2011-05-01
6,0.00256809007369336,0.0179872964686475,8.78290145037648,4.27397813101258,5.51534757070028,2.58277289694815,5.95513204847605,3.48525448956547,12.866056782117,5.99857920668512,0.0503773263836258,0.0474963806305675,0.104387724412393,0.129630484419962,0.0864484064335124,0.123477193009116,0.06536498626884,0.0132751434119284,0.145311133148211,0.161598281409623,0.0712816212556653,0.176099903668725,0.273005533617507,0.13683490125054,0.226035273928082,0.369424574083451,0.151102488957856,0.261338468748264,0.369424574083451,NA,NA,NA,NA,0,0,2,0.75,2,2,"high",TRUE,"2011-06",2011-06-01
7,0.00259351050679401,0.014615331478386,7.63669848341247,4.34912656152805,3.32620499021982,2.29967832790259,5.78205276394633,3.43984764455415,11.4219839510323,6.29473059908022,0.0398099181041194,0.0255929881830211,0.0929137560305828,0.112078959413286,0.0785524145328387,0.105830961552681,0.0493349123288688,0.00849281607913916,0.12399083036607,0.153457198937639,0.071077260730604,0.167757481896332,0.247663624633296,0.09771871773856,0.195461917272967,0.372996103050749,0.147021011839113,0.262171491344996,0.372996103050749,NA,NA,NA,NA,0,0,2,0.75,2,2,"high",TRUE,"2011-07",2011-07-01
8,0.00263508598068993,0.0122016596488207,7.39048145210826,4.36486803898451,3.06283987715918,2.08463000337878,5.59225670840723,3.50844087001801,11.0996993236766,6.36406940595761,0.0471731837385971,0.0357196683660506,0.101202832071889,0.104864324524001,0.0767358900636269,0.0988097754658481,0.0568665284719593,0.0119437207282197,0.133926512036598,0.138609698434634,0.0663664768897881,0.153123145192697,0.261941613490965,0.117851056329012,0.212151910710366,0.361607851911802,0.14248599920538,0.241582824645499,0.361607851911802,NA,NA,NA,NA,0,0,2,0.75,2,2,"high",TRUE,"2011-08",2011-08-01
9,0.00268051616927351,0.00947868149557251,7.19932381858538,4.37877020573555,2.8518287685534,1.97908617486763,5.50016514104357,3.45323083945051,10.8215547141182,6.45595076079642,0.059493421307365,0.0453626413582243,0.113577294660332,0.0920890223638392,0.072489721034596,0.08626476220263,0.0696125183927301,0.0156727085460939,0.148593952766089,0.118276483986414,0.0604222025844576,0.132962314892445,0.278875199407572,0.13643337876648,0.234156520945525,0.345666260095333,0.135180353353011,0.216348034175371,0.345666260095333,NA,NA,NA,NA,0,0,2,0.75,2,2,"high",TRUE,"2011-09",2011-09-01
10,0.00277172893759918,0.0085292895557114,7.23041720204834,4.55130144840732,3.36750725285071,1.84714539502571,5.72150216388215,3.4568212851864,10.6189032690631,6.83969846665343,0.0534025458217502,0.0517317521761599,0.108075807510587,0.074200188033755,0.0545590669797952,0.0683462687971842,0.0661633498502533,0.0188700979163178,0.146026804420472,0.0926968456740339,0.0445370440776926,0.107020588790641,0.281824584162114,0.150786631089104,0.233393180330654,0.322063853625417,0.108571920904458,0.183432369301442,0.322063853625417,NA,NA,NA,NA,0,0,2,0.75,2,2,"high",TRUE,"2011-10",2011-10-01
11,0.00295677066143116,0.00942887414742091,7.1219671979738,4.58971071166627,3.04557795813156,1.77918038257468,5.57872604557234,3.68466783810896,10.5721105232797,6.81572251044739,0.0534372837029057,0.04206562579467,0.101586572107261,0.0968026891287207,0.0697622142294763,0.0900070356797387,0.0567413064038418,0.0148387219691888,0.135186152277655,0.113912984319272,0.059528841202626,0.129296458358022,0.266174839488986,0.131732622127396,0.217843947350214,0.345635033252189,0.132873407350026,0.21069400227588,0.345635033252189,NA,NA,NA,NA,0,0,2,0.75,2,2,"high",TRUE,"2011-11",2011-11-01
12,0.00264481700576776,0.0128266698658915,6.68669894418526,4.29105980918242,2.79293034911483,2.26465642002166,4.65455224312121,3.7436531710117,10.2308607551639,6.00799260089182,0.0710725955839657,0.0451625437287228,0.116392701986153,0.141988215703617,0.0985234682334073,0.135752697415003,0.0667183105149306,0.016676353734927,0.153933624740358,0.161584700834917,0.086128240584525,0.176837138780366,0.280713743901642,0.135752898047426,0.242337112085207,0.371823753572135,0.175187000756862,0.251459874558076,0.371823753572135,NA,NA,NA,NA,0,0,2,0.75,2,2,"high",TRUE,"2011-12",2011-12-01
13,0.00270920552154416,0.0122453378674581,6.53687994201253,4.35689313735036,2.33856625867501,2.32973506676117,4.69398048711362,3.77612353105318,10.0344433412741,6.10416079635865,0.0668280969236945,0.048193581872935,0.120605295106763,0.13962704123588,0.0951096696144113,0.13299301407006,0.0655611112550222,0.0181547737875736,0.151202594191655,0.154789188013373,0.0827248538163552,0.170146510498995,0.278856599856879,0.141471822140666,0.240814933755358,0.368403104042827,0.170729949387677,0.245240684827607,0.368403104042827,NA,NA,NA,NA,0,0,2,0.75,2,2,"high",TRUE,"2012-01",2012-01-01
14,0.00232378843749173,0.0182947295133828,6.68919364077633,4.11401095370068,2.38485942291201,2.54562798868507,4.58429510536719,3.68626571485066,10.3697935664729,5.54134294230625,0.065460457312122,0.0405485385320149,0.119368778301028,0.162688636434131,0.104069952925404,0.15690681505998,0.0549993675804952,0.0166810636025116,0.137437903114306,0.193429814843441,0.0982048780311583,0.207482225149456,0.263317100339563,0.131929035054726,0.220329323196298,0.393577632621393,0.185693763150377,0.291810290032703,0.393577632621393,NA,NA,NA,NA,0,0,2,0.75,2,2,"high",TRUE,"2012-02",2012-02-01
15,0.00275475733518932,0.0129341699257524,6.51502364630559,4.41145587103999,2.54617497436765,2.26237699800408,4.53593708651838,3.8597973604625,10.013933646815,6.19406517252348,0.0694861252710472,0.0502513362445235,0.117971972006137,0.139603408594105,0.0931805935343669,0.132925498491416,0.0599230311805945,0.0191400309035339,0.147317240352179,0.155704525983647,0.0807063453916154,0.171314322974422,0.27619362579348,0.145156780740142,0.23594509033773,0.370559818289081,0.168154822522736,0.245274837203594,0.370559818289081,NA,NA,NA,NA,0,0,2,0.75,2,2,"high",TRUE,"2012-03",2012-03-01
16,0.0023645703244418,0.0138433927569655,6.69552425582648,4.1752690791079,2.45971907250648,2.25286386490901,4.86798455342249,3.52596913519942,10.2343853578547,5.89836941134345,0.0498814353184025,0.047102623683427,0.111563959662989,0.128291595487348,0.0903947423765538,0.122185950393399,0.0605749737092235,0.0177994793612031,0.143389962405425,0.162377327558104,0.078880270570029,0.176579386219933,0.273554010314601,0.140405716089603,0.227523415684858,0.371507073055458,0.164366558565153,0.257317407064112,0.371507073055458,NA,NA,NA,NA,0,0,2,0.75,2,2,"high",TRUE,"2012-04",2012-04-01
17,0.00247044846799047,0.0121243596562148,6.31669561823406,4.27970099393421,1.66108572428737,2.60912139938094,4.62133659215246,3.67793764729158,9.77680791050196,5.88326286837262,0.0570142017855568,0.0515495031667132,0.121411280978886,0.131679354555869,0.0987484495572942,0.125794929954144,0.0625694421858776,0.020012755364116,0.14223982306896,0.164614552301414,0.0863528154715046,0.178923947440576,0.272141717922016,0.147030922464528,0.227625468288408,0.376637063942347,0.176366204865617,0.263964497617432,0.376637063942347,NA,NA,NA,NA,0,0,2,0.75,2,2,"high",TRUE,"2012-05",2012-05-01
18,0.00117906163288582,0.00471832713577919,4.91675718874441,3.32721480208771,2.27332527252106,3.15645148724696,3.95115145825594,2.21862019746667,7.19332316238111,4.28084260931701,0.106823255559567,0.107952213917289,0.133737471438635,0.0867524143124605,0.110124622932705,0.0762834074772165,0.100271451686638,0.0494605508342238,0.13935609134517,0.124292646307582,0.0892238476415062,0.131146065267221,0.300210085296355,0.21342443357044,0.2402429623853,0.351958837442837,0.196573689937522,0.326517019801841,0.351958837442837,NA,NA,NA,NA,0,0,2,0.75,2,2,"high",TRUE,"2012-06",2012-06-01
19,0.00156812999350618,0.00568404342725167,4.86949528794723,3.89137441643888,2.24540705003942,3.5820763420316,3.7269055173739,3.22418506807108,7.22525262687901,4.71187269282927,0.0949143303799853,0.0967733498716069,0.155227094664021,0.0947845521888745,0.123109651416506,0.0868967201280824,0.0949000314916785,0.042655248803145,0.126327997290633,0.14734040371092,0.102757291924827,0.157106475732409,0.288688458400569,0.198947321996279,0.206420049254871,0.366965099433902,0.213663840728484,0.323074631980766,0.366965099433902,NA,NA,NA,NA,0,0,2,0.75,2,2,"high",TRUE,"2012-07",2012-07-01
20,0.00294459782675285,0.00581445123888839,5.29865733469096,4.77894193282016,1.6684081786673,3.2770008004714,4.21682473601749,3.91590691387179,7.97885404970476,6.51473689318315,0.0707845555994077,0.0809070191938255,0.138872268867294,0.117188894265503,0.109730246448101,0.11137248615006,0.0700045235407704,0.034579728878352,0.145500368209517,0.140480112345504,0.0925245610187644,0.155405982033836,0.282609680258714,0.184809839979206,0.236443184145849,0.362978555949127,0.193257705440829,0.240690494870766,0.362978555949127,NA,NA,NA,NA,0,0,2,0.75,2,2,"high",TRUE,"2012-08",2012-08-01
21,0.00227803846150605,0.00714877550917154,5.49386184363094,4.18055980106047,2.70536026255093,2.75450832238429,4.01944409280396,3.46845837509623,8.18978930775057,5.72832620866416,0.0551848625068624,0.0678493635815126,0.1260139164509,0.12651765285758,0.123350942560748,0.121214011336075,0.0671031165643943,0.0281368284144846,0.145306942495393,0.167538037713377,0.108599508527335,0.180964506143571,0.275480080136,0.166540015610195,0.230643739010632,0.376428668449226,0.211194769949138,0.268475582043148,0.376428668449226,NA,NA,NA,NA,0,0,2,0.75,2,2,"high",TRUE,"2012-09",2012-09-01
22,0.00190446378487982,0.0102977250233094,5.88844518061849,3.8616385531499,1.88391529646642,2.76077727289984,4.34085656466673,3.15615359851274,9.03488723649481,5.21090781510821,0.0565951190186039,0.0585159834664724,0.130497242069172,0.13089721649505,0.118818323742706,0.126364138021223,0.0763548374195265,0.0237502723801989,0.153045225209343,0.183012029872382,0.105906583367896,0.195002962886507,0.280624839063097,0.15518447052382,0.237003212479773,0.3800291096498,0.204507062965802,0.285718291944755,0.3800291096498,NA,NA,NA,NA,0,0,2,0.75,2,2,"high",TRUE,"2012-10",2012-10-01
23,0.00222163680389477,0.00948699822457315,5.95698427969027,4.13740552457143,2.03643397287049,2.79466351564621,4.09233610214159,3.28974888753729,9.2500111906245,5.72029557938449,0.0553064239560882,0.0607257995718453,0.129302152395818,0.119609809639254,0.0992996915368616,0.114587657496274,0.0700905866694377,0.0255052780181411,0.151606764466024,0.156985165515091,0.0883924743665815,0.169992433466321,0.285320115973127,0.161652588054536,0.239734000293945,0.362327219201428,0.178614893180771,0.255026735127718,0.362327219201428,NA,NA,NA,NA,0,0,2,0.75,2,2,"high",TRUE,"2012-11",2012-11-01
24,0.00227707975019941,0.00719379757110256,5.63370423934779,4.22510546964454,2.80585050021107,2.87799392553958,4.01842576144241,3.23820585775224,8.43773238136747,5.89794222388089,0.0523440044344061,0.0709058844428448,0.129300570254959,0.110178594549519,0.104601457417702,0.105291923512191,0.0685734171652235,0.0304167172955888,0.147160804912198,0.14880240430324,0.0915740558770495,0.161833965222579,0.281832440757848,0.173920296639083,0.235010227365878,0.359636190633288,0.18621410443745,0.248095706256291,0.359636190633288,NA,NA,NA,NA,0,0,2,0.75,2,2,"high",TRUE,"2012-12",2012-12-01
25,0.00203054064389654,0.0085285534611745,5.98748530419613,3.91579545787561,3.91227597689702,2.24591266025105,3.73595904596491,3.27274983715738,8.84797420268399,5.4995769864298,0.0458041104604017,0.0843138855903417,0.0896885113402491,0.1126816617947,0.0862774262357277,0.112450150588229,0.0635207948724228,0.0278299243436498,0.151299791631475,0.154743588825564,0.0916958100832455,0.164539322988551,0.274710754028416,0.125811329915356,0.223605009528624,0.365606383601899,0.216589894801315,0.259271753947606,0.365606383601899,NA,NA,NA,NA,0,0,2,0.75,2,2,"high",TRUE,"2013-01",2013-01-01
26,0.00209576481433945,0.00906926654837783,6.24128297173193,3.99533771212184,3.94336140673705,2.05297540935821,3.97660677377948,3.26740364666471,9.24647710116025,5.74434815101257,0.0393549561303241,0.0714323790380198,0.082156238931129,0.0994485740567665,0.0778850096942388,0.099758106684164,0.0527383160844587,0.0232863756673202,0.139294176365005,0.150100419901599,0.0843374265032605,0.159810708240069,0.257846335351243,0.112679031465173,0.199514511442241,0.369613952506607,0.202625773398696,0.2632951966589,0.369613952506607,NA,NA,NA,NA,0,0,2,0.75,2,2,"high",TRUE,"2013-02",2013-02-01
27,0.00209578556711017,0.00867213216736273,6.19922094122183,3.81734885617742,3.79275648570972,2.03938045186885,3.96315111052726,3.30569348695209,9.2303549416847,5.35067984578922,0.0486679151051468,0.0759349625092304,0.0698822005017285,0.096126801562495,0.0737273138480094,0.0905139500757454,0.0553994727027986,0.0251193725397398,0.141221332824945,0.143333788885412,0.0807253957589122,0.150099144192615,0.260385005264171,0.117475082931152,0.199163456984742,0.366274590309222,0.197889651362673,0.266229869624814,0.366274590309222,NA,NA,NA,NA,0,0,2,0.75,2,2,"high",TRUE,"2013-03",2013-03-01
28,0.00197374997063763,0.0100564710217361,6.46507914572627,3.60356257585545,3.59131642254133,2.27000700948734,4.19948957182177,3.52532641578387,9.73953175316244,4.62343287540466,0.0461938952205123,0.0690565401536556,0.0660758874122582,0.0929171141321327,0.0664765107588125,0.0849143305604633,0.0538959198517257,0.022805751615239,0.144017412497464,0.141973984817912,0.073591176225413,0.149764203356286,0.257859494509614,0.111029472077328,0.215475326801998,0.366017591666696,0.185105245512475,0.27747201775087,0.366017591666696,NA,NA,NA,NA,0,0,2,0.75,2,2,"high",TRUE,"2013-04",2013-04-01
29,0.0026827231661284,0.00751669185494789,6.00475741625566,4.61121889977711,3.07568336783534,2.83320247234381,4.17078797050875,3.41992850247696,9.01754037474258,6.63830339873341,0.059556891328234,0.0866512056182307,0.138627728930749,0.080700533685553,0.0645638105482972,0.0783040872808337,0.0560288159315464,0.0296422985843309,0.139670643967482,0.127501572258764,0.0717320594505449,0.14203018736095,0.256014981399585,0.130034732469768,0.191260797145825,0.363122368838812,0.185588711751147,0.235564836706098,0.363122368838812,NA,NA,NA,NA,0,0,2,0.75,2,2,"high",TRUE,"2013-05",2013-05-01
30,0.00295374430444904,0.0090599420850293,6.8843518364213,4.80108198710077,3.03835392593255,2.87602722189828,5.24176553520262,3.50327871010248,10.270111981748,6.97184842339771,0.0414912544317328,0.0570632318027424,0.125866507864988,0.0706495072054573,0.0534406026584706,0.0657498471957699,0.04835840418979,0.0187085940274078,0.127438591212528,0.115712627898119,0.0572668018308056,0.131888513570742,0.241092183237197,0.102746054687144,0.171001851604117,0.359522401780091,0.154302109426647,0.225898892496099,0.359522401780091,NA,NA,NA,NA,0,0,2,0.75,2,2,"high",TRUE,"2013-06",2013-06-01
31,0.00214562562693682,0.0081998046002672,7.66579595160611,3.91214589390313,4.36559901555734,2.0565449971447,6.3885138719543,3.22583264291539,10.7898896406865,5.59278847447048,0.0403990696261646,0.0452693239762538,0.0449176981859533,0.0530202727800833,0.0466610757955371,0.051073303518267,0.0432311548775074,0.0143146654182922,0.110241031618893,0.0884303340783827,0.0458042555935185,0.0973927856124701,0.231195075050684,0.093323328850615,0.172456037469523,0.342076252152612,0.128075173255282,0.232858072651271,0.342076252152612,NA,NA,NA,NA,0,0,2,0.75,2,2,"high",TRUE,"2013-07",2013-07-01
32,0.00317901299609989,0.00745785148188212,7.28876504329705,4.96924026319155,4.5288038811105,2.41717585176052,5.79492903402555,3.44044561424526,10.2609463728358,7.51003603566976,0.0392642460590114,0.0479091068635598,0.100895624842588,0.0541598608815473,0.0511424389165548,0.0494199353277614,0.037147634633693,0.0151404398642553,0.122885241040121,0.0914081779979831,0.0499490442527405,0.107717938288732,0.226442068691463,0.0968077387614191,0.163413240081181,0.341801838443001,0.136604389201621,0.191127339329353,0.341801838443001,NA,NA,NA,NA,0,0,2,0.75,2,2,"high",TRUE,"2013-08",2013-08-01
33,0.00203564516505472,0.00744297285770287,7.09189735623676,3.92549120996998,4.97401132620846,1.34819422109941,5.46463070540151,2.8345163548988,9.81234156124452,6.03127955699784,0.0358024711121552,0.053247500259241,0.0473728761583858,0.0487682203080495,0.0523578320684629,0.0467928157276493,0.0371293852112264,0.0171881751414043,0.11133662023345,0.0969413108811764,0.0531819207218815,0.106091628927637,0.223805042232517,0.10162316335607,0.162942641688105,0.346996990584542,0.144923822022104,0.232352095094044,0.346996990584542,NA,NA,NA,NA,0,0,2,0.75,2,2,"high",TRUE,"2013-09",2013-09-01
34,0.002324185086649,0.00826035462622996,8.62587817988648,4.31455167328411,7.6462992696343,1.50429477006479,6.64859306673786,3.49963561158423,10.9794189661767,6.42928582777305,0.0313048511123924,0.0765905448051726,0.0456411960568321,0.0429356390860453,0.0537175594039088,0.0355665465101582,0.0315733860997243,0.0185047572505395,0.0797490981810196,0.0791074987121413,0.0517013477075445,0.0900840222180134,0.211925299050076,0.0549327681625512,0.14859529260976,0.335196916275376,0.149244159549814,0.220774477622959,0.335196916275376,NA,NA,NA,NA,0,0,2,0.75,2,2,"high",TRUE,"2013-10",2013-10-01
35,0.00239722438027465,0.00765637962516641,8.16657487380607,4.34378925322601,6.79767548111609,1.64671254122833,6.51083441575142,3.68542777391189,10.5583842879743,6.34913184295031,0.0389108408861098,0.0904353153996666,0.0531048893922256,0.037419701726384,0.0474892831668341,0.0292923067616208,0.0344353788215317,0.0229451519297928,0.0832356839703839,0.0734902110023187,0.0460084162932354,0.084671675421741,0.212768074438846,0.0702263261686445,0.151895272788577,0.334683532241189,0.141183115487006,0.215299441281658,0.334683532241189,NA,NA,NA,NA,0,0,2,0.75,2,2,"high",TRUE,"2013-11",2013-11-01
36,0.00302939384390828,0.00765528745853004,8.20276040941259,5.50185092203616,6.25525766795243,4.22046575301513,6.71832142536393,1.09215238413359,10.8439726915784,8.47383990304207,0.0424265922669559,0.0905831788781235,0.154283040428679,0.0379822810861788,0.0419267537856882,0.022569173239032,0.0354589588212689,0.0231691880223643,0.0345078267778818,0.0677545420063309,0.0400831685087161,0.0838592757065494,0.216260719908569,0.0726242011072121,0.0364542306696879,0.326895469320517,0.127551659690291,0.281264963251896,0.326895469320517,NA,NA,NA,NA,0,0,2,0.75,2,2,"high",TRUE,"2013-12",2013-12-01
37,0.00242264194140543,0.00798304533269641,8.30858789452566,4.34957139990189,6.25923117187168,1.76041332468251,7.04474290096783,3.76339873097974,10.8761905554982,6.28443227399849,0.0334254121168406,0.0892942664229504,0.0551213236928032,0.0400694969766527,0.0422776435805579,0.0312348166141638,0.0337167553816582,0.022773012088656,0.0808790462975138,0.0709135660162864,0.0408871437182963,0.0823370682977691,0.211568783910251,0.0685624478855485,0.148506871669836,0.331419799450902,0.129621494900375,0.21137913754643,0.331419799450902,NA,NA,NA,NA,0,0,2,0.75,2,2,"high",TRUE,"2014-01",2014-01-01
38,0.00242527018802605,0.00780131138597452,8.20488101660229,4.37053938738366,6.36973460930013,1.99170880364553,6.93830957616682,3.74572475766326,10.6417366403307,6.26956822208078,0.0396333050988231,0.0969623137551765,0.0541456465676648,0.0329323935428543,0.0376822737659097,0.0237635791658516,0.0352986449030027,0.0254580247810104,0.0823820513337424,0.0642950257732804,0.0359569861810041,0.0755270056516478,0.213294851754092,0.0809399999885329,0.153755793441741,0.323832608427548,0.119618007303091,0.202268657782396,0.323832608427548,NA,NA,NA,NA,0,0,2,0.75,2,2,"high",TRUE,"2014-02",2014-02-01
39,0.00230016869166147,0.00719091933940923,7.96117600374016,4.25162840655727,5.99801859932277,1.70657669776238,6.60331240397665,3.57240520054669,10.5147994876389,6.2092309813773,0.042879228641705,0.0956680891933801,0.0594022181841879,0.0318170148099183,0.0404200720694581,0.0236998487294831,0.0364951490774348,0.0249165188677913,0.0864175188001762,0.0630761854912819,0.0384439306148515,0.0742776959039827,0.21517044473711,0.0801181014819586,0.154154776746998,0.322014163090479,0.124830588423774,0.201980136927655,0.322014163090479,NA,NA,NA,NA,0,0,2,0.75,2,2,"high",TRUE,"2014-03",2014-03-01
40,0.00222369338268274,0.00665041337921874,7.65548836276045,4.18380853597063,6.17413015537702,1.58955974734134,6.26658300855566,3.52391058982731,9.92116729212988,6.12928344600877,0.0427602712673268,0.103984892317713,0.0632618194200724,0.0339026308505062,0.0420300566364115,0.0264212211233425,0.0361931850234095,0.0277233974516913,0.0882538109478611,0.0646445984704569,0.0410504602588955,0.075742543048454,0.217802373815432,0.0854251525919474,0.154760455034202,0.321254132087994,0.134229930482614,0.203184226409463,0.321254132087994,NA,NA,NA,NA,0,0,2,0.75,2,2,"high",TRUE,"2014-04",2014-04-01
41,0.00200858695488773,0.00756497248669962,8.2161138297931,4.04059275099524,7.29962946762979,1.72953700561995,6.28558451616547,2.73274459063753,10.4747513726009,6.20644649430883,0.0340977197781341,0.088655553028285,0.0362212998862895,0.0198649594670058,0.0400870343563801,0.0148014181069733,0.0353777165190882,0.0226372814666566,0.0788293487403224,0.0574069243831907,0.0385810264289799,0.0683832209117828,0.20898093324228,0.068538953067642,0.157991599700797,0.31143877908774,0.124040302500589,0.194836804355215,0.31143877908774,NA,NA,NA,NA,0,0,2,0.75,2,2,"high",TRUE,"2014-05",2014-05-01
42,0.00250882373548112,0.00895896115847212,9.02254437600092,5.09692024416858,7.8229755654676,4.13742200157048,7.5119234559252,2.25986663039595,11.2512657219148,7.46394868149494,0.0232597560972435,0.0733024450269872,0.124822651434523,0.0145496117764987,0.0375085425718856,2.22783128997033e-07,0.0293766587476731,0.0180004357148349,0.0596630870974594,0.0526900798101765,0.0352127646503428,0.0617905772368725,0.191844257643371,0.0531537147259694,0.0525560791196275,0.307687693797538,0.111297743452781,0.271170697529262,0.307687693797538,NA,NA,NA,NA,0,0,2,0.75,2,2,"high",TRUE,"2014-06",2014-06-01
43,0.00283767571199647,0.00916120395214839,9.03125264562975,5.29386729469625,8.02662727301661,2.21232928562293,7.28315690099301,2.82252619783181,11.2791601293344,8.438841022089,0.0227671308582444,0.0730500372663218,0.000896344272068846,0.0107164278431532,0.0358020173380783,0.00417403533257148,0.0268890154432278,0.0179749394496413,1.00508163187765e-05,0.0528302980540976,0.0335330747547476,0.0678339633934781,0.188359925422478,0.0530409613212899,0.000150468878280276,0.305545621092043,0.107217648565627,0.268240927393495,0.305545621092043,NA,NA,NA,NA,0,0,2,0.75,2,2,"high",TRUE,"2014-07",2014-07-01
44,0.00180889640050479,0.00794246699542735,8.41920377840373,3.89632509940067,8.09960065908217,2.05826358303895,6.82897194640928,2.49732749112985,10.0205083755972,5.92207347686953,0.0273331747621782,0.0911461711407707,0.000152080348170778,0.00973550208088814,0.0324879147125704,0.00851508649907952,0.0254845646614655,0.023706583765457,0.0446921465925951,0.0452237895607408,0.0311243609420297,0.0563765356123828,0.185536210685076,0.0724208843995177,0.140654063514172,0.297247976423629,0.107038509645706,0.188444842265142,0.297247976423629,NA,NA,NA,NA,0,0,2,0.75,2,2,"high",TRUE,"2014-08",2014-08-01
45,0.00183251650248099,0.00789110770225326,8.50777983312361,3.97310301396438,7.19228910715048,1.84746654542556,7.49721679537166,2.66283673205427,10.4503430943235,6.07065157793415,0.0317838491145242,0.0918776269977849,0.000375965091056728,0.0091379723082422,0.024353136513906,0.0086238960874983,0.0240346748027688,0.024179321506181,0.0452899931408755,0.0381170610461545,0.022440293400991,0.0495510145468917,0.185065085279638,0.0812328351542814,0.137619933900128,0.284475654550111,0.0832606833707035,0.175754086822377,0.284475654550111,NA,NA,NA,NA,0,0,2,0.75,2,2,"high",TRUE,"2014-09",2014-09-01
46,0.00264348123906481,0.00809576290762641,8.80753116700828,5.18892565582499,8.14357781232291,2.09144842214743,8.14789911668056,2.87064733861796,10.0005847915262,8.25591156322662,0.0316060847381155,0.0960497434132516,0.000379281664303173,0.00947604610284947,0.0185276759517431,1.09286360503665e-07,0.020535771156551,0.0258650721603122,3.61317169926385e-06,0.028255573956124,0.0168736664585924,0.0405700527254176,0.178184017539986,0.0900187126349354,6.61179243192012e-05,0.259323821206143,0.0683166323793388,0.207202386452013,0.259323821206143,NA,NA,NA,NA,0,0,2,0.75,2,2,"high",TRUE,"2014-10",2014-10-01
47,0.00191335491506843,0.00811811632665518,8.85939960065159,4.32932834335952,8.62896743472003,1.22894337968891,8.98881373375182,3.39905651104401,8.95594956007081,6.57003536657881,0.0301977005671178,0.110933083079499,8.10427014731941e-05,0.00609639487133795,0.0139344996756563,2.42005971539919e-06,0.020420068593988,0.0318801731305273,0.0505354264830084,0.019814925579369,0.0126650201111964,0.0299353398261413,0.170789245981372,0.11260870235787,0.139205446902229,0.236018504799116,0.058333136070636,0.153146288035002,0.236018504799116,NA,NA,NA,NA,0,0,2,0.75,2,2,"high",TRUE,"2014-11",2014-11-01
48,0.00210490968049233,0.0112988915808091,10.7634831317356,4.95836778589796,12.7910415972143,2.53057853979797,8.98176144658631,3.35950896350662,10.1624270504847,7.48773030221606,0.0404850740876794,0.170602886490161,0.000915466191217656,0.00575022845248263,0.00499850309988016,0.00379022563112753,0.026407258757782,0.0381163794106318,1.08066529722923e-05,0.0139542609887892,0.0107100411175174,0.0211196079142009,0.17700622990486,0.0605660260516517,0.000218608050045944,0.221446964776732,0.0771312739864967,0.203533706876366,0.221446964776732,NA,NA,NA,NA,0,0,2,0.75,2,2,"high",TRUE,"2014-12",2014-12-01
49,0.00213577100156437,0.00721681110053851,8.43084230610854,4.98878178113017,8.60756003153348,1.50627278239088,9.39868040995442,3.66082071635235,7.12825524420214,7.68071383186243,0.0707767795011971,0.222249772967341,0.0489915717517925,0.00519625377363875,0.00371539238783741,0.000104762601314527,0.0386492279045188,0.065034140695347,0.00459924412304147,0.0114218369331344,0.00911413265093608,0.0185591395398854,0.192906237834867,0.134121467808146,0.0069048835120019,0.218227534161811,0.0763651519904318,0.190049913550773,0.218227534161811,NA,NA,NA,NA,0,0,2,0.75,2,2,"high",TRUE,"2015-01",2015-01-01
50,0.00182268861082585,0.00822973759986646,9.09248089806867,4.42118556659487,9.35522433859457,2.0371321751197,8.30672311767425,4.37247344398095,9.56544590001402,5.94745440718749,0.0625231299513746,0.195124265765872,0.0839551740389179,0.00849819335773572,0.00356743968853517,8.86650928724121e-10,0.0365960110005864,0.0493628768872188,0.0712596402237688,0.017295498774344,0.00781659082960933,0.0214959067368899,0.213229244155051,0.0991043724325133,0.13667479827346,0.215730736864813,0.0629113307220416,0.172615291609552,0.215730736864813,NA,NA,NA,NA,0,0,2,0.75,2,2,"high",TRUE,"2015-02",2015-02-01
51,0.00161213273921753,0.0115982557052399,10.9245633409214,4.14302510649507,12.5258731584303,1.08514442808082,8.38919735859787,3.72857682117446,11.435126665972,6.03441360514435,0.0413175755343834,0.167067635731811,0.0377635440196325,0.00901181328346523,0.0039204455187542,1.59802439384017e-05,0.0301565410900067,0.0365790995053472,0.0181512918555648,0.0183723330366322,0.00826244056424635,0.0241453140247151,0.201724622604114,0.0569612535185246,0.0851668462962558,0.215752676497356,0.0617945587680993,0.165030014929902,0.215752676497356,NA,NA,NA,NA,0,0,2,0.75,2,2,"high",TRUE,"2015-03",2015-03-01
52,0.0023147198747677,0.0080466742952978,9.00546243887326,4.69766169538787,8.02432830876459,1.66583609766668,8.29243710701997,3.96406535219819,10.4947941015129,6.90762275983249,0.0325798176819907,0.0913990387481857,0.00786863533245498,0.0144871021218075,0.0146741924442952,0.00421760420690345,0.0257483712992249,0.0243945651728462,0.0287533959274395,0.0224546748259687,0.012603010979347,0.0315693463587514,0.202725493663792,0.095868438551827,0.124379724187047,0.222158457093078,0.0518424877822911,0.118839831055679,0.222158457093078,NA,NA,NA,NA,0,0,2,0.75,2,2,"high",TRUE,"2015-04",2015-04-01
53,0.00221915744222929,0.0073598141576241,8.47740871178117,4.40350944742817,7.26005461665632,1.47486655910166,7.16706447842393,3.78030937362824,10.5605004201994,6.45807370918523,0.0386336925142718,0.0935206457836938,0.0354945666789195,0.0204304726013009,0.0240810402116987,0.0115893032895888,0.0326316048222704,0.0247760212128714,0.0683194404101393,0.0358272667327466,0.0217098755745449,0.0459862053197979,0.217906858950068,0.0878174273195455,0.155849774702833,0.263247074632631,0.0804248015722431,0.148747115309964,0.263247074632631,NA,NA,NA,NA,0,0,2,0.75,2,2,"high",TRUE,"2015-05",2015-05-01
54,0.00225656833385423,0.00700987320905351,8.20493054933952,4.42191081273674,7.30206725676209,1.33363145455468,6.99931266012584,3.9801468236854,9.98258944472723,6.4062269794883,0.0439801912972784,0.108359183435564,0.0234137261983229,0.0181778501986011,0.02200674462153,0.00798613787858854,0.0392644232685446,0.0304969316534424,0.074149470001661,0.0343887656832828,0.0198286205828623,0.0445679479769379,0.228650621946431,0.1076282597874,0.167086583752323,0.259234606846465,0.0782279353898078,0.148566794295062,0.259234606846465,NA,NA,NA,NA,0,0,2,0.75,2,2,"high",TRUE,"2015-06",2015-06-01
55,0.00228322031553304,0.00743277835521948,8.53370377067858,4.4007883423901,7.69873559176148,1.88891895449327,7.30501818039569,3.62239914546022,10.2877830366564,6.43513975900096,0.0344506931784301,0.0938300895493595,0.0250852500654481,0.0211873841084529,0.0264540938084347,0.0103501027478036,0.0316277828889497,0.0247899824587612,0.0602175142800154,0.036209878301819,0.0242003369899897,0.0467255648344571,0.212011221203725,0.0851914202471068,0.151535736019204,0.267931030631325,0.0878291792380044,0.151945962330051,0.267931030631325,NA,NA,NA,NA,0,0,2,0.75,2,2,"high",TRUE,"2015-07",2015-07-01
56,0.00260744410625942,0.00689764966640631,8.0547946205916,4.83927102648194,7.29103322970087,2.29958533666323,8.01258802436356,3.37630227623745,8.79081433855578,7.31902469063467,0.0524700062894855,0.132094192853149,0.0819557662561021,0.0179845208702536,0.0165002783193767,9.10037331958199e-05,0.03699922720722,0.0408793590863312,0.0903890456120407,0.0274937571412532,0.0153561964583481,0.0376340692857264,0.216629994139662,0.135069482883558,0.097825528321799,0.254164242369775,0.0712195128244489,0.172660689249648,0.254164242369775,NA,NA,NA,NA,0,0,2,0.75,2,2,"high",TRUE,"2015-08",2015-08-01
57,0.00220142948695206,0.00633585964230854,7.66880329796696,4.83671967625855,6.3512207216224,2.77572563336767,8.16681199869296,2.34614370849951,8.33047472788712,7.54801487726764,0.05855113161163,0.143709924351573,0.0599955432506554,0.0142827026610219,0.0131722994853182,2.19294661924094e-06,0.0391131553537105,0.0464299895539092,0.00281956305660394,0.0249780114347498,0.012790587619738,0.0331428961980369,0.218385617773222,0.147177975574687,0.0163351285793533,0.247093715205627,0.0668134993483521,0.205620434757542,0.247093715205627,NA,NA,NA,NA,0,0,2,0.75,2,2,"high",TRUE,"2015-09",2015-09-01
58,0.0024439520512333,0.00693632605896345,8.02599502513679,4.92620477485046,7.32608364377462,2.02199588848759,8.86990638008676,3.57353955866656,7.80404047167078,7.47956068902866,0.049016348077721,0.152514335844617,0.0870227779023648,0.0108566726230843,0.00473334819446851,5.12237056418211e-08,0.034583000370713,0.051345027273151,0.0892065489487693,0.0189641887967309,0.00571879526015366,0.0309846933191222,0.215296534530317,0.158801263509795,0.0931684740965967,0.217888626527818,0.0469738344184751,0.129917488845681,0.217888626527818,NA,NA,NA,NA,0,0,2,0.75,2,2,"high",TRUE,"2015-10",2015-10-01
59,0.0028744513857225,0.00812248747223673,8.78879876107446,5.5543965262472,9.06616120354146,2.18447071938914,8.08670775179489,2.89920161353238,9.17272204726884,8.90935912356121,0.0275152420691992,0.119526577973977,0.000397218416436794,0.00991504056505488,0.0122023760202847,3.57970500189999e-08,0.0321927316680521,0.0354226248020488,4.15794721425049e-06,0.0263891855959753,0.0115436452402368,0.0376428994624623,0.207892270907721,0.119861485142603,7.95509988266763e-05,0.23894795491845,0.0581108089032294,0.192068960140251,0.23894795491845,NA,NA,NA,NA,0,0,2,0.75,2,2,"high",TRUE,"2015-11",2015-11-01
60,0.00294349199090732,0.00791220045040024,8.66606332635631,5.56045323916277,8.62707192492263,2.15442625090745,7.84070508240698,2.91872669035933,9.4551009800098,8.92162556438748,0.0291666024531119,0.114688889789003,0.000493028967812757,0.011480023742109,0.0147030865368865,6.29505809260509e-08,0.0330749291886467,0.033221639202753,5.820865968522e-06,0.0290123276178601,0.0137973245487853,0.0406734238097029,0.20957853245036,0.112285414533533,9.66943193734113e-05,0.247902139090226,0.0641614291592327,0.200071710987447,0.247902139090226,NA,NA,NA,NA,0,0,2,0.75,2,2,"high",TRUE,"2015-12",2015-12-01
61,0.00301633070151001,0.00723487538761856,8.13145648171583,5.72410094506291,8.17061537370543,2.39177824176118,8.21724783608385,2.97322758034749,8.00497569999178,9.15069994511398,0.0446570153043706,0.160078305142981,0.00126540071083056,0.0101567476097728,0.00827437392485963,8.19770353168982e-08,0.0454031550484365,0.0554613710677642,3.56943701589835e-05,0.0250828313881509,0.00854693943265249,0.036629767889006,0.231131424544744,0.169530653725671,0.000313332184204154,0.234130514481178,0.0554957354986575,0.18401790473105,0.234130514481178,NA,NA,NA,NA,0,0,2,0.75,2,2,"high",TRUE,"2016-01",2016-01-01
62,0.00216713064117439,0.010297220162996,10.2943133547087,5.01206598200023,11.3259231174306,2.59708495167194,7.76091006391256,2.74483334278767,11.3758693229447,7.81559056616274,0.0369883834717286,0.1841879778289,2.24125500754667e-08,0.00642614802525543,0.00321409496228333,1.79429203149708e-07,0.0393739180784755,0.0429998533379071,3.60366530605228e-14,0.0185124081739403,0.0063951066984626,0.0246400387301354,0.224556184625205,0.0901085467676707,0.0344158479531977,0.20346334465411,0.0496440764411415,0.184161175619171,0.20346334465411,NA,NA,NA,NA,0,0,2,0.75,2,2,"high",TRUE,"2016-02",2016-02-01
63,0.00235978384153253,0.0106290975785665,10.5056955670402,5.36264599044296,11.3978072735544,2.24444704061879,8.11945577665414,3.47504999786007,11.6307069986246,8.3162732669551,0.0320089200416647,0.179966932152982,0.00332017682284004,0.00628524929894758,0.00315907514467001,0.00426449699387912,0.0340340431361471,0.040848569069974,9.03628174859805e-05,0.0171315564714442,0.00621608900949231,0.0230670433650954,0.215860306980968,0.0847085915234425,0.000853106562404853,0.19724153969465,0.0477841279292789,0.179570408879468,0.19724153969465,NA,NA,NA,NA,0,0,2,0.75,2,2,"high",TRUE,"2016-03",2016-03-01
64,0.00158102159695401,0.0106674035638095,10.5332915179324,4.22812467456565,11.2350900631122,1.38842528992389,8.98286720606838,4.16971487733659,11.2219222344988,5.85806007540299,0.0312047643652966,0.187773528809646,0.0423287145300638,0.00539229476867542,0.00228519493721524,1.21832757258908e-11,0.0300580786852845,0.044523057601831,0.0434162550060949,0.0134247736987965,0.00444167305146014,0.0166221054718895,0.209722402580783,0.0991019263780843,0.13572678649205,0.177548194257499,0.036344745188396,0.141049483226252,0.177548194257499,NA,NA,NA,NA,0,0,2,0.75,2,2,"high",TRUE,"2016-04",2016-04-01
65,0.00190142555982331,0.0145120303118811,12.2223147529763,4.75166757284916,15.3686966512253,1.63002807635464,9.1119662558849,3.18851665707607,11.3547420911571,7.41022294984723,0.0218182211724649,0.168817985488193,2.55951687775781e-09,0.00820904773279563,0.00179729230721081,0.00068707756359981,0.0219774311918569,0.037413249228835,2.75933094337867e-17,0.0139201775300984,0.00393159853179346,0.0144999038354867,0.198114755564311,0.0605996188445642,0.0433314173604765,0.172513996121584,0.0348035964446584,0.169387418663141,0.172513996121584,NA,NA,NA,NA,0,0,2,0.75,2,2,"high",TRUE,"2016-05",2016-05-01
66,0.00144409405327456,0.0131076515947949,11.53248961589,3.99856746860966,14.3032859360288,1.22113982352137,9.38890921443196,3.41902881534552,10.3082173733962,5.89785426187505,0.0241141509735165,0.179534268490445,0.0198765824788264,0.00824708453985878,0.00117280816857364,1.65937692185752e-07,0.0224736053691899,0.0425630236952001,0.0113531739030334,0.0135827585203683,0.0030112578772619,0.0177257650274808,0.197644297567998,0.0741313151687206,0.0893882489120348,0.17401972714509,0.0319966858263866,0.132715939711148,0.17401972714509,NA,NA,NA,NA,0,0,2,0.75,2,2,"high",TRUE,"2016-06",2016-06-01
67,0.00307526456177146,0.0118679869853023,10.7883458686216,6.09187891588385,12.4839551848268,2.92813764471579,12.2711945388514,3.43759298884488,6.53711459865251,9.53634786246881,0.0217612494720154,0.185975201737408,0.000149934527219782,0.00616126394817185,1.50625025474603e-05,2.73929281245414e-07,0.0259938973740206,0.0752170630424863,9.47025292699204e-07,0.0111681020685284,0.000899189553283174,0.0148648915803283,0.21125529938148,0.221766443835927,3.90981902493627e-05,0.152085350063389,0.0222755474750664,0.121205992637371,0.152085350063389,NA,NA,NA,NA,0,0,2,0.75,2,2,"high",TRUE,"2016-07",2016-07-01
68,0.00193328324956573,0.0116600247883162,10.7272901539481,4.90519544201198,11.0435517774193,1.31982979666303,13.2985094633065,2.66819419614721,6.81277273470805,7.95748804664462,0.0248796754879608,0.193059654873606,3.38416158005125e-08,0.00582920446815327,0.000737677940747592,1.07744668271837e-13,0.0250339566808256,0.0822797682842949,2.618632841633e-20,0.00972877518939008,0.0010910878077117,0.0134016786996593,0.204833394925371,0.238697378907132,1.77905825807681e-06,0.147905998233278,0.0186900124299308,0.152850091156764,0.147905998233278,NA,NA,NA,NA,0,0,2,0.75,2,2,"high",TRUE,"2016-08",2016-08-01
69,0.00312537808564227,0.013454127985695,11.5491012256348,6.14972606589733,13.4413528765409,3.04581592445508,13.1701654873255,3.46770627181693,6.78395100547218,9.59976096699645,0.0200707312981132,0.187128169391177,0.00016603640619463,0.00580913085723267,0.000581263884935221,2.09516213790393e-08,0.0236630791241711,0.0781431700854125,1.08111792114117e-06,0.00981862565447555,0.000944695792177782,0.0153936170426562,0.20911698768291,0.232865651985468,4.5719952808975e-05,0.139735999570301,0.0176227532935208,0.1082678804376,0.139735999570301,NA,NA,NA,NA,0,0,2,0.75,2,2,"high",TRUE,"2016-09",2016-09-01
70,0.00402869906810802,0.0190028012753006,13.7513164573791,6.99494701425762,18.5367611907057,5.13385470329834,13.3050432899362,2.86543745328602,6.83084332601955,10.5934250968958,0.0116814412537327,0.166781285841942,9.34425650294438e-05,0.00521686618372352,5.32298311883125e-06,0.0042518318530018,0.0183867789567001,0.0638674064631268,1.52304726838261e-07,0.0105450014488686,0.00055786545525872,0.0153783125114048,0.193200099841057,0.206939888084323,3.4402807891833e-05,0.131962071797684,0.016600499349041,0.107566870994194,0.131962071797684,NA,NA,NA,NA,0,0,2,0.75,2,2,"high",TRUE,"2016-10",2016-10-01
71,0.00318400337063201,0.0145666845810163,12.0112204494799,6.20457441776347,14.6825400248969,3.49950678368201,13.0455878032962,3.2608869288788,6.85885612487982,9.62342453728014,0.0154190398631271,0.156930957905402,3.54907295525178e-05,0.00583623756128149,2.25756046173575e-06,4.71856955723106e-09,0.0161212242976793,0.0568395355183723,7.64067000542843e-08,0.0100362840151772,0.000717250766259786,0.0150446961517727,0.175795445074329,0.188608298949902,8.14497491583583e-06,0.144013100662248,0.0195447331413658,0.112820328250663,0.144013100662248,NA,NA,NA,NA,0,0,2,0.75,2,2,"high",TRUE,"2016-11",2016-11-01
72,0.00193989670384401,0.0112412111573454,10.7126253540684,4.81921161206571,11.5074547767882,2.65032487796817,10.3178999626048,3.30641052260693,10.2664721716735,7.19151091098555,0.0079305762588597,0.0617011888989492,9.37719603387693e-61,0.00636995091298198,0.00948710253595688,4.14317905381074e-12,0.00858746776575008,0.0190914494821223,3.79110397333547e-183,0.012861613612578,0.00684925716779784,0.0145547918952135,0.133516598670421,0.136377514154534,4.64355061021806e-46,0.172034515498162,0.0259131465971736,0.163345847680364,0.172034515498162,NA,NA,NA,NA,0,0,2,0.75,2,2,"high",TRUE,"2016-12",2016-12-01
73,0.0033705908820393,0.00954108866135433,9.84473568839072,6.2103774111968,9.28765181251822,4.43063238125539,9.57743675078763,4.19723833007804,10.6192603987712,8.8577113224131,0.00856633780000184,0.0547424682414473,6.09079800836922e-07,0.00955897126835181,0.0135088459766575,0.0113346395568222,0.0110353317768613,0.0163666502967259,8.5877649450269e-27,0.0183255539748319,0.0100269175077621,0.0216379364737352,0.153497194956029,0.123797127455666,0.00381780522009356,0.197206287155438,0.0353820165764933,0.225826885458748,0.197206287155438,NA,NA,NA,NA,0,0,2,0.75,2,2,"high",TRUE,"2017-01",2017-01-01
74,0.00362512778652931,0.00939644986014076,9.84632617894506,6.30965082849668,6.89728525729048,2.77464947524259,10.078596780027,3.78887898589079,11.9037708601825,9.86817090713662,0.00818040052588033,0.0355510150410307,2.59876197199932e-15,0.0108182312242396,0.0145041034825116,0.00133452768499303,0.00932311280865905,0.00944569580172176,1.01761086652167e-14,0.0197760104117546,0.0111367459410473,0.0306983016812062,0.144967597650737,0.0885153776284496,2.56752334533886e-14,0.209457982968999,0.0371519856808533,0.136107757606076,0.209457982968999,NA,NA,NA,NA,0,0,2,0.75,2,2,"high",TRUE,"2017-02",2017-02-01
75,0.00302345814204004,0.00952113362962231,9.88121682328592,5.2682288958274,9.16145682593743,3.6227966044627,9.61838743149911,2.50796056672113,10.7921114602487,7.99050596989689,0.00976720441931181,0.0545187045617284,1.37062865201244e-18,0.00929239308161645,0.0130362593703453,1.00844278863883e-07,0.0104402881177516,0.0161472204540003,3.38715875901221e-98,0.016440633146266,0.00955619480188031,3.37225619960482e-06,0.151357380334653,0.123738798441387,0.00449951254433113,0.190046640199227,0.0335036914699079,0.118939763198956,0.190046640199227,NA,NA,NA,NA,0,0,2,0.75,2,2,"high",TRUE,"2017-03",2017-03-01
76,0.00291398390981418,0.0104460509471024,10.3534996593563,5.27472552416479,10.9807002475939,4.45373831557085,9.84667964187366,2.14536607841038,10.2005876150189,7.68308580401447,0.0108675860848735,0.0693626554889677,8.54876979631969e-11,0.00899376702116528,0.0142167233623332,4.8690775611891e-08,0.0119423480729415,0.0221003485010479,3.32851220331941e-66,0.0146200990128677,0.00998993835361493,8.67189670798219e-07,0.161932148259168,0.148372332697241,0.00883162058100105,0.173931453283567,0.0346802447785248,0.107808426952795,0.173931453283567,NA,NA,NA,NA,0,0,2,0.75,2,2,"high",TRUE,"2017-04",2017-04-01
77,0.00276056484473998,0.0100451178968188,10.1757046455089,5.1401976117751,10.5375889266241,4.63982167400587,9.71446960703275,2.017881211791,10.2578357837031,7.32564705079501,0.0104358672723723,0.0647142358765825,9.4660613324887e-30,0.00940610655725183,0.0118104432034296,2.7307085730653e-12,0.0105159175831041,0.0202071914926958,7.63524478195666e-165,0.0135249495196634,0.00839994298145186,1.13415185097506e-09,0.156656532336887,0.141184124412593,0.007438774816624,0.168250516392204,0.0301312053257252,0.109129357839191,0.168250516392204,NA,NA,NA,NA,0,0,2,0.75,2,2,"high",TRUE,"2017-05",2017-05-01
78,0.00233963730950615,0.00931288590578585,9.83686137543246,5.14795508447193,9.5576108685801,2.86437022854961,9.35089538086532,3.8319464231131,10.5595622645702,7.52435342467447,0.00866736361273417,0.0576153580692806,0.0157945033351808,0.00962587578229768,0.0106852827254369,0.00951222561215675,0.00986300970124682,0.0173110835226563,0.0510675159445141,0.0134501762073648,0.00771074555896733,0.0157973966258631,0.156231802263787,0.129534863953261,0.0819333242125236,0.16580157380864,0.0279598679773219,0.0897778569906577,0.16580157380864,NA,NA,NA,NA,0,0,2,0.75,2,2,"high",TRUE,"2017-06",2017-06-01
79,0.00309619630043001,0.00959861296349127,9.9947303332514,5.80959744648971,9.94238600143261,5.01539268698284,9.26724573402011,3.12147917557611,10.7215213662544,8.14594815982664,0.00891560490815998,0.056517709631365,5.53271903945583e-15,0.00925919272458908,0.0099865465904888,0.0118586467088344,0.00965295289655426,0.0168291926333259,1.01951484526121e-57,0.0130953292461439,0.00718560541618984,0.00961599753896654,0.152926998888575,0.127852431380335,0.0243879520171766,0.163851502446332,0.026194875163975,0.0959877822917356,0.163851502446332,NA,NA,NA,NA,0,0,2,0.75,2,2,"high",TRUE,"2017-07",2017-07-01
80,0.00260296147678681,0.00888223056493782,9.71306930101905,5.29710637044982,7.47298894224428,3.65609808805003,9.40780717983049,2.38300556067762,11.7761940403265,8.07045469400063,0.00666572654577073,0.0376354176387288,1.92016673918394e-28,0.00884192109439053,0.00739014121953397,1.55170880000342e-06,0.00707483505158607,0.00999867224200884,2.47081081700238e-99,0.012327833151676,0.00554624768173187,0.0105725756774284,0.140485254869772,0.0934291189198387,5.7684194833314e-29,0.161805913647937,0.0208738732789551,0.118068959311413,0.161805913647937,NA,NA,NA,NA,0,0,2,0.75,2,2,"high",TRUE,"2017-08",2017-08-01
81,0.00182651987142927,0.00895167745705752,9.72488140237002,4.60219468234527,7.87031780286969,3.64378874728387,9.42787132261128,2.24566976650146,11.5279354125794,6.72460843080176,0.00703832352459368,0.0421404686231257,0.012734177757534,0.00832250348271213,0.00719613230439734,0.000580654266099186,0.00731535033009919,0.011512300676284,0.000414789311012207,0.0119991601599777,0.00534087987953028,0.014765468542617,0.138511792006772,0.102191024374063,0.011104550790154,0.161309860105367,0.0203770800492421,0.144841250136422,0.161309860105367,NA,NA,NA,NA,0,0,2,0.75,2,2,"high",TRUE,"2017-09",2017-09-01
82,0.00220863198892367,0.00906032732360225,9.78626633361923,4.84571392366888,7.48909827977449,2.33499022156464,9.64297247810635,4.08882727900411,11.7575301402952,6.9478156594562,0.0071598107071284,0.0391315727416076,0.00913650243281228,0.00868605713823445,0.00733599248450207,0.000669004803541149,0.00702076190603165,0.0104894381574665,0.0338171751325556,0.0123237633135064,0.00548298798200511,0.017035736667749,0.135759885667196,0.0963721733611225,0.0537792284624474,0.165818378335983,0.0207122411489056,0.0877219032094147,0.165818378335983,NA,NA,NA,NA,0,0,2,0.75,2,2,"high",TRUE,"2017-10",2017-10-01
83,0.00244521554490163,0.00912683169366933,9.81249585791869,5.10776681437771,7.40903778465546,3.16222032120767,9.78910013359941,2.28921424308344,11.7530805563872,7.93899907290459,0.00686526932391487,0.0385765429472868,6.4286820275198e-31,0.00846381054572376,0.00766686575224878,1.85825151135955e-06,0.00682453061192171,0.0103234509543267,1.88385443155643e-107,0.012639726837759,0.00574929772269401,0.0119871624942375,0.134667772739012,0.095237838616816,1.99360490174944e-31,0.168624366695504,0.0215532198969152,0.123243931747035,0.168624366695504,NA,NA,NA,NA,0,0,2,0.75,2,2,"high",TRUE,"2017-11",2017-11-01
84,0.00199468178905915,0.00958482291759027,10.0504138149552,4.66668832603278,6.98724571282976,3.57409130235595,10.410354949306,2.31428246084455,12.0762312305425,6.87051001388127,0.00603630794552607,0.0328850354085273,0.0140087246195493,0.00906081935519409,0.00818304753356155,0.000937168681514808,0.00632331289006842,0.00852239904181199,4.57725822771496e-06,0.0134114146309371,0.0062406207239513,0.0206914440610466,0.130675027132102,0.0838095300289617,0.00871553272623155,0.175903150057068,0.022900945940341,0.127173691616122,0.175903150057068,NA,NA,NA,NA,0,0,2,0.75,2,2,"high",TRUE,"2017-12",2017-12-01
85,0.00218624429753945,0.0119274279797372,11.1613435875627,4.70228636313564,9.36306286753105,2.1965336327759,11.7474399985692,4.25804217358921,12.1678872142027,6.5862590270057,0.00553026206002734,0.0224913178401147,0.00715519396367926,0.00892320249317813,0.00888904069092003,0.00115502880430561,0.00535742217235129,0.00568532219061104,0.0252913824469595,0.0138234964003455,0.00712181366250825,0.0211325960693734,0.127117850973366,0.0618086212886676,0.037429426061898,0.180256016844258,0.0257639808525733,0.0902862312021521,0.180256016844258,NA,NA,NA,NA,0,0,2,0.75,2,2,"high",TRUE,"2018-01",2018-01-01
86,0.00206990299828165,0.0108259804528591,10.6279114917219,4.56386852942663,7.88042665775177,1.57530663960029,11.5108657443118,4.24246413338857,12.0106766477101,6.48124948831744,0.00435801783816333,0.0251799957466237,0.00812056946839864,0.00928582779467324,0.00856477627660034,0.000977017123913811,0.00537118868347713,0.0064427453784871,0.028445462298162,0.0139855471555831,0.00683121865207711,0.020709389786233,0.125047691443502,0.0676509232193596,0.0412156036005407,0.182587214742179,0.0251708692227583,0.0936964770148267,0.182587214742179,NA,NA,NA,NA,0,0,2,0.75,2,2,"high",TRUE,"2018-02",2018-02-01
87,0.0022226849597205,0.0107058507507665,10.604507814472,4.8594823372927,7.47862708631126,3.07104484159721,11.504684939656,2.23391524173896,12.2097960386216,7.51145871538975,0.0059826388248209,0.0260913904030295,0.0047988355733093,0.00888000534541589,0.00600267060399287,0.00564973748123861,0.00473621371273029,0.00660378645212781,0.000142421918565184,0.0115106472097091,0.00474336451112695,0.0206393593376693,0.12000512374189,0.0697681867499284,0.00455239698054627,0.171815058914944,0.0188304420204622,0.0839742213409117,0.171815058914944,NA,NA,NA,NA,0,0,2,0.75,2,2,"high",TRUE,"2018-03",2018-03-01
88,0.00224467521827513,0.0106091710920848,10.583163430112,4.78788007270195,7.99726070484818,2.77728588437413,11.0094641662829,2.71437581101317,12.2819202307866,7.32736199766137,0.00605198543970449,0.0286258208126274,6.18581028119439e-12,0.00783259953685833,0.00492183397592039,0.000166546059626677,0.00480545707969589,0.00724845860904952,3.2128421234179e-55,0.0113516796070561,0.00383044916242758,0.000537356078438566,0.125115158740315,0.0752330683811934,0.00248777238026352,0.162783898534646,0.0158487109431672,0.103688696829825,0.162783898534646,NA,NA,NA,NA,0,0,2,0.75,2,2,"high",TRUE,"2018-04",2018-04-01
89,0.00215222554742712,0.0120014134588604,11.2020153633181,4.69602902823233,9.38885563630979,2.10011053370543,11.7533705476181,4.45088324945638,12.2541060551541,6.47589684506556,0.00575926154189358,0.0231324535375908,0.00580992258924687,0.00886205898023296,0.00527740765752079,0.00098783716509942,0.00435840780436041,0.0058280484596306,0.0211460462844263,0.0121849822550011,0.00425609895228468,0.0188263757838659,0.123042965711277,0.0634188442696308,0.0326580026117529,0.168303816716606,0.0175848558682221,0.0846055408872623,0.168303816716606,NA,NA,NA,NA,0,0,2,0.75,2,2,"high",TRUE,"2018-05",2018-05-01
90,0.00254558058294554,0.0182744120017398,13.8999481024827,5.22489874053644,13.9827326740455,4.10512082843329,13.619106510053,4.80237997707741,14.0935728823157,6.47949304238434,0.00446183879718874,0.0147239123844275,0.00273800756820474,0.0100060595672041,0.0151010553784348,0.0105955045647512,0.00469708603408077,0.00324160025059029,0.00781729711898712,0.0145075086635662,0.0116686166260452,0.0173706815438164,0.128473836586548,0.0431045575583602,0.0168448883543985,0.17481302531542,0.0355575491955991,0.101940449129027,0.17481302531542,NA,NA,NA,NA,0,0,2,0.75,2,2,"high",TRUE,"2018-06",2018-06-01
91,0.00190952959411812,0.00892936605403366,9.34990880841125,4.49267591589278,9.77792782093404,2.89557975714652,10.996847525195,3.44942556453725,6.76194174871648,6.34582475336731,0.00331186475507835,0.0617403518399007,0.0159014369543646,0.00930717397148129,0.00908158568603807,5.28890507534042e-36,0.00463795131890248,0.0242684629817377,0.0117774358312244,0.0143632697808848,0.00733143657420691,0.0116050105220267,0.126571172090886,0.17608668103276,0.0522110138501854,0.173680741600085,0.0334430848107151,0.103229674797617,0.173680741600085,NA,NA,NA,NA,0,0,2,0.75,2,2,"high",TRUE,"2018-07",2018-07-01
92,0.00246916998906398,0.0098144762414643,9.80703423098434,5.01099174955187,11.1048033214877,2.77384126765911,10.8091210301771,4.51487527987559,6.95557380588799,6.8739959827767,0.0050823489893113,0.0674973669318902,0.0284338431431803,0.00817640424138211,0.0077961460148339,8.59126032998854e-05,0.00553308337730457,0.0271917307506575,0.0232338297967583,0.0129484495517396,0.00611132543518446,0.0086166821691201,0.125945523464647,0.186239665303487,0.0591218318963712,0.174906194323506,0.0301070374482704,0.0782353803842966,0.174906194323506,NA,NA,NA,NA,0,0,2,0.75,2,2,"high",TRUE,"2018-08",2018-08-01
93,0.00242910265670774,0.00945141416030427,9.62402572864647,5.01123349549927,10.7315035848315,2.57268506197477,10.7266583538999,4.25876384142119,6.90211888077909,7.11207463080478,0.00515334881402431,0.0672912687693493,0.0316426768239197,0.00894411027462361,0.00788579852878875,8.7726241782635e-05,0.00548868669928723,0.0270921088953516,0.0319749831034639,0.0131007374071613,0.00619139339139835,0.0094562856999499,0.129090581967833,0.185874588775844,0.0725408713914971,0.173104219611024,0.0303412256836905,0.0800353704720629,0.173104219611024,NA,NA,NA,NA,0,0,2,0.75,2,2,"high",TRUE,"2018-09",2018-09-01
94,0.00249242849755366,0.00953875007810664,9.67923501462555,5.14426653485256,11.0341513837079,1.99690254335103,10.6239548679314,2.81647562119908,6.81482630817789,8.21402945285451,0.00429095562463993,0.0667297172009123,7.5245130821318e-06,0.00882800454234278,0.00798134824939403,0.00393459475474427,0.00582939082536358,0.0267976567150622,3.96372487412568e-18,0.0131009263447965,0.006282805140574,0.00198117496026704,0.130937407763426,0.184904479777551,1.81630625568866e-06,0.169539923073794,0.0305936596828378,0.113571946612333,0.169539923073794,NA,NA,NA,NA,0,0,2,0.75,2,2,"high",TRUE,"2018-10",2018-10-01
95,0.00209010942835239,0.0142190762015043,12.382019044518,4.65682979580778,10.3485811388965,2.06438951453543,12.2332472587758,4.37985388922888,14.2547436586474,6.45084235450319,0.00496547720706767,0.0239011430417176,0.00721638392982751,0.00786878798911328,0.0136042957545957,0.000940208237558026,0.00576837489745525,0.00534663594637659,0.026165749976255,0.0125351553695954,0.0100746099009685,0.0188723685547157,0.132313919403223,0.0641511649175826,0.0393973194708917,0.166201722266015,0.0313995989022337,0.0851931048141622,0.166201722266015,NA,NA,NA,NA,0,0,2,0.75,2,2,"high",TRUE,"2018-11",2018-11-01
96,0.00219494632043404,0.0111093058995426,10.9804575657479,4.75048735115318,7.86021713218987,3.34437677633358,10.9314797646172,1.87196919517808,13.4324637297172,7.28095224064984,0.00652715482417255,0.0422454756522105,9.83841767702333e-51,0.00684263021475362,0.0123807965471715,2.64278738254851e-14,0.00750100126391631,0.0108084145689125,4.39584796263537e-263,0.0104235890016978,0.00868759415838245,5.34849577551845e-11,0.131541796372116,0.102496989813762,0.00383659279460428,0.159944767835408,0.0280963446273934,0.10879081211646,0.159944767835408,NA,NA,NA,NA,0,0,2,0.75,2,2,"high",TRUE,"2018-12",2018-12-01
97,0.0025735333271301,0.0128792213671022,11.6521744985224,5.39310305250457,11.4445349532319,4.43585100645242,11.4484837964819,3.05991097967497,12.0529809631473,7.62999687089201,0.0100602460107495,0.0773756009164655,8.17823300314315e-28,0.00557630992513225,0.0166808097200889,0.00761138874786764,0.00855491100879721,0.0245179484551599,3.34346848295417e-117,0.00873658340345684,0.0107775230040433,0.00747862574642673,0.141212573040328,0.162711058134593,0.0352509589193856,0.138670885726947,0.034785237748108,0.0794767751954767,0.138670885726947,NA,NA,NA,NA,0,0,2,0.75,2,2,"high",TRUE,"2019-01",2019-01-01
98,0.00246184851610365,0.0111157610502496,10.8328823602432,5.27528764201381,10.6488958168801,4.17723976180332,10.5948527393039,3.13970315965288,11.2429593082204,7.49525924565828,0.009273858694362,0.0707162537830606,8.32957662975175e-16,0.00555364164663064,0.0127257209531451,0.00687071955881934,0.00947566183360172,0.0220107532657975,4.60682982213688e-64,0.00872784947731431,0.00847199596829273,0.00713829196067868,0.147206846799943,0.152156921938519,0.0358748309513012,0.136788475546504,0.0283647859560915,0.0766598909264818,0.136788475546504,NA,NA,NA,NA,0,0,2,0.75,2,2,"high",TRUE,"2019-02",2019-02-01
99,0.00254425356193907,0.0104327157376409,10.5761907091537,5.3648132566317,9.77487867635591,4.22270767647407,9.93243982930703,2.60667944155443,11.8897357266208,7.85605664462892,0.00868617301555732,0.0609719798453396,9.84017428629948e-12,0.00619327002699444,0.012517421444623,0.00778304251634737,0.00923835447235856,0.0178242400904596,1.57393264054779e-42,0.00882577926543837,0.00846189639998998,0.00455119831407076,0.148143863013742,0.136344023432429,0.0247308739678184,0.137301150252529,0.0280267380424576,0.0667448963287418,0.137301150252529,NA,NA,NA,NA,0,0,2,0.75,2,2,"high",TRUE,"2019-03",2019-03-01
100,0.00274211005542577,0.0124347725023131,11.3404460161256,5.44115955441343,12.7358700176599,4.38206871589281,10.4455554117072,2.69856655786801,10.7007071994426,7.89517980743337,0.00993991309209704,0.0913579848247714,7.80698521259305e-06,0.00719320677807489,0.0208080362888212,0.000299485852360482,0.00992445812356797,0.0314299383245378,3.59153878725988e-30,0.00977186297061583,0.013368651008682,0.000680367350017136,0.179901174171365,0.181737635207955,0.0123395545253763,0.137196387078569,0.0432649686781195,0.0943675581483467,0.137196387078569,NA,NA,NA,NA,0,0,2,0.75,2,2,"high",TRUE,"2019-04",2019-04-01
101,0.00223865132412881,0.0119129087654874,11.1311893532333,5.01449839966132,11.8709545053373,3.88540396026924,10.3218946325986,2.59991727065767,11.1467062210479,7.31981207763409,0.00983184468542325,0.0830688425913723,2.86766447209419e-39,0.00771298689933142,0.0216771092701305,0.00753715155642223,0.00851045841295319,0.0272387356582995,3.00556407609679e-170,0.0102250822946907,0.0141045585349102,0.00910338616467726,0.170571496918256,0.169947181027463,0.0447466054990494,0.141171161260252,0.04511311609135,0.0848075239429643,0.141171161260252,NA,NA,NA,NA,0,0,2,0.75,2,2,"high",TRUE,"2019-05",2019-05-01
102,0.00238290723512551,0.0138151018113882,11.9115967699337,5.30799049918813,13.9191564890528,2.87689040496042,12.045147459854,2.65191704693065,9.31825724758207,8.31956290873864,0.013977983451761,0.120258197451878,0.0126244949714942,0.00652580851316664,0.0145524491635453,0.00523021716582421,0.013141637912952,0.0482388492979987,0.000606482742041919,0.00767840264611275,0.00899428517400576,0.0141097516959289,0.196465970260879,0.219396856772971,0.0141519443088261,0.121280481722542,0.0307684344323435,0.064503832559596,0.121280481722542,NA,NA,NA,NA,0,0,2,0.75,2,2,"high",TRUE,"2019-06",2019-06-01
103,0.00219854077197296,0.014533958950904,12.2533435987809,4.95733112455671,14.1861956727792,2.83384799991936,12.481185714828,3.95114546633749,9.66463364721865,7.07694500845455,0.0143118030499189,0.136874536949396,8.01022384204146e-13,0.00643582019282862,0.0114812234669803,0.00108839165006044,0.0111614617646528,0.0508291995388629,8.23429833813643e-35,0.00752539888070747,0.00762763684669325,0.0129760900543207,0.196319054730691,0.210880713475046,2.77189687422073e-10,0.116614711090801,0.0273601809102156,0.16399391349633,0.116614711090801,NA,NA,NA,NA,0,0,2,0.75,2,2,"high",TRUE,"2019-07",2019-07-01
104,0.00300891957672245,0.0144705921193236,12.2186862845094,6.09943058390782,13.8705719403225,2.92732444158523,12.7957472806107,3.16005554371247,9.57940338104947,9.64644913520411,0.0159511138068174,0.14311394888075,0.000306173333923169,0.00617459630005002,0.00926675795422975,0.00486852453896832,0.0104440618573733,0.0548218232016809,1.18987059945148e-06,0.00748961920808622,0.00608273965834689,0.0122994405672602,0.195334273864772,0.218735148045763,0.000116009640155799,0.118091570089875,0.0221163336535822,0.0923015879539453,0.118091570089875,NA,NA,NA,NA,0,0,2,0.75,2,2,"high",TRUE,"2019-08",2019-08-01
105,0.00278458553015961,0.0135824693269053,11.8221026940462,5.8439887423296,12.6157645640548,2.64444908287633,13.1534174241919,3.29725360505806,9.33361831526376,9.19737032925344,0.0155592190695191,0.149614958889825,0.000565824530882233,0.00568197857319419,0.00988761125088715,0.00313877406358036,0.0109956699809756,0.0591163897419705,3.70942628224497e-06,0.00723824046949317,0.00645234307518011,0.0123798053043304,0.191128715077776,0.226188130387934,0.000210030552673436,0.122967865284682,0.0235283698192692,0.0917982978473078,0.122967865284682,NA,NA,NA,NA,0,0,2,0.75,2,2,"high",TRUE,"2019-09",2019-09-01
106,0.00180366391948299,0.014208667729233,12.0679271117714,4.74457862216894,13.0866536577724,1.70595639176174,13.8151489619734,2.40840522462449,8.6478754341792,7.66957469285204,0.0188019806949156,0.175214465659713,1.90981272018072e-10,0.00472687779510739,0.00507114208753546,8.64529140381868e-12,0.0145860652969485,0.0775459831909202,1.50129357597895e-27,0.00528334919625784,0.00318899347903704,0.00884541524666855,0.207068331164833,0.255145534200186,8.13670977928527e-09,0.105334172939681,0.0121337624053764,0.117812314538262,0.105334172939681,NA,NA,NA,NA,0,0,2,0.75,2,2,"high",TRUE,"2019-10",2019-10-01
107,0.00299896609480239,0.0149426171191915,12.4515107433033,6.10018805235755,14.3134653598448,3.05839475273771,12.5879793901961,3.04868769052378,10.0889961659381,9.6430600809314,0.0127697850537889,0.129576355493113,0.000151600934438845,0.00572065777022923,0.00974351397480239,0.00532211927557894,0.00709354733455084,0.0463880936212736,3.43609912495163e-07,0.00663848231419351,0.00650107612162591,0.0106511168925122,0.180847829115751,0.202392878148602,5.62704236720443e-05,0.112125057527851,0.0233199455543425,0.0873437637077282,0.112125057527851,NA,NA,NA,NA,0,0,2,0.75,2,2,"high",TRUE,"2019-11",2019-11-01
108,0.00212938099007182,0.0136931489391708,11.8993240755974,4.90414222822423,13.6884635263852,1.64172956207641,12.0120279922575,4.5766981097929,9.64981296027665,6.96494016060287,0.01161509005378,0.11138307074664,0.0158983899196476,0.00618634522753148,0.0133245059815971,0.000376490395667582,0.00996987410599274,0.0428516306825752,0.060434419116037,0.00640526445989753,0.0082741840376631,0.00922845192997102,0.185090747534315,0.209151800185771,0.10941714371448,0.111407645559668,0.028144404464506,0.0544148041452648,0.111407645559668,NA,NA,NA,NA,0,0,2,0.75,2,2,"high",TRUE,"2019-12",2019-12-01
109,0.00289033049082245,0.0127748400005587,11.5555148840026,5.84025985300357,12.627909579971,2.46129203131217,11.3031052689022,3.50964004824287,10.6473228383197,9.1624436544071,0.0093891571860649,0.0922058482537478,5.40741164322488e-15,0.00695287962639613,0.0160566844599473,7.03441931135358e-05,0.00698441107446717,0.0319828020142785,1.06766428852514e-53,0.00761838623390354,0.0102056604194072,0.00226290094023594,0.168531892808395,0.183885094836469,1.71455814590851e-15,0.117437374026712,0.0336127047012491,0.0877560003530211,0.117437374026712,NA,NA,NA,NA,0,0,2,0.75,2,2,"high",TRUE,"2020-01",2020-01-01
110,0.00220475952763345,0.0137003194472631,11.9166585943326,4.9846261698793,13.3975500680611,1.82392443682067,12.191179075422,4.64538747541872,9.89449650494815,7.04508119274206,0.0107228865398372,0.108160143100654,0.0148837389819981,0.00631215886899505,0.0125160117609908,0.000391123825812635,0.0082162090841532,0.0409702977813468,0.0566825831966933,0.00689046934179782,0.00778031693588976,0.00969049024365979,0.176302032998221,0.205383769199615,0.103113087739492,0.114674245479515,0.0264427377154888,0.0563707698589998,0.114674245479515,NA,NA,NA,NA,0,0,2,0.75,2,2,"high",TRUE,"2020-02",2020-02-01
111,0.00182253429790837,0.0138775813146043,11.9479378323745,4.56820683415832,12.9291670290581,2.74314325223697,13.5023883105239,3.19127671530792,8.87591151293207,6.70048200228854,0.0168898427580626,0.162527244310118,0.000327011410606875,0.00508603190708368,0.00700851362674709,0.00206811369769826,0.0163369079118429,0.0681073250584048,0.0174565291542018,0.00501746505408018,0.00448372658889309,0.0106404368053501,0.205103088043441,0.241133596974707,0.148622997276506,0.106389398232789,0.0167356150910033,0.0579467768249677,0.106389398232789,NA,NA,NA,NA,0,0,2,0.75,2,2,"high",TRUE,"2020-03",2020-03-01
112,0.00171141556375804,0.0114992233672809,10.9051620815594,4.38141989834603,8.31309394365222,3.49363989364034,14.6759209283191,3.7955225194202,8.50161714410739,5.56587909274056,0.0470070214932674,0.248716413762323,1.73135050394521e-23,0.00206874900596266,1.554931158426e-06,3.28731544935522e-05,0.0252269645674794,0.143784149151613,1.97854725834505e-35,0.00185222336654289,9.0598799960174e-07,4.79301694708911e-06,0.196816374072116,0.325581955863562,0.102012525248834,0.0822315188077845,4.18452078099568e-06,0.0441464536835967,0.0822315188077845,NA,NA,NA,NA,0,0,2,0.75,2,2,"high",TRUE,"2020-04",2020-04-01
113,0.00145795995538974,0.0114329123571406,10.9079909478433,4.07564951372575,8.56258314155679,1.41401659584067,14.5096885713904,2.50362413355158,8.55008228380781,6.44710633856648,0.0441279465707811,0.255957133536821,0.0418581873949751,0.00169687392041395,7.55657215749202e-07,1.76214708178626e-05,0.0229317938296334,0.151332304975662,0.000419367919414961,0.00133406340960518,4.3792779025786e-07,1.86921373525399e-07,0.202585734027723,0.331600305778055,0.050741098236773,0.0667886898574017,2.17750595388144e-06,7.74898276297207e-05,0.0667886898574017,NA,NA,NA,NA,0,0,2,0.75,2,2,"high",TRUE,"2020-05",2020-05-01
114,0.00242640480693948,0.0163496395381053,12.9534074039483,5.47820475062047,10.1872934677713,1.07056484557648,18.0969466588658,4.07630948425015,8.49069276005536,8.50116308331926,0.0219736264315399,0.212018216523352,0.00455071764455912,0.00210982414883587,1.78849248717289e-06,1.53613975642208e-05,0.0136518596625223,0.108277264692767,3.51647934352276e-07,0.00177370042270675,1.07389858159477e-06,9.49122098285164e-06,0.17108160387756,0.292944696974652,0.0019120353586616,0.0720692216868177,4.71309582586657e-06,0.0499720528915206,0.0720692216868177,NA,NA,NA,NA,0,0,2,0.75,2,2,"high",TRUE,"2020-06",2020-06-01
115,0.00253674331025329,0.0117289556671667,10.9781454518968,5.53411126090383,9.0658334371995,2.74725398249966,14.419296809074,3.74701547887325,8.45302172656566,8.3840105499046,0.0314436755903082,0.19359199429804,0.0155497744421456,0.00304763886443082,0.00339763199488158,0.00383786197193675,0.0145205135325987,0.0922788789694256,0.00104624309553758,0.00399726826944624,0.00209097224075076,0.00872439929722295,0.195702573177331,0.274312545387336,0.00655250311239124,0.102793943628664,0.00814095599493028,0.0670606805523834,0.102793943628664,NA,NA,NA,NA,0,0,2,0.75,2,2,"high",TRUE,"2020-07",2020-07-01
116,0.00215698772630008,0.0133043880639805,11.7297533279058,4.70184087648725,15.1353282615047,2.15760574805219,9.8342588486374,3.73218601391723,9.32579919980293,6.90922918109625,0.0149817572256826,0.189243085328967,0.000587785132344618,0.00418147112252687,4.6681478906328e-07,1.70431246337268e-06,0.00978516198869925,0.0462461373167434,1.93583381617108e-06,0.00466105328445843,0.000411682003083898,1.17179032533089e-08,0.189337339183365,0.0961384739307624,0.106562556201527,0.103637293766082,0.0118324973863874,0.000173760097011302,0.103637293766082,NA,NA,NA,NA,0,0,2,0.75,2,2,"high",TRUE,"2020-08",2020-08-01
117,0.00172868532891955,0.0120472011133559,11.173200349266,4.48072654704529,12.1220434818732,1.97243889491638,11.5730091005498,4.12500091488322,9.67691791412335,6.27093162346895,0.0260789667717445,0.207789884984912,0.0204100986986524,0.00409879436613947,5.43407792341087e-07,2.62110032462236e-14,0.0201134434811895,0.0558210175106655,0.0153922094748919,0.00464139225832083,0.000198813359532934,0.0072171408294098,0.192813829414484,0.133358823541231,0.107291942348525,0.113638304125877,0.00782002369261774,0.0846785633519191,0.113638304125877,NA,NA,NA,NA,0,0,2,0.75,2,2,"high",TRUE,"2020-09",2020-09-01
118,0.00249322657356432,0.0118836725814511,11.0706409421159,5.53504635751766,11.348357808265,1.51785487733482,12.5018945155821,4.1808748882533,9.08816159542785,8.49273903282871,0.0311899554637496,0.223869625816281,0.00816018100008297,0.00378527207891421,6.58279706798516e-07,0.00216655244240466,0.0199782744849744,0.0662240900349869,0.000321202564929659,0.00428956506210376,0.000149654749577189,0.00866439514927956,0.193972448316319,0.161346875404313,0.00194748584987061,0.108270788651673,0.00683855313813621,0.0909250426906709,0.108270788651673,NA,NA,NA,NA,0,0,2,0.75,2,2,"high",TRUE,"2020-10",2020-10-01
119,0.0022404988414702,0.010686065714022,10.4967217866236,4.8114138331388,12.3231755109047,1.12686863420061,9.94688589492351,3.312381073186,8.92985504463251,7.56355788821718,0.0302116213408961,0.213734456061618,0.000472617248253625,0.00488056513469548,8.24188883173267e-07,2.6767750498796e-06,0.0247743816134208,0.0597729437800041,7.94413656163032e-07,0.00454441321748134,0.000350268090013644,4.26164988978412e-07,0.215500484588086,0.138531727615081,0.132521733925496,0.115403514775556,0.011344899701896,0.000930812352286191,0.115403514775556,NA,NA,NA,NA,0,0,2,0.75,2,2,"high",TRUE,"2020-11",2020-11-01
120,0.00300570737312189,0.0158231595712388,12.8754733448512,5.48137012867306,16.8506042049559,3.85329988185337,9.29801721413938,4.34261646189979,11.2666523588602,7.51199159663226,0.0180341805899503,0.161281479538903,0.000654915171550521,0.00659133899631326,0.00120192515396563,4.03227296026628e-06,0.0162029636226738,0.0344787785962801,2.70201273088223e-06,0.00638447485036808,0.00265841419432878,2.30069970640164e-08,0.196720782223572,0.0499460015693534,0.090748770725308,0.118742332561908,0.0249974089486168,0.000254121398970598,0.118742332561908,NA,NA,NA,NA,0,0,2,0.75,2,2,"high",TRUE,"2020-12",2020-12-01
121,0.00262204428951491,0.00979189753404435,10.0156449434016,5.67604524896138,10.9721610258837,1.6544746412087,10.3755334110999,3.35197448057432,8.53811570278185,9.09282407989658,0.0162599530461759,0.119315236748536,0.000295709431927213,0.00736521109145305,0.00254690271970241,0.00498200585587573,0.0126811469371211,0.037732833547121,1.16315352094305e-06,0.00668905443201673,0.00211406861694282,0.0127219966794744,0.187620031836334,0.155201474664763,0.000100014090986875,0.124199131838892,0.01601736403007,0.0935843415383958,0.124199131838892,NA,NA,NA,NA,0,0,2,0.75,2,2,"high",TRUE,"2021-01",2021-01-01
122,0.00160142052488596,0.00858753439300286,9.50977775010292,4.36124077769088,10.1653070642955,2.32007070996327,8.17932016587037,1.71116200618179,10.0535005088689,6.98215295251769,0.00981544959951022,0.0781793056199111,3.71246940156128e-14,0.00879005254161103,0.00412319434653807,0.0117056204019135,0.00762818619610412,0.0199643450326919,3.11320227652977e-19,0.00813099723805,0.00361504461932342,0.0106591027827643,0.17269103555313,0.0822947268709479,0.0243623755340241,0.131859005628329,0.0212536230552905,0.0894395100046073,0.131859005628329,NA,NA,NA,NA,0,0,2,0.75,2,2,"high",TRUE,"2021-02",2021-02-01
123,0.00158562318416296,0.00872027522966438,9.6570366807555,3.85661770103871,9.08653806044954,2.20433538041184,8.83098988477322,2.09816095129363,10.9189521517134,5.94635404504528,0.00888496140027577,0.0488369647539795,0.0157379392552848,0.0104379813586001,0.0135608264482544,0.0216808337824009,0.00944353719238435,0.0137303642126901,0.0452992981842928,0.00954797163076426,0.00984296729496892,0.00515153036941104,0.169980069720516,0.114036592556982,0.142164510890048,0.144478278826627,0.0331991537455442,0.0490772267724535,0.144478278826627,NA,NA,NA,NA,0,0,2,0.75,2,2,"high",TRUE,"2021-03",2021-03-01
124,0.00186182821757685,0.00873266991517889,9.5788693339062,4.37156708107175,8.70250365446642,0.48720189679824,9.42525548357,4.48865980142456,10.5211787534277,6.07835205724067,0.00953416722509617,0.0579871670125851,0.0119566991376639,0.00890662497201755,0.0167257316242469,0.000620666427475587,0.00773464240075698,0.0171159132224763,0.0437361849465363,0.0097947971503054,0.011894144523227,0.0152819944090179,0.1580520418358,0.129772852379159,0.0717053489172247,0.153995844630635,0.0392011149240281,0.0794752201115296,0.153995844630635,NA,NA,NA,NA,0,0,2,0.75,2,2,"high",TRUE,"2021-04",2021-04-01
125,0.00151624360830251,0.0102907313798082,10.4401839134662,3.59952080131396,10.1275866719073,2.64890341669715,9.68954440104015,1.57267797352114,11.4252806505692,5.42029931626357,0.00700826829100975,0.0343217193344741,0.0132522532706529,0.0125077360114479,0.0179644977710457,0.0260143917523283,0.00700439429975777,0.00885403289548595,0.0354576880997693,0.0117025610863126,0.0136512409599898,0.00774854146167497,0.158390314323754,0.0858938296399434,0.138738229650611,0.164107029487991,0.0432338556806526,0.0665695758571796,0.164107029487991,NA,NA,NA,NA,0,0,2,0.75,2,2,"high",TRUE,"2021-05",2021-05-01
126,0.00148951801688638,0.0102797254964317,10.401556898409,3.50208373233669,10.7819495930925,2.72288604141713,9.45818288271073,1.5041784727192,10.9027288905911,5.20740915739832,0.00661896158212285,0.0318021295471466,0.00863806223871217,0.0146529700980416,0.0162097945677887,0.028702928882628,0.00517342044415722,0.00838107461383377,0.0222562673871862,0.0132448773926801,0.0127221193712528,0.00787275586896539,0.157518708234705,0.0808019576249536,0.142965535661684,0.164695843076841,0.0416638921913815,0.0687823409934773,0.164695843076841,NA,NA,NA,NA,0,0,2,0.75,2,2,"high",TRUE,"2021-06",2021-06-01
127,0.00236346002241075,0.00748716488121353,8.5495778182637,5.27245232234161,9.27034649846971,2.2529196362099,9.53528827284538,2.36893217029049,6.51343196507705,8.52694399884502,0.00642787662849947,0.0679383235745969,0.0231353735706569,0.0134589150501125,0.0104213174543553,0.0136716112226479,0.00543529838747351,0.0278131342028007,5.96510024476363e-05,0.0142537755513464,0.00835818336398866,0.0183278872957458,0.157014079501632,0.18653511125115,0.00426304478532998,0.173126485759305,0.0365903175157885,0.137134979901576,0.173126485759305,NA,NA,NA,NA,0,0,2,0.75,2,2,"high",TRUE,"2021-07",2021-07-01
128,0.00209115722728812,0.00761216828496367,8.62514898790074,4.55380644480071,8.73583968655057,3.32566627438689,10.1453774433285,4.18926366137172,6.6284241486001,5.79667777412557,0.0056495965605206,0.062087546488906,0.00268217299525229,0.0144343353772615,0.0100645424846765,4.21160487596453e-05,0.00605608711314989,0.0245915216811381,1.47868179417476e-05,0.0136387264520549,0.00818605685904693,0.0156470971792092,0.148622449461997,0.176594124478283,0.00936517695437571,0.17268465454488,0.0358461049955571,0.14052189823308,0.17268465454488,NA,NA,NA,NA,0,0,2,0.75,2,2,"high",TRUE,"2021-08",2021-08-01
129,0.00188255061427559,0.00950035671254028,9.51818044203517,4.02634861938021,9.42979765838896,1.6643431528658,11.0846415968149,3.78523859228094,7.74576746187393,5.61572615815359,0.00204516713667286,0.0641808727727458,0.0019993465874321,0.0204682470267435,0.0361845224487607,6.82172833693275e-05,0.00438662767595483,0.0255610276696211,0.0131721848464276,0.0176115071908672,0.0121805825424704,0.0177175538324206,0.140912758669083,0.191725532142866,0.0591178698655919,0.185860000089256,0.0274822995608415,0.128443585173148,0.185860000089256,NA,NA,NA,NA,0,0,2,0.75,2,2,"high",TRUE,"2021-09",2021-09-01
130,0.00207246008548216,0.0239432956462612,12.2450800803723,3.7601178473334,13.7771400604244,1.55928330092102,13.3209709516082,3.59982215986489,9.08669924593352,5.19859352924616,0.00306155036202121,0.0111187829685205,4.97167365998416e-13,0.0265968582193116,0.119078984782959,0.000254239527145699,0.00296146564464638,0.00864388737330946,0.00587261096408712,0.0240337310742295,0.0194376625587334,0.0253673340909173,0.126087221499732,0.264784748665214,0.0696601792594627,0.194223856787362,0.0212744762246738,0.114018120392245,0.194223856787362,NA,NA,NA,NA,0,0,2,0.75,2,2,"high",TRUE,"2021-10",2021-10-01
131,0.00162352199325935,0.0244282283678415,12.1731658135769,4.05990168099673,13.5757414105658,1.68892923093798,12.9839260939752,4.16973720850611,9.57469613690971,5.40455499028026,0.00233371144217976,0.00833619972267236,0.00274184377423316,0.0331101001496676,0.128584703902695,0.032791813607451,0.00262545817183884,0.0053867209495663,0.00818114451571979,0.0289193820970652,0.0239087838149881,0.0297483696736635,0.106585945456263,0.225340794823648,0.0681456842966577,0.21525596991807,0.0246168729800419,0.12641017310395,0.21525596991807,NA,NA,NA,NA,0,0,2,0.75,2,2,"high",TRUE,"2021-11",2021-11-01
132,0.00311011463324535,0.0206934130771434,11.3686471310709,4.76898742334873,11.6434202544469,3.13251506859052,12.7914520594602,3.82109679480912,9.40999106063793,6.61938756698292,0.00164249575545969,0.0106224314473871,5.36577215704333e-09,0.0336385444619878,0.118621447094851,0.0388758221303925,0.00145250388434537,0.00798832409178617,5.95338154427295e-05,0.029586946172568,0.0190042910284574,0.00461458351638539,0.121636226763826,0.2586138647256,0.0249667204334466,0.209261991106699,0.0206903526009962,0.14074835889455,0.209261991106699,NA,NA,NA,NA,0,0,2,0.75,2,2,"high",TRUE,"2021-12",2021-12-01
133,0.00436719064413398,0.142813755652293,12.2316628453375,5.77253200803155,15.4568557223586,2.97479238750065,11.0840396660792,3.84984558701366,9.33115232674967,8.73473963885966,0.0026135047793391,0.0133516052471695,7.61367951485887e-18,0.0465521585180874,0.383027230011447,0.0509570049478705,0.00613047912783029,0.00488171462929175,6.39174437488681e-31,0.037548221133971,0.145732196494205,0.0120701986661938,0.136955519189106,0.164679132692147,0.0222689356428083,0.242963573268195,0.0789181460553145,0.0582175634112459,0.242963573268195,NA,NA,NA,NA,0,0,2,0.75,2,2,"high",TRUE,"2022-01",2022-01-01
134,0.00407277803006732,0.138786964614551,11.9103566904568,5.91784317439496,16.2328250426752,2.4730418208929,9.07868689342357,3.44396564213617,8.92427167374484,9.33197558494982,0.00236679357165602,0.0146310130740554,4.81472470249395e-33,0.0490134415251398,0.380626589575059,0.0484325944269847,0.0110464636924683,0.00566757228663725,7.6960630001972e-63,0.0345379839955164,0.143265039502684,0.01375525139157,0.171903038713683,0.176727591514481,7.26690879296705e-06,0.227172902819979,0.0789154074130548,0.0588855835733047,0.227172902819979,NA,NA,NA,NA,0,0,2,0.75,2,2,"high",TRUE,"2022-02",2022-02-01
135,0.0041688119525736,0.0152635593441907,10.2749953222457,6.23500910302641,9.23007174931211,3.47959970329366,4.78829251427653,0.811654258311556,14.4431512114493,10.1911539491007,0.000287199725846013,0.00134597461518228,8.12668665174501e-22,0.358240859333657,0.418423259543084,0.3544271517179,0.000563206383248064,0.00033608004334635,6.25047878781382e-35,0.20128517298965,0.193356556602841,0.20981521056621,0.164007613594588,0.00729807084063538,1.07692960385949e-09,0.308782596182111,0.0909913974012205,0.183052276155987,0.308782596182111,NA,NA,NA,NA,0,0,2,0.75,2,2,"high",TRUE,"2022-03",2022-03-01
136,0.00537448094590191,0.0259323573845869,10.3988257827856,6.78287846623175,9.3237511415167,7.40623857266228,5.23460505616506,3.90737466113457,14.493905875892,8.2402896991152,0.00320494639703189,0.00395683773338233,5.64725882873401e-09,0.288100908864196,0.40796848166659,0.279642495801932,0.00352127708284109,0.000860506111088593,3.60813502285734e-15,0.183371784179608,0.17722571505101,0.195859187143124,0.188340207014183,0.0503713468643023,0.044965534106985,0.329585819131335,0.0853203488167356,0.231051552731366,0.329585819131335,NA,NA,NA,NA,0,0,2,0.75,2,2,"high",TRUE,"2022-04",2022-04-01
137,0.00767556041485021,0.0394985345933317,11.5204207726006,7.51043214587728,12.9885047639811,5.56996039769342,4.92015908640502,7.30092980572307,14.3265858770961,9.21367126576112,0.00459282242782699,0.00477283261155558,0.0070371673895319,0.244154750058923,0.401701845789551,0.25156964939886,0.00436641836800305,0.00104191426993392,0.0483830439079637,0.163651000550783,0.168463001885998,0.147147296335632,0.201253479836048,0.0666843952454243,0.139128233466752,0.307912629941282,0.0803297709532237,0.123956398555435,0.307912629941282,NA,NA,NA,NA,0,0,2,0.75,2,2,"high",TRUE,"2022-05",2022-05-01
138,0.00512403888294307,0.0522352352986676,10.6806810014301,6.13036239411143,12.4664053284265,3.86479101614966,8.52557236141287,4.12372946076143,10.683360616427,8.98900856520584,0.000731829822623961,0.00389721930140552,0.00473068398281276,0.241995099316545,0.427166956964659,0.245808132645674,0.00174887738385196,0.00109890129659409,0.0209475479303603,0.13956079918597,0.207723605695488,0.129252136159483,0.109458384736748,0.0284092716402468,0.0785971273831708,0.315694186895361,0.112587362807833,0.134869888008635,0.315694186895361,NA,NA,NA,NA,0,0,2,0.75,2,2,"high",TRUE,"2022-06",2022-06-01
139,0.00430655040988533,0.0930683443420527,11.0216067453105,6.52827897690409,14.334888644575,3.17452159325316,10.7013138892115,4.06067590023065,6.66485516249409,10.0642239188185,0.0010540824408955,0.0153063337719466,5.58484256862222e-23,0.140464268955951,0.403702356444971,0.141232146531068,0.000741906585777723,0.00620851156564821,1.05036654064419e-46,0.0784493320125071,0.174056410598875,0.076883234179216,0.13758806078277,0.156501684919985,1.43890456823516e-08,0.252756676171285,0.112483367424337,0.108163738852469,0.252756676171285,NA,NA,NA,NA,0,0,2,0.75,2,2,"high",TRUE,"2022-07",2022-07-01
140,0.00428988877867369,0.045922021699151,9.21121645514967,5.78683255638025,10.9946015685967,4.35174489790712,6.47384440521007,4.64044539895331,9.57849678789952,7.74537771510335,0.00442271948039566,0.0100105549234662,0.0209323564080313,0.225987938285201,0.40805547111577,0.229625997341063,0.00466929741035379,0.00329999422008617,0.0363917140727515,0.123466362424341,0.178083429234545,0.120603047042917,0.193506752230327,0.110204037818513,0.141410057964547,0.279998312648332,0.103001747448775,0.124985213793739,0.279998312648332,NA,NA,NA,NA,0,0,2,0.75,2,2,"high",TRUE,"2022-08",2022-08-01
141,0.00452633425160191,0.0547074495144467,9.5757642124704,6.18528333879709,10.433371257691,5.2316413549977,5.39521107863351,3.93254785093152,11.7099206818263,8.48163817174574,0.00799292305286562,0.0121409485132304,0.036677109739843,0.181395048883666,0.390325785096545,0.182757391262948,0.00726360074042239,0.00424645328301888,0.0704096662942445,0.146390593976283,0.154263639524572,0.146609038348909,0.211042530031778,0.147304835066311,0.129130350543949,0.329947674053757,0.0846020628997086,0.187543580197327,0.329947674053757,NA,NA,NA,NA,0,0,2,0.75,2,2,"high",TRUE,"2022-09",2022-09-01
142,0.0055753718040681,0.0598976075727447,9.25242022629701,7.21883479007573,10.5956059523388,5.06472910165517,5.86304877521704,2.85135350471501,10.4966486887082,11.0703671798735,0.00974403512611679,0.0157087096726714,4.31137497605037e-07,0.168165689265029,0.389566472420417,0.170762028260009,0.00829643865633345,0.0064402577249882,6.7845451327785e-07,0.143628111739672,0.154493796131062,0.146167723878431,0.210138988119572,0.174693324652473,1.83374433787127e-06,0.337210557879836,0.0924294685490076,0.19351609460379,0.337210557879836,NA,NA,NA,NA,0,0,2,0.75,2,2,"high",TRUE,"2022-10",2022-10-01
143,0.00448971603168446,0.0436356397834333,9.4526113998004,6.10617320328896,9.63663413766869,4.77840887739433,5.64388673311566,4.22186916482189,11.9723603298342,8.43793119913036,0.0072583233068285,0.010380370660722,0.0338944564166888,0.218316575037317,0.399990149559388,0.218368325784674,0.00663260766914,0.00340191665675632,0.0654976438749997,0.169745120606588,0.166544647076915,0.171512419895199,0.202340610143734,0.122162873479442,0.121893202701378,0.344795640123623,0.0924912466616653,0.213727921102617,0.344795640123623,NA,NA,NA,NA,0,0,2,0.75,2,2,"high",TRUE,"2022-11",2022-11-01
144,0.00589627755563595,0.0466119307029448,9.80435271997246,7.374802218818,9.37874032431544,6.66037523577656,5.99609436432463,4.88319212607531,12.8242769416473,9.74458617276993,0.00847275694216807,0.00968328252703531,0.0251231282880499,0.207505998497846,0.395335790657143,0.210150903799959,0.00790989373234599,0.00299761578078009,0.00239424447665461,0.162656310296872,0.160169193776561,0.164576156821265,0.200627290194952,0.121255343286186,0.0349412945277996,0.348172602839428,0.0847358418195793,0.184533151741939,0.348172602839428,NA,NA,NA,NA,0,0,2,0.75,2,2,"high",TRUE,"2022-12",2022-12-01
145,0.00527235195903273,0.0741618159740076,9.50748706243015,6.3589116974669,10.6468008005536,4.62344834144348,5.69006870292415,4.63313717592111,11.2002536398139,8.85804940557713,0.0158458428440706,0.0177068891342645,0.0273634418567363,0.125462184585556,0.375112165846322,0.132081950075622,0.00987998196459562,0.0077869476169773,0.0820654102395544,0.1243986906011,0.137967612000295,0.117647280966321,0.207742516094861,0.203640493202579,0.158719293696256,0.344714219142524,0.0790020146520488,0.148725622639472,0.344714219142524,NA,NA,NA,NA,0,0,2,0.75,2,2,"high",TRUE,"2023-01",2023-01-01
146,0.00659052515097246,0.0911398404980494,10.020628835824,7.43378146602636,12.1532651157166,6.77100214538727,6.29419604154487,3.69235608208995,10.6733429633713,10.3103519418168,0.0145168239978335,0.0146963324913602,0.0114895141194003,0.11034776092336,0.3872537270489,0.124561597179364,0.0113466755556219,0.00576744490251535,0.000698967052792868,0.110807170712696,0.151178314118206,0.099998989345202,0.186402510798803,0.170024961263058,0.0456065282060132,0.332871316840193,0.086879415487141,0.113091431981184,0.332871316840193,NA,NA,NA,NA,0,0,2,0.75,2,2,"high",TRUE,"2023-02",2023-02-01
147,0.00465016718599192,0.0478381175989253,9.68558626663315,6.14284421284223,10.4142924759316,5.94331311281232,4.59732349711815,3.17673365650276,12.3222917054328,8.23340741057211,0.00761181259277745,0.00639464688545612,0.0430602166022783,0.231402546357096,0.421574280712045,0.23123352838694,0.00611371532139402,0.00187083817368264,0.0555149476597386,0.21130763612877,0.198575333309147,0.214643690035356,0.172526631097526,0.0614789114249055,0.120905478246914,0.368863051719188,0.112381831644285,0.217464261676565,0.368863051719188,NA,NA,NA,NA,0,0,2,0.75,2,2,"high",TRUE,"2023-03",2023-03-01
148,0.00663118717934317,0.086501721587822,10.0952566345643,7.53453878792806,12.3109327201797,7.24150547579053,6.34788231837558,3.68448324640621,10.6718295143993,10.2123947187437,0.0124009763501521,0.0129131707988678,0.00906176816770863,0.127996145957803,0.397091161873916,0.14071188277856,0.00842748849312198,0.00475403193864935,0.000473947520828125,0.129171395125211,0.163371647547404,0.120824247401302,0.17643614088942,0.145999776957693,0.0418022898703977,0.343237225784359,0.0954548085756418,0.128808249019485,0.343237225784359,NA,NA,NA,NA,0,0,2,0.75,2,2,"high",TRUE,"2023-04",2023-04-01
149,0.00486013810611814,0.0942208912430957,9.9975521049157,6.31874869207495,12.6696295026394,4.21167220322966,6.71589794508685,3.09337278579329,9.70723170262981,9.61626835947568,0.0140972816700909,0.0155241206094472,0.011313285914012,0.117147697972109,0.399056013038873,0.122380452992311,0.00892680806302355,0.00634252029435074,0.0643910948985946,0.12576925769844,0.167341561908235,0.125790003370225,0.17355358619608,0.163087202977296,0.142460387862515,0.349014701725543,0.105772306779692,0.154879321108314,0.349014701725543,NA,NA,NA,NA,0,0,2,0.75,2,2,"high",TRUE,"2023-05",2023-05-01
150,0.0161019132278799,0.096917944322237,10.4973217716472,8.6458145349028,13.5446807512552,7.72621608185373,5.27188636361647,5.50242934728076,10.9238331481303,11.587889508038,0.0162074812469749,0.0141431645120012,0.0726061617100648,0.111681386922472,0.398902042120466,0.149051870908505,0.0150686553836896,0.00549171582810053,0.0915688802785376,0.150296324446407,0.16641740362157,0.0840590779839328,0.196922911866501,0.15334492588343,0.146095715853214,0.362718341990894,0.101544455962734,0.179123912091169,0.362718341990894,NA,NA,NA,NA,0,0,2,0.75,2,2,"high",TRUE,"2023-06",2023-06-01
151,0.00442223480609104,0.0866591731598714,9.54046036159068,5.97499418594708,11.4267739058584,4.0420045277564,6.45909620679203,3.37589967306602,10.0384294602815,8.9088252514736,0.0174389090759714,0.0151823202779482,0.0433735981960765,0.132583710136087,0.402882624890317,0.133017327822887,0.0143560382046876,0.00613258307024862,0.0878078698756059,0.134419137854539,0.17275434322609,0.13770743404398,0.184459398816101,0.156522529557126,0.127682761628891,0.361431591469582,0.110786384779846,0.220839932092215,0.361431591469582,NA,NA,NA,NA,0,0,2,0.75,2,2,"high",TRUE,"2023-07",2023-07-01
152,0.00499117144854869,0.0638436270435723,9.15799392646332,6.28012850529477,10.2542640871945,5.17609147434718,6.37114437430637,3.61193961794945,10.2890789511615,8.85900735830631,0.0117140193059298,0.0114398034586489,0.0414439184002549,0.192205938885173,0.420389441194213,0.1915019479832,0.0108355624956495,0.00409925974758015,0.0595393172990049,0.171827007446959,0.198755065326558,0.176189802859721,0.170247846256517,0.109278724364976,0.121750290747336,0.376167343777502,0.128164719119097,0.165054420559602,0.376167343777502,NA,NA,NA,NA,0,0,2,0.75,2,2,"high",TRUE,"2023-08",2023-08-01
153,0.00271664566211413,0.0127635646369861,7.8308013397787,4.52373567766102,2.95060171223889,2.57362274203404,7.25822566701852,3.30068510389137,11.0714253179799,6.62378270104511,0.0120020721177568,0.00428539161826696,0.0022270692771607,0.177812103648198,0.223816538498691,0.174058668764256,0.0117236229498879,0.00213737172518595,0.0194201024827363,0.156915218006948,0.0991573986286537,0.165680939500573,0.172517343090481,0.139337304848989,0.114355234442781,0.371150416565697,0.1082332848506,0.229763086360337,0.371150416565697,NA,NA,NA,NA,0,0,2,0.75,2,2,"high",TRUE,"2023-09",2023-09-01
154,0.00237416468563698,0.0105030884625424,7.20392091886168,4.26438632671969,5.26910468261864,2.72743031212393,6.10957595775359,3.12993468930823,9.51835318086508,6.10897740736649,0.0149029603102888,0.00932191500935099,0.0124706051132272,0.14095223262844,0.0907995543072207,0.140982868792936,0.0127007782871355,0.00323328240106215,0.0478396830574843,0.13628233143341,0.0877248269083569,0.146630981262463,0.179378859244518,0.0589098558108436,0.179246720628182,0.358730852257517,0.166493251693896,0.233899267851542,0.358730852257517,NA,NA,NA,NA,0,0,2,0.75,2,2,"high",TRUE,"2023-10",2023-10-01
155,0.00271419063338036,0.0105054496793934,7.42009706549773,4.44717985372363,4.36020931100922,1.90407875143292,6.8671673397617,3.11732084700212,9.95008084771792,6.78152053740779,0.0187117476288422,0.0189165123452754,0.00953605140804167,0.111973431373173,0.0667108577681836,0.113754820427437,0.0148614924959396,0.00618052696964384,0.0543783640182574,0.109884582611969,0.0617858657875174,0.119768044557584,0.187307355996553,0.0826134680396815,0.1690009268963,0.344689620273883,0.130882086556394,0.187508257526515,0.344689620273883,NA,NA,NA,NA,0,0,2,0.75,2,2,"high",TRUE,"2023-11",2023-11-01
156,0.00330356188763013,0.00838368041964468,7.36600619618501,5.06723860213489,4.37312479369835,1.52424099864214,7.6873937433734,3.77843501604237,9.19531939737778,7.77372750747677,0.0202603527137349,0.0288095975994353,0.0609586915839213,0.0901570267535262,0.0550370657586404,0.0816726039651632,0.0163955116731291,0.010070896859401,0.0750039206164084,0.0831634462794071,0.0499081289333934,0.0977047749226632,0.19328183437812,0.107761429755024,0.136025458981701,0.320675562234409,0.113859165531524,0.1809622661111,0.320675562234409,NA,NA,NA,NA,0,0,2,0.75,2,2,"high",TRUE,"2023-12",2023-12-01
157,0.00292735536397388,0.00739940982295686,7.32007189510228,4.8488483991502,4.53397692961409,1.65375916858719,7.38747505779883,3.24702825754218,9.25303318488193,7.56676155966744,0.0202942818179354,0.0289660379529666,0.0633584195436412,0.0699487134638465,0.0559531672573608,0.0630068314026683,0.015932112894831,0.0100499831074355,0.0728523019761299,0.084821499617846,0.0505158254694636,0.0984189722988574,0.18416122870471,0.107689149232903,0.12872173516523,0.328695859439189,0.114895574416948,0.194107967378112,0.328695859439189,NA,NA,NA,NA,0,0,2,0.75,2,2,"high",TRUE,"2024-01",2024-01-01
158,0.0030243983219815,0.00891363377573252,7.5005010873748,5.11671279891824,6.1384382882522,3.61254528281386,5.96719686721794,3.34842749258781,9.77162661046334,7.36748257591035,0.0168281568215678,0.0166368217275243,0.0626601920742303,0.0817769182699584,0.0545549850082224,0.0753898435475686,0.0128570972973489,0.00564157914414373,0.0751378993030817,0.0971426588075461,0.0517740174190352,0.109176424726699,0.191633315607052,0.0790004453111446,0.127954985101237,0.317159832087734,0.114658925619877,0.209926924858772,0.317159832087734,NA,NA,NA,NA,0,0,2,0.75,2,2,"high",TRUE,"2024-02",2024-02-01
159,0.00301669788967633,0.00766527051333896,7.03817568582388,4.87112941341616,5.01569214191213,2.06812057121778,6.97136471812776,3.31834656832095,8.6516274340711,7.47630648396403,0.0167706647895456,0.0235014283742766,0.0559276540191942,0.0964016333493626,0.0686572750685769,0.0881664238119942,0.0089381217640364,0.00829545214532003,0.0650107214223296,0.100782388617689,0.0639676749030876,0.114910232594002,0.174723488140306,0.0965426194023276,0.118581194253947,0.3344191118853,0.13516436224814,0.208597025284802,0.3344191118853,NA,NA,NA,NA,0,0,2,0.75,2,2,"high",TRUE,"2024-03",2024-03-01
160,0.00336298140842576,0.0091485995920317,7.39438192754322,5.08231646263713,4.68574411381696,2.11635369331016,7.35903782949385,3.46925667297712,9.37651409613625,7.80865718680192,0.0154437641217989,0.0161608152915962,0.0529741800011185,0.105021288329519,0.0682117907071997,0.0956771754814361,0.0112295978602828,0.00554755163737838,0.0672347000872049,0.105994672614339,0.0647802589739988,0.120952587091459,0.169864079449429,0.078129241727157,0.118651776523901,0.344004191436789,0.134829440070485,0.21557114939831,0.344004191436789,NA,NA,NA,NA,0,0,2,0.75,2,2,"high",TRUE,"2024-04",2024-04-01
161,0.00291741640023556,0.0103805129952622,7.77183601967116,4.93812276256052,5.23411375823141,2.7379527307669,7.22672040584967,2.93236087365103,10.0788328040276,7.55380988674733,0.0129726259534393,0.019500166412828,0.0556711823697198,0.080748536882678,0.050636420205822,0.0731007660128375,0.0106803576121855,0.00639582793881294,0.06789360836342,0.0989232270894903,0.046956535690386,0.112186026785649,0.172704483620707,0.084568759062474,0.117351783654652,0.332803472648153,0.107181441192942,0.21229784038719,0.332803472648153,NA,NA,NA,NA,0,0,2,0.75,2,2,"high",TRUE,"2024-05",2024-05-01
162,0.00304857841230058,0.0103161414094749,7.8641171799247,5.01917925344509,5.13238868806471,2.58587585866988,7.6399833442294,2.98747212700363,10.0410287278388,7.74369017126625,0.01307650059152,0.0186862407118945,0.0551710234576601,0.0800629647196419,0.0455462951859425,0.0718284420022962,0.0111838856618833,0.00625985892184276,0.0673165014304694,0.0897290918463185,0.0428826515802682,0.103354618390187,0.171230937235977,0.0837157864186932,0.117315598441322,0.326301028561225,0.10044300833948,0.20105045301553,0.326301028561225,NA,NA,NA,NA,0,0,2,0.75,2,2,"high",TRUE,"2024-06",2024-06-01
163,0.00293818857834042,0.010424751478776,8.11449675874109,5.01081579421752,5.36584759018542,2.73530267303805,7.98769381922772,2.90592656380287,10.2440031253427,7.70704449600462,0.0143828570019965,0.0272139692142471,0.0573714873872457,0.0632415876132911,0.0352846404835649,0.0561233201596101,0.0126707306735909,0.00905426287886357,0.0699867234091789,0.0791356686148849,0.0317394292604177,0.0920101550868529,0.17705792890712,0.103250238318877,0.12235792425598,0.316891646313157,0.0818176618388287,0.18659199363162,0.316891646313157,NA,NA,NA,NA,0,0,2,0.75,2,2,"high",TRUE,"2024-07",2024-07-01
164,0.00294261183850612,0.0107587830368385,8.43207484754653,5.13963262159976,5.89583740515947,3.0486990187329,8.57454332878569,2.90958561749792,10.2477298314592,7.84137846827097,0.011432212922092,0.0279176415812685,0.0538323074893373,0.0549711980782032,0.0244262544870632,0.0482216051127895,0.0104473829077792,0.00921582988568505,0.0648411813239963,0.0662608382287543,0.0220236828837128,0.0782262874509289,0.169441268713421,0.105027604580396,0.114977532608571,0.297966744881176,0.0636695970006907,0.170853016291925,0.297966744881176,NA,NA,NA,NA,0,0,2,0.75,2,2,"high",TRUE,"2024-08",2024-08-01
165,0.00178939314876126,0.0090036433233235,9.05695187409175,3.99322003881653,8.6701245535723,2.81752378227128,7.96787969398165,2.79844028277516,10.3646980253464,5.66283591103387,0.00784574568542067,0.0188271818772577,0.020433035518847,0.0468249502626765,0.0326933951173695,0.0458573259152105,0.0108333768071924,0.00641507743102642,0.0508898181804538,0.0570607348077677,0.0334866026494458,0.0621610655378082,0.17760490488269,0.0490131444210311,0.0988688842251492,0.2847769191685,0.0980301335884378,0.192137504482366,0.2847769191685,NA,NA,NA,NA,0,0,2,0.75,2,2,"high",TRUE,"2024-09",2024-09-01
166,0.0016344035303086,0.0111139699820159,10.2016146290443,3.80182242173118,11.0276584480566,2.59019033118648,8.96702615199329,1.68660821267226,10.4977147161212,5.81444992792167,0.0127911881582482,0.0170627039280404,0.00838235696305331,0.0463302920696653,0.0364909669664564,0.0489343981788214,0.0100882811570892,0.00579130200937042,0.0132895767837392,0.0598010714277691,0.0364454385445037,0.0649390115191092,0.16833592773405,0.0458550174845908,0.115417741141443,0.294739066327081,0.102991408769327,0.216717581667482,0.294739066327081,NA,NA,NA,NA,0,0,2,0.75,2,2,"high",TRUE,"2024-10",2024-10-01
